track_id,track_name,album_name,album_id,danceability,energy,key,loudness,mode,speechiness,acousticness,instrumentalness,liveness,valence,tempo,type,id,uri,track_href,analysis_url,duration_ms,time_signature
7qiZfU4dY1lWllzX7mPBI3,Shape of You,÷ (Deluxe),3T4tUhGYeRNVUGevb0wThu,0.825,0.652,1.0,-3.183,0.0,0.0802,0.581,0.0,0.0931,0.931,95.977,audio_features,7qiZfU4dY1lWllzX7mPBI3,spotify:track:7qiZfU4dY1lWllzX7mPBI3,https://api.spotify.com/v1/tracks/7qiZfU4dY1lWllzX7mPBI3,https://api.spotify.com/v1/audio-analysis/7qiZfU4dY1lWllzX7mPBI3,233713.0,4.0
0VjIjW4GlUZAMYd2vXMi3b,Blinding Lights,After Hours,4yP0hdKOZPNshxUOjY0cZj,0.514,0.73,1.0,-5.934,1.0,0.0598,0.00146,9.54e-05,0.0897,0.334,171.005,audio_features,0VjIjW4GlUZAMYd2vXMi3b,spotify:track:0VjIjW4GlUZAMYd2vXMi3b,https://api.spotify.com/v1/tracks/0VjIjW4GlUZAMYd2vXMi3b,https://api.spotify.com/v1/audio-analysis/0VjIjW4GlUZAMYd2vXMi3b,200040.0,4.0
2XU0oxnq2qxCpomAAuJY8K,Dance Monkey,Dance Monkey (Stripped Back) / Dance Monkey,0UywfDKYlyiu1b38DRrzYD,0.824,0.588,6.0,-6.4,0.0,0.0924,0.692,0.000104,0.149,0.513,98.027,audio_features,2XU0oxnq2qxCpomAAuJY8K,spotify:track:2XU0oxnq2qxCpomAAuJY8K,https://api.spotify.com/v1/tracks/2XU0oxnq2qxCpomAAuJY8K,https://api.spotify.com/v1/audio-analysis/2XU0oxnq2qxCpomAAuJY8K,209438.0,4.0
7qEHsqek33rTcFNT9PFqLf,Someone You Loved,Divinely Uninspired To A Hellish Extent,5658aM19fA3JVwTK6eQX70,0.501,0.405,1.0,-5.679,1.0,0.0319,0.751,0.0,0.105,0.446,109.891,audio_features,7qEHsqek33rTcFNT9PFqLf,spotify:track:7qEHsqek33rTcFNT9PFqLf,https://api.spotify.com/v1/tracks/7qEHsqek33rTcFNT9PFqLf,https://api.spotify.com/v1/audio-analysis/7qEHsqek33rTcFNT9PFqLf,182161.0,4.0
0e7ipj03S05BNilyu5bRzt,rockstar (feat. 21 Savage),beerbongs & bentleys,6trNtQUgC8cgbWcqoMYkOR,0.585,0.52,5.0,-6.136,0.0,0.0712,0.124,7.01e-05,0.131,0.129,159.801,audio_features,0e7ipj03S05BNilyu5bRzt,spotify:track:0e7ipj03S05BNilyu5bRzt,https://api.spotify.com/v1/tracks/0e7ipj03S05BNilyu5bRzt,https://api.spotify.com/v1/audio-analysis/0e7ipj03S05BNilyu5bRzt,218147.0,4.0
0RiRZpuVRbi7oqRdSMwhQY,Sunflower - Spider-Man: Into the Spider-Verse,Hollywood's Bleeding,4g1ZRSobMefqF6nelkgibi,0.755,0.522,2.0,-4.368,1.0,0.0575,0.533,0.0,0.0685,0.925,89.96,audio_features,0RiRZpuVRbi7oqRdSMwhQY,spotify:track:0RiRZpuVRbi7oqRdSMwhQY,https://api.spotify.com/v1/tracks/0RiRZpuVRbi7oqRdSMwhQY,https://api.spotify.com/v1/audio-analysis/0RiRZpuVRbi7oqRdSMwhQY,157560.0,4.0
1zi7xx7UVEFkmKfv06H8x0,One Dance,Views,40GMAhriYJRO1rsY4YdrZb,0.792,0.625,1.0,-5.609,1.0,0.0536,0.00776,0.0018,0.329,0.37,103.967,audio_features,1zi7xx7UVEFkmKfv06H8x0,spotify:track:1zi7xx7UVEFkmKfv06H8x0,https://api.spotify.com/v1/tracks/1zi7xx7UVEFkmKfv06H8x0,https://api.spotify.com/v1/audio-analysis/1zi7xx7UVEFkmKfv06H8x0,173987.0,4.0
7BKLCZ1jbUBVqRi2FVlTVw,Closer,Closer,0rSLgV8p5FzfnqlEk4GzxE,0.748,0.524,8.0,-5.599,1.0,0.0338,0.414,0.0,0.111,0.661,95.01,audio_features,7BKLCZ1jbUBVqRi2FVlTVw,spotify:track:7BKLCZ1jbUBVqRi2FVlTVw,https://api.spotify.com/v1/tracks/7BKLCZ1jbUBVqRi2FVlTVw,https://api.spotify.com/v1/audio-analysis/7BKLCZ1jbUBVqRi2FVlTVw,244960.0,4.0
0pqnGHJpmpxLKifKRmU6WP,Believer,Evolve,33pt9HBdGlAbRGBHQgsZsU,0.776,0.78,10.0,-4.374,0.0,0.128,0.0622,0.0,0.081,0.666,124.949,audio_features,0pqnGHJpmpxLKifKRmU6WP,spotify:track:0pqnGHJpmpxLKifKRmU6WP,https://api.spotify.com/v1/tracks/0pqnGHJpmpxLKifKRmU6WP,https://api.spotify.com/v1/audio-analysis/0pqnGHJpmpxLKifKRmU6WP,204347.0,4.0
0TK2YIli7K1leLovkQiNik,Señorita,Señorita,2ZaX1FdZCwchXl1QZiD4O4,0.759,0.54,9.0,-6.039,0.0,0.0287,0.037,0.0,0.0945,0.75,116.947,audio_features,0TK2YIli7K1leLovkQiNik,spotify:track:0TK2YIli7K1leLovkQiNik,https://api.spotify.com/v1/tracks/0TK2YIli7K1leLovkQiNik,https://api.spotify.com/v1/audio-analysis/0TK2YIli7K1leLovkQiNik,190960.0,4.0
5HCyWlXZPP0y6Gqq8TgA20,STAY (with Justin Bieber),STAY (with Justin Bieber),4QLAtpLNUsHEYrcHXmMIZZ,0.591,0.764,1.0,-5.484,1.0,0.0483,0.0383,0.0,0.103,0.478,169.928,audio_features,5HCyWlXZPP0y6Gqq8TgA20,spotify:track:5HCyWlXZPP0y6Gqq8TgA20,https://api.spotify.com/v1/tracks/5HCyWlXZPP0y6Gqq8TgA20,https://api.spotify.com/v1/audio-analysis/5HCyWlXZPP0y6Gqq8TgA20,141806.0,4.0
0tgVpDi06FyKpA1z0VMD4v,Perfect,÷ (Deluxe),3T4tUhGYeRNVUGevb0wThu,0.599,0.448,8.0,-6.312,1.0,0.0232,0.163,0.0,0.106,0.168,95.05,audio_features,0tgVpDi06FyKpA1z0VMD4v,spotify:track:0tgVpDi06FyKpA1z0VMD4v,https://api.spotify.com/v1/tracks/0tgVpDi06FyKpA1z0VMD4v,https://api.spotify.com/v1/audio-analysis/0tgVpDi06FyKpA1z0VMD4v,263400.0,3.0
5uCax9HTNlzGybIStD3vDh,Say You Won't Let Go,Back from the Edge,7oiJYvEJHsmYtrgviAVIBD,0.358,0.557,10.0,-7.398,1.0,0.059,0.695,0.0,0.0902,0.494,85.043,audio_features,5uCax9HTNlzGybIStD3vDh,spotify:track:5uCax9HTNlzGybIStD3vDh,https://api.spotify.com/v1/tracks/5uCax9HTNlzGybIStD3vDh,https://api.spotify.com/v1/audio-analysis/5uCax9HTNlzGybIStD3vDh,211467.0,4.0
2Fxmhks0bxGSBdJ92vM42m,bad guy,"WHEN WE ALL FALL ASLEEP, WHERE DO WE GO?",0S0KGZnfBGSIssfF54WSJh,0.701,0.425,7.0,-10.965,1.0,0.375,0.328,0.13,0.1,0.562,135.128,audio_features,2Fxmhks0bxGSBdJ92vM42m,spotify:track:2Fxmhks0bxGSBdJ92vM42m,https://api.spotify.com/v1/tracks/2Fxmhks0bxGSBdJ92vM42m,https://api.spotify.com/v1/audio-analysis/2Fxmhks0bxGSBdJ92vM42m,194088.0,4.0
3USxtqRwSYz57Ewm6wWRMp,Heat Waves,Heat Waves,69K1zrf6TkXHdYUO8n2qVi,0.761,0.525,11.0,-6.9,1.0,0.0944,0.44,6.7e-06,0.0921,0.531,80.87,audio_features,3USxtqRwSYz57Ewm6wWRMp,spotify:track:3USxtqRwSYz57Ewm6wWRMp,https://api.spotify.com/v1/tracks/3USxtqRwSYz57Ewm6wWRMp,https://api.spotify.com/v1/audio-analysis/3USxtqRwSYz57Ewm6wWRMp,238805.0,4.0
34gCuhDGsG4bRPIf9bb02f,Thinking out Loud,x (Deluxe Edition),1xn54DMo2qIqBuMqHtUsFd,0.781,0.445,2.0,-6.061,1.0,0.0295,0.474,0.0,0.184,0.591,78.998,audio_features,34gCuhDGsG4bRPIf9bb02f,spotify:track:34gCuhDGsG4bRPIf9bb02f,https://api.spotify.com/v1/tracks/34gCuhDGsG4bRPIf9bb02f,https://api.spotify.com/v1/audio-analysis/34gCuhDGsG4bRPIf9bb02f,281560.0,4.0
285pBltuF7vW8TeWk8hdRR,Lucid Dreams,Goodbye & Good Riddance,6tkjU4Umpo79wwkgPMV3nZ,0.511,0.566,6.0,-7.23,0.0,0.2,0.349,0.0,0.34,0.218,83.903,audio_features,285pBltuF7vW8TeWk8hdRR,spotify:track:285pBltuF7vW8TeWk8hdRR,https://api.spotify.com/v1/tracks/285pBltuF7vW8TeWk8hdRR,https://api.spotify.com/v1/audio-analysis/285pBltuF7vW8TeWk8hdRR,239836.0,4.0
3PfIrDoz19wz7qK7tYeu62,Don't Start Now,Future Nostalgia,7fJJK56U9fHixgO0HQkhtI,0.793,0.793,11.0,-4.521,0.0,0.083,0.0123,0.0,0.0951,0.679,123.95,audio_features,3PfIrDoz19wz7qK7tYeu62,spotify:track:3PfIrDoz19wz7qK7tYeu62,https://api.spotify.com/v1/tracks/3PfIrDoz19wz7qK7tYeu62,https://api.spotify.com/v1/audio-analysis/3PfIrDoz19wz7qK7tYeu62,183290.0,4.0
6DCZcSspjsKoFjzjrWoCdn,God's Plan,Scorpion,1ATL5GLyefJaxhQzSPVrLX,0.754,0.449,7.0,-9.211,1.0,0.109,0.0332,8.29e-05,0.552,0.357,77.169,audio_features,6DCZcSspjsKoFjzjrWoCdn,spotify:track:6DCZcSspjsKoFjzjrWoCdn,https://api.spotify.com/v1/tracks/6DCZcSspjsKoFjzjrWoCdn,https://api.spotify.com/v1/audio-analysis/6DCZcSspjsKoFjzjrWoCdn,198973.0,4.0
7MXVkk9YMctZqd1Srtv4MB,Starboy,Starboy,2ODvWsOgouMbaA5xf0RkJe,0.679,0.587,7.0,-7.015,1.0,0.276,0.141,6.35e-06,0.137,0.486,186.003,audio_features,7MXVkk9YMctZqd1Srtv4MB,spotify:track:7MXVkk9YMctZqd1Srtv4MB,https://api.spotify.com/v1/tracks/7MXVkk9YMctZqd1Srtv4MB,https://api.spotify.com/v1/audio-analysis/7MXVkk9YMctZqd1Srtv4MB,230453.0,4.0
0u2P5u6lvoDfwTYjAADbn4,lovely (with Khalid),lovely (with Khalid),2sBB17RXTamvj7Ncps15AK,0.351,0.296,4.0,-10.109,0.0,0.0333,0.934,0.0,0.095,0.12,115.284,audio_features,0u2P5u6lvoDfwTYjAADbn4,spotify:track:0u2P5u6lvoDfwTYjAADbn4,https://api.spotify.com/v1/tracks/0u2P5u6lvoDfwTYjAADbn4,https://api.spotify.com/v1/audio-analysis/0u2P5u6lvoDfwTYjAADbn4,200186.0,4.0
6UelLqGlWMcVH1E5c4H7lY,Watermelon Sugar,Fine Line,7xV2TzoaVc0ycW7fwBwAml,0.548,0.816,0.0,-4.209,1.0,0.0465,0.122,0.0,0.335,0.557,95.39,audio_features,6UelLqGlWMcVH1E5c4H7lY,spotify:track:6UelLqGlWMcVH1E5c4H7lY,https://api.spotify.com/v1/tracks/6UelLqGlWMcVH1E5c4H7lY,https://api.spotify.com/v1/audio-analysis/6UelLqGlWMcVH1E5c4H7lY,174000.0,4.0
1HNkqx9Ahdgi1Ixy2xkKkL,Photograph,x (Deluxe Edition),1xn54DMo2qIqBuMqHtUsFd,0.614,0.379,4.0,-10.48,1.0,0.0476,0.607,0.000464,0.0986,0.201,107.989,audio_features,1HNkqx9Ahdgi1Ixy2xkKkL,spotify:track:1HNkqx9Ahdgi1Ixy2xkKkL,https://api.spotify.com/v1/tracks/1HNkqx9Ahdgi1Ixy2xkKkL,https://api.spotify.com/v1/audio-analysis/1HNkqx9Ahdgi1Ixy2xkKkL,258987.0,4.0
7tFiyTwD0nx5a1eklYtX2J,Bohemian Rhapsody - Remastered 2011,A Night At The Opera (2011 Remaster),1GbtB4zTqAsyfZEsm1RZfx,0.392,0.402,0.0,-9.961,0.0,0.0536,0.288,0.0,0.243,0.228,143.883,audio_features,7tFiyTwD0nx5a1eklYtX2J,spotify:track:7tFiyTwD0nx5a1eklYtX2J,https://api.spotify.com/v1/tracks/7tFiyTwD0nx5a1eklYtX2J,https://api.spotify.com/v1/audio-analysis/7tFiyTwD0nx5a1eklYtX2J,354320.0,4.0
6RUKPb4LETWmmr3iAEQktW,Something Just Like This,Memories...Do Not Open,4JPguzRps3kuWDD5GS6oXr,0.617,0.635,11.0,-6.769,0.0,0.0317,0.0498,1.44e-05,0.164,0.446,103.019,audio_features,6RUKPb4LETWmmr3iAEQktW,spotify:track:6RUKPb4LETWmmr3iAEQktW,https://api.spotify.com/v1/tracks/6RUKPb4LETWmmr3iAEQktW,https://api.spotify.com/v1/audio-analysis/6RUKPb4LETWmmr3iAEQktW,247160.0,4.0
2VxeLyX666F8uXCJ0dZF8B,Shallow,A Star Is Born Soundtrack,4sLtOBOzn4s3GDUv3c5oJD,0.572,0.385,7.0,-6.362,1.0,0.0308,0.371,0.0,0.231,0.323,95.799,audio_features,2VxeLyX666F8uXCJ0dZF8B,spotify:track:2VxeLyX666F8uXCJ0dZF8B,https://api.spotify.com/v1/tracks/2VxeLyX666F8uXCJ0dZF8B,https://api.spotify.com/v1/audio-analysis/2VxeLyX666F8uXCJ0dZF8B,215733.0,4.0
3ee8Jmje8o58CHK66QrVC2,SAD!,?,2Ti79nwTsont5ZHfdxIzAm,0.74,0.613,8.0,-4.88,1.0,0.145,0.258,0.00372,0.123,0.473,75.023,audio_features,3ee8Jmje8o58CHK66QrVC2,spotify:track:3ee8Jmje8o58CHK66QrVC2,https://api.spotify.com/v1/tracks/3ee8Jmje8o58CHK66QrVC2,https://api.spotify.com/v1/audio-analysis/3ee8Jmje8o58CHK66QrVC2,166606.0,4.0
50kpGaPAhYJ3sGmk6vplg0,Love Yourself,Purpose (Deluxe),6Fr2rQkZ383FcMqFyT7yPr,0.609,0.378,4.0,-9.828,1.0,0.438,0.835,0.0,0.28,0.515,100.418,audio_features,50kpGaPAhYJ3sGmk6vplg0,spotify:track:50kpGaPAhYJ3sGmk6vplg0,https://api.spotify.com/v1/tracks/50kpGaPAhYJ3sGmk6vplg0,https://api.spotify.com/v1/audio-analysis/50kpGaPAhYJ3sGmk6vplg0,233720.0,4.0
21jGcNKet2qwijlDFuPiPb,Circles,Hollywood's Bleeding,4g1ZRSobMefqF6nelkgibi,0.695,0.762,0.0,-3.497,1.0,0.0395,0.192,0.00244,0.0863,0.553,120.042,audio_features,21jGcNKet2qwijlDFuPiPb,spotify:track:21jGcNKet2qwijlDFuPiPb,https://api.spotify.com/v1/tracks/21jGcNKet2qwijlDFuPiPb,https://api.spotify.com/v1/audio-analysis/21jGcNKet2qwijlDFuPiPb,215280.0,4.0
3U4isOIWM3VvDubwSI3y7a,All of Me,Love In The Future (Expanded Edition),4OTAx9un4e6NfoHuVRiOrC,0.422,0.264,8.0,-7.064,1.0,0.0322,0.922,0.0,0.132,0.331,119.93,audio_features,3U4isOIWM3VvDubwSI3y7a,spotify:track:3U4isOIWM3VvDubwSI3y7a,https://api.spotify.com/v1/tracks/3U4isOIWM3VvDubwSI3y7a,https://api.spotify.com/v1/audio-analysis/3U4isOIWM3VvDubwSI3y7a,269560.0,4.0
1CS7Sd1u5tWkstBhpssyjP,Take Me to Church,Hozier,0Uv83rRhY5QvHKkQoULRKk,0.566,0.664,4.0,-5.303,0.0,0.0464,0.634,0.0,0.116,0.437,128.945,audio_features,1CS7Sd1u5tWkstBhpssyjP,spotify:track:1CS7Sd1u5tWkstBhpssyjP,https://api.spotify.com/v1/tracks/1CS7Sd1u5tWkstBhpssyjP,https://api.spotify.com/v1/audio-analysis/1CS7Sd1u5tWkstBhpssyjP,241693.0,4.0
1zB4vmk8tFRmM9UULNzbLB,Thunder,Evolve,33pt9HBdGlAbRGBHQgsZsU,0.605,0.822,0.0,-4.833,1.0,0.0438,0.00671,0.134,0.147,0.288,167.997,audio_features,1zB4vmk8tFRmM9UULNzbLB,spotify:track:1zB4vmk8tFRmM9UULNzbLB,https://api.spotify.com/v1/tracks/1zB4vmk8tFRmM9UULNzbLB,https://api.spotify.com/v1/audio-analysis/1zB4vmk8tFRmM9UULNzbLB,187147.0,4.0
6ocbgoVGwYJhOv1GgI9NsF,7 rings,"thank u, next",2fYhqwDWXjbpjaIJPEfKFw,0.778,0.317,1.0,-10.732,0.0,0.334,0.592,0.0,0.0881,0.327,140.048,audio_features,6ocbgoVGwYJhOv1GgI9NsF,spotify:track:6ocbgoVGwYJhOv1GgI9NsF,https://api.spotify.com/v1/tracks/6ocbgoVGwYJhOv1GgI9NsF,https://api.spotify.com/v1/audio-analysis/6ocbgoVGwYJhOv1GgI9NsF,178627.0,4.0
2QjOHCTQ1Jl3zawyYOpxh6,Sweater Weather,I Love You.,4xkM0BwLM9H2IUcbYzpcBI,0.612,0.807,10.0,-2.81,1.0,0.0336,0.0495,0.0177,0.101,0.398,124.053,audio_features,2QjOHCTQ1Jl3zawyYOpxh6,spotify:track:2QjOHCTQ1Jl3zawyYOpxh6,https://api.spotify.com/v1/tracks/2QjOHCTQ1Jl3zawyYOpxh6,https://api.spotify.com/v1/audio-analysis/2QjOHCTQ1Jl3zawyYOpxh6,240400.0,4.0
6gBFPUFcJLzWGx4lenP6h2,goosebumps,Birds In The Trap Sing McKnight,42WVQWuf1teDysXiOupIZt,0.841,0.728,7.0,-3.37,1.0,0.0484,0.0847,0.0,0.149,0.43,130.049,audio_features,6gBFPUFcJLzWGx4lenP6h2,spotify:track:6gBFPUFcJLzWGx4lenP6h2,https://api.spotify.com/v1/tracks/6gBFPUFcJLzWGx4lenP6h2,https://api.spotify.com/v1/audio-analysis/6gBFPUFcJLzWGx4lenP6h2,243837.0,4.0
7m9OqQk4RVRkw9JJdeAw96,Jocelyn Flores,17,5VdyJkLe3yvOs0l4xXbWp0,0.872,0.391,0.0,-9.144,0.0,0.242,0.469,4.13e-06,0.297,0.437,134.021,audio_features,7m9OqQk4RVRkw9JJdeAw96,spotify:track:7m9OqQk4RVRkw9JJdeAw96,https://api.spotify.com/v1/tracks/7m9OqQk4RVRkw9JJdeAw96,https://api.spotify.com/v1/audio-analysis/7m9OqQk4RVRkw9JJdeAw96,119133.0,4.0
1rfofaqEpACxVEHIZBJe6W,Havana (feat. Young Thug),Camila,2vD3zSQr8hNlg0obNel4TE,0.765,0.523,2.0,-4.333,1.0,0.03,0.184,3.56e-05,0.132,0.394,104.988,audio_features,1rfofaqEpACxVEHIZBJe6W,spotify:track:1rfofaqEpACxVEHIZBJe6W,https://api.spotify.com/v1/tracks/1rfofaqEpACxVEHIZBJe6W,https://api.spotify.com/v1/audio-analysis/1rfofaqEpACxVEHIZBJe6W,217307.0,4.0
7GX5flRQZVHRAGd6B4TmDO,XO Tour Llif3,Luv Is Rage 2,733e1ZfktLSwj96X5rsMeE,0.732,0.75,11.0,-6.366,0.0,0.231,0.00264,0.0,0.109,0.401,155.096,audio_features,7GX5flRQZVHRAGd6B4TmDO,spotify:track:7GX5flRQZVHRAGd6B4TmDO,https://api.spotify.com/v1/tracks/7GX5flRQZVHRAGd6B4TmDO,https://api.spotify.com/v1/audio-analysis/7GX5flRQZVHRAGd6B4TmDO,182707.0,4.0
3CRDbSIZ4r5MsZ0YwxuEkn,Stressed Out,Blurryface,3cQO7jp5S9qLBoIVtbkSM1,0.734,0.637,4.0,-5.677,0.0,0.141,0.0462,2.29e-05,0.0602,0.648,169.977,audio_features,3CRDbSIZ4r5MsZ0YwxuEkn,spotify:track:3CRDbSIZ4r5MsZ0YwxuEkn,https://api.spotify.com/v1/tracks/3CRDbSIZ4r5MsZ0YwxuEkn,https://api.spotify.com/v1/audio-analysis/3CRDbSIZ4r5MsZ0YwxuEkn,202333.0,4.0
2ekn2ttSfGqwhhate0LSR0,New Rules,Dua Lipa (Deluxe),01sfgrNbnnPUEyz6GZYlt9,0.762,0.7,9.0,-6.021,0.0,0.0694,0.00261,1.56e-05,0.153,0.608,116.073,audio_features,2ekn2ttSfGqwhhate0LSR0,spotify:track:2ekn2ttSfGqwhhate0LSR0,https://api.spotify.com/v1/tracks/2ekn2ttSfGqwhhate0LSR0,https://api.spotify.com/v1/audio-analysis/2ekn2ttSfGqwhhate0LSR0,209320.0,4.0
7BqHUALzNBTanL6OvsqmC1,Happier,Happier,78EicdHZr5XBWD7llEZ1Jh,0.687,0.792,5.0,-2.749,1.0,0.0452,0.191,0.0,0.167,0.671,100.011,audio_features,7BqHUALzNBTanL6OvsqmC1,spotify:track:7BqHUALzNBTanL6OvsqmC1,https://api.spotify.com/v1/tracks/7BqHUALzNBTanL6OvsqmC1,https://api.spotify.com/v1/audio-analysis/7BqHUALzNBTanL6OvsqmC1,214290.0,4.0
7KXjTSCq5nL1LoYtL7XAwS,HUMBLE.,DAMN.,4eLPsYPBmXABThSJ821sqY,0.908,0.621,1.0,-6.638,0.0,0.102,0.000282,5.39e-05,0.0958,0.421,150.011,audio_features,7KXjTSCq5nL1LoYtL7XAwS,spotify:track:7KXjTSCq5nL1LoYtL7XAwS,https://api.spotify.com/v1/tracks/7KXjTSCq5nL1LoYtL7XAwS,https://api.spotify.com/v1/audio-analysis/7KXjTSCq5nL1LoYtL7XAwS,177000.0,4.0
2xLMifQCjDGFmkHkpNLD9h,SICKO MODE,ASTROWORLD,41GuZcammIkupMPKH2OJ6I,0.834,0.73,8.0,-3.714,1.0,0.222,0.00513,0.0,0.124,0.446,155.008,audio_features,2xLMifQCjDGFmkHkpNLD9h,spotify:track:2xLMifQCjDGFmkHkpNLD9h,https://api.spotify.com/v1/tracks/2xLMifQCjDGFmkHkpNLD9h,https://api.spotify.com/v1/audio-analysis/2xLMifQCjDGFmkHkpNLD9h,312820.0,4.0
2tpWsVSb9UEmDRxAl1zhX1,Counting Stars,Native,20lOt6G8MHv8ZO7ViOmiP7,0.664,0.705,1.0,-4.972,0.0,0.0382,0.0654,0.0,0.118,0.477,122.016,audio_features,2tpWsVSb9UEmDRxAl1zhX1,spotify:track:2tpWsVSb9UEmDRxAl1zhX1,https://api.spotify.com/v1/tracks/2tpWsVSb9UEmDRxAl1zhX1,https://api.spotify.com/v1/audio-analysis/2tpWsVSb9UEmDRxAl1zhX1,257267.0,4.0
1KxwZYyzWNyZSRyErj2ojT,Let Her Go,All The Little Lights,2mylGx7w2Q3yhUyN8iEWOF,0.479,0.545,7.0,-7.346,1.0,0.0688,0.365,0.0,0.0963,0.243,74.897,audio_features,1KxwZYyzWNyZSRyErj2ojT,spotify:track:1KxwZYyzWNyZSRyErj2ojT,https://api.spotify.com/v1/tracks/1KxwZYyzWNyZSRyErj2ojT,https://api.spotify.com/v1/audio-analysis/1KxwZYyzWNyZSRyErj2ojT,252733.0,4.0
0nrRP2bk19rLc0orkWPQk2,Wake Me Up,True,1s9tU91VJt4sU5owi29GD3,0.532,0.783,2.0,-5.697,1.0,0.0523,0.0038,0.0012,0.161,0.643,124.08,audio_features,0nrRP2bk19rLc0orkWPQk2,spotify:track:0nrRP2bk19rLc0orkWPQk2,https://api.spotify.com/v1/tracks/0nrRP2bk19rLc0orkWPQk2,https://api.spotify.com/v1/audio-analysis/0nrRP2bk19rLc0orkWPQk2,247427.0,4.0
3JvrhDOgAt6p7K8mDyZwRd,Riptide,Dream Your Life Away,6rIbiUMmZJfqJRnXhVxFvg,0.484,0.731,1.0,-6.694,1.0,0.0379,0.431,0.0,0.151,0.51,101.654,audio_features,3JvrhDOgAt6p7K8mDyZwRd,spotify:track:3JvrhDOgAt6p7K8mDyZwRd,https://api.spotify.com/v1/tracks/3JvrhDOgAt6p7K8mDyZwRd,https://api.spotify.com/v1/audio-analysis/3JvrhDOgAt6p7K8mDyZwRd,204280.0,4.0
09CtPGIpYB4BrO8qb1RGsF,Sorry,Purpose (Deluxe),6Fr2rQkZ383FcMqFyT7yPr,0.654,0.76,0.0,-3.669,0.0,0.045,0.0797,0.0,0.299,0.41,99.945,audio_features,09CtPGIpYB4BrO8qb1RGsF,spotify:track:09CtPGIpYB4BrO8qb1RGsF,https://api.spotify.com/v1/tracks/09CtPGIpYB4BrO8qb1RGsF,https://api.spotify.com/v1/audio-analysis/09CtPGIpYB4BrO8qb1RGsF,200787.0,4.0
7fBv7CLKzipRk6EC6TWHOB,The Hills,Beauty Behind The Madness,0P3oVJBFOv3TDXlYRhGL7s,0.585,0.564,0.0,-7.063,0.0,0.0515,0.0671,0.0,0.135,0.137,113.003,audio_features,7fBv7CLKzipRk6EC6TWHOB,spotify:track:7fBv7CLKzipRk6EC6TWHOB,https://api.spotify.com/v1/tracks/7fBv7CLKzipRk6EC6TWHOB,https://api.spotify.com/v1/audio-analysis/7fBv7CLKzipRk6EC6TWHOB,242253.0,4.0
01aTsQoKoeXofSTvKuunzv,Lean On,Peace Is The Mission : Extended,2U0b5MfkMUgzdvRUI69mya,0.723,0.809,7.0,-3.081,0.0,0.0625,0.00346,0.00123,0.565,0.274,98.007,audio_features,01aTsQoKoeXofSTvKuunzv,spotify:track:01aTsQoKoeXofSTvKuunzv,https://api.spotify.com/v1/tracks/01aTsQoKoeXofSTvKuunzv,https://api.spotify.com/v1/audio-analysis/01aTsQoKoeXofSTvKuunzv,176561.0,4.0
0lYBSQXN6rCTvUZvg9S0lU,Let Me Love You,Encore,02sEJTj1sye1JaqxqpcSCp,0.649,0.716,8.0,-5.371,1.0,0.0349,0.0863,2.63e-05,0.135,0.163,99.988,audio_features,0lYBSQXN6rCTvUZvg9S0lU,spotify:track:0lYBSQXN6rCTvUZvg9S0lU,https://api.spotify.com/v1/tracks/0lYBSQXN6rCTvUZvg9S0lU,https://api.spotify.com/v1/audio-analysis/0lYBSQXN6rCTvUZvg9S0lU,205947.0,4.0
0zLCBJZSiELJf02ucPP9wb,Roses - Imanbek Remix,Roses (Imanbek Remix),3GqSdhWjmMypMwPLtzoFYs,0.769,0.719,8.0,-5.472,1.0,0.0474,0.0143,0.00777,0.359,0.863,121.955,audio_features,0zLCBJZSiELJf02ucPP9wb,spotify:track:0zLCBJZSiELJf02ucPP9wb,https://api.spotify.com/v1/tracks/0zLCBJZSiELJf02ucPP9wb,https://api.spotify.com/v1/audio-analysis/0zLCBJZSiELJf02ucPP9wb,176867.0,4.0
3bidbhpOYeV4knp8AIu8Xn,Can't Hold Us (feat. Ray Dalton),The Heist,76FXHQhTuT4QMIxfL09gX8,0.641,0.922,2.0,-4.457,1.0,0.0786,0.0291,0.0,0.0862,0.847,146.078,audio_features,3bidbhpOYeV4knp8AIu8Xn,spotify:track:3bidbhpOYeV4knp8AIu8Xn,https://api.spotify.com/v1/tracks/3bidbhpOYeV4knp8AIu8Xn,https://api.spotify.com/v1/audio-analysis/3bidbhpOYeV4knp8AIu8Xn,258343.0,4.0
4ZtFanR9U6ndgddUvNcjcG,good 4 u,SOUR,6s84u2TUpR3wdUv4NgKA2j,0.563,0.664,9.0,-5.044,1.0,0.154,0.335,0.0,0.0849,0.688,166.928,audio_features,4ZtFanR9U6ndgddUvNcjcG,spotify:track:4ZtFanR9U6ndgddUvNcjcG,https://api.spotify.com/v1/tracks/4ZtFanR9U6ndgddUvNcjcG,https://api.spotify.com/v1/audio-analysis/4ZtFanR9U6ndgddUvNcjcG,178147.0,4.0
7dt6x5M1jzdTEt8oCbisTK,Better Now,beerbongs & bentleys,6trNtQUgC8cgbWcqoMYkOR,0.68,0.578,10.0,-5.804,1.0,0.04,0.331,0.0,0.135,0.341,145.038,audio_features,7dt6x5M1jzdTEt8oCbisTK,spotify:track:7dt6x5M1jzdTEt8oCbisTK,https://api.spotify.com/v1/tracks/7dt6x5M1jzdTEt8oCbisTK,https://api.spotify.com/v1/audio-analysis/7dt6x5M1jzdTEt8oCbisTK,231267.0,4.0
3a1lNhkSLSkpJE4MSHpDu9,Congratulations,Stoney (Deluxe),5s0rmjP8XOPhP6HhqOhuyC,0.63,0.804,6.0,-4.183,1.0,0.0363,0.215,0.0,0.253,0.492,123.146,audio_features,3a1lNhkSLSkpJE4MSHpDu9,spotify:track:3a1lNhkSLSkpJE4MSHpDu9,https://api.spotify.com/v1/tracks/3a1lNhkSLSkpJE4MSHpDu9,https://api.spotify.com/v1/audio-analysis/3a1lNhkSLSkpJE4MSHpDu9,220293.0,4.0
698ItKASDavgwZ3WjaWjtz,Faded,Different World,3nzuGtN3nXARvvecier4K0,0.468,0.627,6.0,-5.085,1.0,0.0476,0.0281,7.97e-06,0.11,0.159,179.642,audio_features,698ItKASDavgwZ3WjaWjtz,spotify:track:698ItKASDavgwZ3WjaWjtz,https://api.spotify.com/v1/tracks/698ItKASDavgwZ3WjaWjtz,https://api.spotify.com/v1/audio-analysis/698ItKASDavgwZ3WjaWjtz,212107.0,4.0
7ef4DlsgrMEH11cDZd32M6,One Kiss (with Dua Lipa),One Kiss (with Dua Lipa),7GEzhoTiqcPYkOprWQu581,0.791,0.862,9.0,-3.24,0.0,0.11,0.037,2.19e-05,0.0814,0.592,123.994,audio_features,7ef4DlsgrMEH11cDZd32M6,spotify:track:7ef4DlsgrMEH11cDZd32M6,https://api.spotify.com/v1/tracks/7ef4DlsgrMEH11cDZd32M6,https://api.spotify.com/v1/audio-analysis/7ef4DlsgrMEH11cDZd32M6,214847.0,4.0
3QGsuHI8jO1Rx4JWLUh9jd,Treat You Better,Illuminate,1ne2D0NxoGyZd31gAM4HNd,0.444,0.819,10.0,-4.078,0.0,0.341,0.106,0.0,0.107,0.747,82.695,audio_features,3QGsuHI8jO1Rx4JWLUh9jd,spotify:track:3QGsuHI8jO1Rx4JWLUh9jd,https://api.spotify.com/v1/tracks/3QGsuHI8jO1Rx4JWLUh9jd,https://api.spotify.com/v1/audio-analysis/3QGsuHI8jO1Rx4JWLUh9jd,187973.0,4.0
5wANPM4fQCJwkGd4rN57mH,drivers license,SOUR,6s84u2TUpR3wdUv4NgKA2j,0.561,0.431,10.0,-8.81,1.0,0.0578,0.768,1.42e-05,0.106,0.137,143.875,audio_features,5wANPM4fQCJwkGd4rN57mH,spotify:track:5wANPM4fQCJwkGd4rN57mH,https://api.spotify.com/v1/tracks/5wANPM4fQCJwkGd4rN57mH,https://api.spotify.com/v1/audio-analysis/5wANPM4fQCJwkGd4rN57mH,242013.0,4.0
5Nm9ERjJZ5oyfXZTECKmRt,Stay With Me,In The Lonely Hour,08jWgM4vSkTose4blKBWov,0.418,0.42,0.0,-6.444,1.0,0.0414,0.588,6.39e-05,0.11,0.184,84.094,audio_features,5Nm9ERjJZ5oyfXZTECKmRt,spotify:track:5Nm9ERjJZ5oyfXZTECKmRt,https://api.spotify.com/v1/tracks/5Nm9ERjJZ5oyfXZTECKmRt,https://api.spotify.com/v1/audio-analysis/5Nm9ERjJZ5oyfXZTECKmRt,172724.0,4.0
1i1fxkWeaMmKEB4T7zqbzK,Don't Let Me Down,Don't Let Me Down,2SByipSK8eZ2pasaIwwzhf,0.532,0.869,11.0,-5.094,1.0,0.172,0.157,0.00508,0.136,0.422,159.803,audio_features,1i1fxkWeaMmKEB4T7zqbzK,spotify:track:1i1fxkWeaMmKEB4T7zqbzK,https://api.spotify.com/v1/tracks/1i1fxkWeaMmKEB4T7zqbzK,https://api.spotify.com/v1/audio-analysis/1i1fxkWeaMmKEB4T7zqbzK,208373.0,4.0
5p7ujcrUXASCNwRaWNHR1C,Without Me,Without Me,0zzrCTzvL4ZmR42xF46Afm,0.752,0.488,6.0,-7.05,1.0,0.0705,0.297,9.11e-06,0.0936,0.533,136.041,audio_features,5p7ujcrUXASCNwRaWNHR1C,spotify:track:5p7ujcrUXASCNwRaWNHR1C,https://api.spotify.com/v1/tracks/5p7ujcrUXASCNwRaWNHR1C,https://api.spotify.com/v1/audio-analysis/5p7ujcrUXASCNwRaWNHR1C,201661.0,4.0
0vbtURX4qv1l7besfwmnD8,I Took A Pill In Ibiza - Seeb Remix,"At Night, Alone.",6Phl1V5P0sPrWJytXHGFeO,0.664,0.714,7.0,-6.645,0.0,0.111,0.0353,8.42e-06,0.0843,0.71,101.969,audio_features,0vbtURX4qv1l7besfwmnD8,spotify:track:0vbtURX4qv1l7besfwmnD8,https://api.spotify.com/v1/tracks/0vbtURX4qv1l7besfwmnD8,https://api.spotify.com/v1/audio-analysis/0vbtURX4qv1l7besfwmnD8,197933.0,4.0
4Dvkj6JhhA12EX05fT7y2e,As It Was,As It Was,2pqdSWeJVsXAhHFuVLzuA8,0.52,0.731,6.0,-5.338,0.0,0.0557,0.342,0.00101,0.311,0.662,173.93,audio_features,4Dvkj6JhhA12EX05fT7y2e,spotify:track:4Dvkj6JhhA12EX05fT7y2e,https://api.spotify.com/v1/tracks/4Dvkj6JhhA12EX05fT7y2e,https://api.spotify.com/v1/audio-analysis/4Dvkj6JhhA12EX05fT7y2e,167303.0,4.0
32OlwWuMpZ6b0aN2RZOeMS,Uptown Funk (feat. Bruno Mars),Uptown Special,3vLaOYCNCzngDf8QdBg2V1,0.856,0.609,0.0,-7.223,1.0,0.0824,0.00801,8.15e-05,0.0344,0.928,114.988,audio_features,32OlwWuMpZ6b0aN2RZOeMS,spotify:track:32OlwWuMpZ6b0aN2RZOeMS,https://api.spotify.com/v1/tracks/32OlwWuMpZ6b0aN2RZOeMS,https://api.spotify.com/v1/audio-analysis/32OlwWuMpZ6b0aN2RZOeMS,269667.0,4.0
3HVWdVOQ0ZA45FuZGSfvns,I Don't Care (with Justin Bieber),I Don't Care (with Justin Bieber),5Nux7ozBJ5KJ02QYWwrneR,0.798,0.675,6.0,-5.041,1.0,0.0442,0.0912,0.0,0.0894,0.842,101.956,audio_features,3HVWdVOQ0ZA45FuZGSfvns,spotify:track:3HVWdVOQ0ZA45FuZGSfvns,https://api.spotify.com/v1/tracks/3HVWdVOQ0ZA45FuZGSfvns,https://api.spotify.com/v1/audio-analysis/3HVWdVOQ0ZA45FuZGSfvns,219947.0,4.0
4cktbXiXOapiLBMprHFErI,Memories,Memories,3nR9B40hYLKLcR0Eph3Goc,0.775,0.327,11.0,-7.241,1.0,0.0557,0.841,0.0,0.0821,0.595,91.05,audio_features,4cktbXiXOapiLBMprHFErI,spotify:track:4cktbXiXOapiLBMprHFErI,https://api.spotify.com/v1/tracks/4cktbXiXOapiLBMprHFErI,https://api.spotify.com/v1/audio-analysis/4cktbXiXOapiLBMprHFErI,189486.0,4.0
3e9HZxeyfWwjeyPAMmWSSQ,"thank u, next","thank u, next",2fYhqwDWXjbpjaIJPEfKFw,0.717,0.653,1.0,-5.634,1.0,0.0658,0.229,0.0,0.101,0.412,106.966,audio_features,3e9HZxeyfWwjeyPAMmWSSQ,spotify:track:3e9HZxeyfWwjeyPAMmWSSQ,https://api.spotify.com/v1/tracks/3e9HZxeyfWwjeyPAMmWSSQ,https://api.spotify.com/v1/audio-analysis/3e9HZxeyfWwjeyPAMmWSSQ,207320.0,4.0
1mXVgsBdtIVeCLJnSnmtdV,Too Good At Goodbyes,The Thrill Of It All (Special Edition),3TJz2UBNYJtlEly0sPeNrQ,0.681,0.372,5.0,-8.237,1.0,0.0432,0.64,0.0,0.169,0.476,91.873,audio_features,1mXVgsBdtIVeCLJnSnmtdV,spotify:track:1mXVgsBdtIVeCLJnSnmtdV,https://api.spotify.com/v1/tracks/1mXVgsBdtIVeCLJnSnmtdV,https://api.spotify.com/v1/audio-analysis/1mXVgsBdtIVeCLJnSnmtdV,201000.0,4.0
003vvx7Niy0yvhvHt4a68B,Mr. Brightside,Hot Fuss,1ujPmNlTMp41h4EG6OOBGR,0.352,0.911,1.0,-5.23,1.0,0.0747,0.00121,0.0,0.0995,0.236,148.033,audio_features,003vvx7Niy0yvhvHt4a68B,spotify:track:003vvx7Niy0yvhvHt4a68B,https://api.spotify.com/v1/tracks/003vvx7Niy0yvhvHt4a68B,https://api.spotify.com/v1/audio-analysis/003vvx7Niy0yvhvHt4a68B,222973.0,4.0
27NovPIUIRrOZoCHxABJwK,INDUSTRY BABY (feat. Jack Harlow),INDUSTRY BABY (feat. Jack Harlow),622NFw5Yk0OReMJ2XWcXUh,0.736,0.704,3.0,-7.409,0.0,0.0615,0.0203,0.0,0.0501,0.894,149.995,audio_features,27NovPIUIRrOZoCHxABJwK,spotify:track:27NovPIUIRrOZoCHxABJwK,https://api.spotify.com/v1/tracks/27NovPIUIRrOZoCHxABJwK,https://api.spotify.com/v1/audio-analysis/27NovPIUIRrOZoCHxABJwK,212000.0,4.0
3LlAyCYU26dvFZBDUIMb7a,Demons,Night Visions,6nxDQi0FeEwccEPJeNySoS,0.505,0.71,3.0,-3.015,1.0,0.0321,0.19,0.00025,0.329,0.428,89.938,audio_features,3LlAyCYU26dvFZBDUIMb7a,spotify:track:3LlAyCYU26dvFZBDUIMb7a,https://api.spotify.com/v1/tracks/3LlAyCYU26dvFZBDUIMb7a,https://api.spotify.com/v1/audio-analysis/3LlAyCYU26dvFZBDUIMb7a,175200.0,4.0
5Z01UMMf7V1o0MzF86s6WJ,Lose Yourself,SHADYXV,3CjuTytLZz3G9znXt2rJgU,0.692,0.744,2.0,-4.565,1.0,0.257,0.00868,0.000423,0.359,0.0612,171.374,audio_features,5Z01UMMf7V1o0MzF86s6WJ,spotify:track:5Z01UMMf7V1o0MzF86s6WJ,https://api.spotify.com/v1/tracks/5Z01UMMf7V1o0MzF86s6WJ,https://api.spotify.com/v1/audio-analysis/5Z01UMMf7V1o0MzF86s6WJ,326467.0,4.0
1vnnXMrBeEWiRg3YCMCjQq,Despacito - Remix,VIDA,5C0YLr4OoRGFDaqdMQmkeH,0.649,0.798,2.0,-4.346,1.0,0.178,0.226,0.0,0.0711,0.857,177.899,audio_features,1vnnXMrBeEWiRg3YCMCjQq,spotify:track:1vnnXMrBeEWiRg3YCMCjQq,https://api.spotify.com/v1/tracks/1vnnXMrBeEWiRg3YCMCjQq,https://api.spotify.com/v1/audio-analysis/1vnnXMrBeEWiRg3YCMCjQq,230413.0,4.0
4jPy3l0RUwlUI9T5XHBW2m,Mood (feat. iann dior),El Dorado,270o30h7cAlEhBnbuSpFZq,0.701,0.716,7.0,-3.671,0.0,0.0361,0.174,0.0,0.324,0.732,91.007,audio_features,4jPy3l0RUwlUI9T5XHBW2m,spotify:track:4jPy3l0RUwlUI9T5XHBW2m,https://api.spotify.com/v1/tracks/4jPy3l0RUwlUI9T5XHBW2m,https://api.spotify.com/v1/audio-analysis/4jPy3l0RUwlUI9T5XHBW2m,140533.0,4.0
5nujrmhLynf4yMoMtj8AQF,Levitating (feat. DaBaby),Future Nostalgia,5lKlFlReHOLShQKyRv6AL9,0.702,0.825,6.0,-3.787,0.0,0.0601,0.00883,0.0,0.0674,0.915,102.977,audio_features,5nujrmhLynf4yMoMtj8AQF,spotify:track:5nujrmhLynf4yMoMtj8AQF,https://api.spotify.com/v1/tracks/5nujrmhLynf4yMoMtj8AQF,https://api.spotify.com/v1/audio-analysis/5nujrmhLynf4yMoMtj8AQF,203064.0,4.0
67BtfxlNbhBmCDR2L2l8qd,MONTERO (Call Me By Your Name),MONTERO (Call Me By Your Name),2Hjcfw8zHN4dJDZJGOzLd6,0.61,0.508,8.0,-6.682,0.0,0.152,0.297,0.0,0.384,0.758,178.818,audio_features,67BtfxlNbhBmCDR2L2l8qd,spotify:track:67BtfxlNbhBmCDR2L2l8qd,https://api.spotify.com/v1/tracks/67BtfxlNbhBmCDR2L2l8qd,https://api.spotify.com/v1/audio-analysis/67BtfxlNbhBmCDR2L2l8qd,137876.0,4.0
3B54sVLJ402zGa6Xm4YGNe,Unforgettable,Jungle Rules,4c2p3TdN7NcQfCXyueCNnC,0.726,0.769,6.0,-5.043,1.0,0.123,0.0293,0.0101,0.104,0.733,97.985,audio_features,3B54sVLJ402zGa6Xm4YGNe,spotify:track:3B54sVLJ402zGa6Xm4YGNe,https://api.spotify.com/v1/tracks/3B54sVLJ402zGa6Xm4YGNe,https://api.spotify.com/v1/audio-analysis/3B54sVLJ402zGa6Xm4YGNe,233902.0,4.0
47EiUVwUp4C9fGccaPuUCS,DÁKITI,DÁKITI,43dl8hP5uNN9s6YeeJA5fv,0.731,0.573,4.0,-10.059,0.0,0.0544,0.401,5.22e-05,0.113,0.145,109.928,audio_features,47EiUVwUp4C9fGccaPuUCS,spotify:track:47EiUVwUp4C9fGccaPuUCS,https://api.spotify.com/v1/tracks/47EiUVwUp4C9fGccaPuUCS,https://api.spotify.com/v1/audio-analysis/47EiUVwUp4C9fGccaPuUCS,205090.0,4.0
0JP9xo3adEtGSdUEISiszL,Moonlight,?,2Ti79nwTsont5ZHfdxIzAm,0.921,0.537,9.0,-5.723,0.0,0.0804,0.556,0.00404,0.102,0.711,128.009,audio_features,0JP9xo3adEtGSdUEISiszL,spotify:track:0JP9xo3adEtGSdUEISiszL,https://api.spotify.com/v1/tracks/0JP9xo3adEtGSdUEISiszL,https://api.spotify.com/v1/audio-analysis/0JP9xo3adEtGSdUEISiszL,135090.0,4.0
0nbXyq5TXYPCO7pr3N8S4I,The Box,Please Excuse Me for Being Antisocial,52u4anZbHd6UInnmHRFzba,0.896,0.586,10.0,-6.687,0.0,0.0559,0.104,0.0,0.79,0.642,116.971,audio_features,0nbXyq5TXYPCO7pr3N8S4I,spotify:track:0nbXyq5TXYPCO7pr3N8S4I,https://api.spotify.com/v1/tracks/0nbXyq5TXYPCO7pr3N8S4I,https://api.spotify.com/v1/audio-analysis/0nbXyq5TXYPCO7pr3N8S4I,196653.0,4.0
5QDLhrAOJJdNAmCTJ8xMyW,Dynamite,BE,2qehskW9lYGWfYb0xPZkrS,0.746,0.765,6.0,-4.41,0.0,0.0993,0.0112,0.0,0.0936,0.737,114.044,audio_features,5QDLhrAOJJdNAmCTJ8xMyW,spotify:track:5QDLhrAOJJdNAmCTJ8xMyW,https://api.spotify.com/v1/tracks/5QDLhrAOJJdNAmCTJ8xMyW,https://api.spotify.com/v1/audio-analysis/5QDLhrAOJJdNAmCTJ8xMyW,199054.0,4.0
7ygpwy2qP3NbrxVkHvUhXY,Wonderwall - Remastered,Stop the Clocks,6lcZGrrlTM7c276ZTWh9Sx,0.375,0.893,2.0,-4.097,1.0,0.0406,0.000509,0.0,0.187,0.434,174.323,audio_features,7ygpwy2qP3NbrxVkHvUhXY,spotify:track:7ygpwy2qP3NbrxVkHvUhXY,https://api.spotify.com/v1/tracks/7ygpwy2qP3NbrxVkHvUhXY,https://api.spotify.com/v1/audio-analysis/7ygpwy2qP3NbrxVkHvUhXY,258773.0,4.0
0KKkJNfGyhkQ5aFogxQAPU,That's What I Like,24K Magic,4PgleR09JVnm3zY1fW3XBA,0.853,0.56,1.0,-4.961,1.0,0.0406,0.013,0.0,0.0944,0.86,134.066,audio_features,0KKkJNfGyhkQ5aFogxQAPU,spotify:track:0KKkJNfGyhkQ5aFogxQAPU,https://api.spotify.com/v1/tracks/0KKkJNfGyhkQ5aFogxQAPU,https://api.spotify.com/v1/audio-analysis/0KKkJNfGyhkQ5aFogxQAPU,206693.0,4.0
5FVd6KXrgO9B3JPmC8OPst,Do I Wanna Know?,AM,78bpIziExqiI9qztvNFlQu,0.548,0.532,5.0,-7.596,1.0,0.0323,0.186,0.000263,0.217,0.405,85.03,audio_features,5FVd6KXrgO9B3JPmC8OPst,spotify:track:5FVd6KXrgO9B3JPmC8OPst,https://api.spotify.com/v1/tracks/5FVd6KXrgO9B3JPmC8OPst,https://api.spotify.com/v1/audio-analysis/5FVd6KXrgO9B3JPmC8OPst,272394.0,4.0
3S4px9f4lceWdKf0gWciFu,Cheap Thrills,This Is Acting,77jAfTh3KH9K2reMOmTgOh,0.628,0.698,6.0,-5.608,0.0,0.105,0.0472,0.00143,0.0907,0.732,89.976,audio_features,3S4px9f4lceWdKf0gWciFu,spotify:track:3S4px9f4lceWdKf0gWciFu,https://api.spotify.com/v1/tracks/3S4px9f4lceWdKf0gWciFu,https://api.spotify.com/v1/audio-analysis/3S4px9f4lceWdKf0gWciFu,211667.0,4.0
5jsw9uXEGuKyJzs0boZ1bT,Stitches,Handwritten,0CnQ0JQajNswRjPkNYVG8m,0.752,0.754,1.0,-6.684,1.0,0.0615,0.0151,0.0,0.0486,0.755,149.789,audio_features,5jsw9uXEGuKyJzs0boZ1bT,spotify:track:5jsw9uXEGuKyJzs0boZ1bT,https://api.spotify.com/v1/tracks/5jsw9uXEGuKyJzs0boZ1bT,https://api.spotify.com/v1/audio-analysis/5jsw9uXEGuKyJzs0boZ1bT,206880.0,4.0
7JJmb5XwzOO8jgpou264Ml,There's Nothing Holdin' Me Back,Illuminate (Deluxe),3wBabo4pmzsYjALMSKY7Iq,0.866,0.813,11.0,-4.063,0.0,0.0554,0.38,0.0,0.0779,0.969,121.998,audio_features,7JJmb5XwzOO8jgpou264Ml,spotify:track:7JJmb5XwzOO8jgpou264Ml,https://api.spotify.com/v1/tracks/7JJmb5XwzOO8jgpou264Ml,https://api.spotify.com/v1/audio-analysis/7JJmb5XwzOO8jgpou264Ml,199440.0,4.0
4xkOaSrkexMciUUogZKVTS,Till I Collapse,The Eminem Show,2cWBwpqMsDJC1ZUwz813lo,0.548,0.847,1.0,-3.237,1.0,0.186,0.0622,0.0,0.0816,0.1,171.447,audio_features,4xkOaSrkexMciUUogZKVTS,spotify:track:4xkOaSrkexMciUUogZKVTS,https://api.spotify.com/v1/tracks/4xkOaSrkexMciUUogZKVTS,https://api.spotify.com/v1/audio-analysis/4xkOaSrkexMciUUogZKVTS,297787.0,4.0
2JzZzZUQj3Qff7wapcbKjc,See You Again (feat. Charlie Puth),See You Again (feat. Charlie Puth),5FXIqS1XqbpfOKNoi5VUwS,0.689,0.481,10.0,-7.503,1.0,0.0815,0.369,1.03e-06,0.0649,0.283,80.025,audio_features,2JzZzZUQj3Qff7wapcbKjc,spotify:track:2JzZzZUQj3Qff7wapcbKjc,https://api.spotify.com/v1/tracks/2JzZzZUQj3Qff7wapcbKjc,https://api.spotify.com/v1/audio-analysis/2JzZzZUQj3Qff7wapcbKjc,229526.0,4.0
0EcQcdcbQeVJn9fknj44Be,I Like Me Better,I Like Me Better,7l6fTSFvlumnPFpOSrbnDV,0.753,0.505,9.0,-7.621,1.0,0.255,0.534,2.58e-06,0.104,0.419,91.972,audio_features,0EcQcdcbQeVJn9fknj44Be,spotify:track:0EcQcdcbQeVJn9fknj44Be,https://api.spotify.com/v1/tracks/0EcQcdcbQeVJn9fknj44Be,https://api.spotify.com/v1/audio-analysis/0EcQcdcbQeVJn9fknj44Be,197437.0,4.0
6V1bu6o1Yo5ZXnsCJU8Ovk,Girls Like You (feat. Cardi B) - Cardi B Version,Red Pill Blues (Deluxe),1Li4rADxSxjT2g4xqUcMYh,0.851,0.541,0.0,-6.825,1.0,0.0505,0.568,0.0,0.13,0.448,124.959,audio_features,6V1bu6o1Yo5ZXnsCJU8Ovk,spotify:track:6V1bu6o1Yo5ZXnsCJU8Ovk,https://api.spotify.com/v1/tracks/6V1bu6o1Yo5ZXnsCJU8Ovk,https://api.spotify.com/v1/audio-analysis/6V1bu6o1Yo5ZXnsCJU8Ovk,235545.0,4.0
5kqIPrATaCc2LqxVWzQGbk,7 Years,Lukas Graham,4rFrdkSWs0dtj0rWPzOk1v,0.765,0.473,10.0,-5.829,1.0,0.0514,0.287,0.0,0.391,0.34,119.992,audio_features,5kqIPrATaCc2LqxVWzQGbk,spotify:track:5kqIPrATaCc2LqxVWzQGbk,https://api.spotify.com/v1/tracks/5kqIPrATaCc2LqxVWzQGbk,https://api.spotify.com/v1/audio-analysis/5kqIPrATaCc2LqxVWzQGbk,237300.0,4.0
6habFhsOp2NvshLv26DqMb,Despacito,VIDA,5C0YLr4OoRGFDaqdMQmkeH,0.655,0.797,2.0,-4.787,1.0,0.153,0.198,0.0,0.067,0.839,177.928,audio_features,6habFhsOp2NvshLv26DqMb,spotify:track:6habFhsOp2NvshLv26DqMb,https://api.spotify.com/v1/tracks/6habFhsOp2NvshLv26DqMb,https://api.spotify.com/v1/audio-analysis/6habFhsOp2NvshLv26DqMb,229360.0,4.0
1EzrEOXmMH3G43AXT1y7pA,I'm Yours,We Sing. We Dance. We Steal Things.,04G0YylSjvDQZrjOfE5jA5,0.703,0.444,11.0,-9.331,1.0,0.0417,0.559,0.0,0.0973,0.712,150.96,audio_features,1EzrEOXmMH3G43AXT1y7pA,spotify:track:1EzrEOXmMH3G43AXT1y7pA,https://api.spotify.com/v1/tracks/1EzrEOXmMH3G43AXT1y7pA,https://api.spotify.com/v1/audio-analysis/1EzrEOXmMH3G43AXT1y7pA,242947.0,4.0
7ytR5pFWmSjzHJIeQkgog4,ROCKSTAR (feat. Roddy Ricch),BLAME IT ON BABY,623PL2MBg50Br5dLXC9E9e,0.746,0.69,11.0,-7.956,1.0,0.164,0.247,0.0,0.101,0.497,89.977,audio_features,7ytR5pFWmSjzHJIeQkgog4,spotify:track:7ytR5pFWmSjzHJIeQkgog4,https://api.spotify.com/v1/tracks/7ytR5pFWmSjzHJIeQkgog4,https://api.spotify.com/v1/audio-analysis/7ytR5pFWmSjzHJIeQkgog4,181733.0,4.0
68Dni7IE4VyPkTOH9mRWHr,No Role Modelz,2014 Forest Hills Drive,7viNUmZZ8ztn2UB4XB3jIL,0.69,0.521,10.0,-8.492,0.0,0.339,0.324,0.0,0.0534,0.494,100.028,audio_features,68Dni7IE4VyPkTOH9mRWHr,spotify:track:68Dni7IE4VyPkTOH9mRWHr,https://api.spotify.com/v1/tracks/68Dni7IE4VyPkTOH9mRWHr,https://api.spotify.com/v1/audio-analysis/68Dni7IE4VyPkTOH9mRWHr,292799.0,4.0
2iuZJX9X9P0GKaE93xcPjk,Sugar,V,2Auw0pTT6EcQdvHNimhLQI,0.748,0.788,1.0,-7.055,1.0,0.0334,0.0591,0.0,0.0863,0.884,120.076,audio_features,2iuZJX9X9P0GKaE93xcPjk,spotify:track:2iuZJX9X9P0GKaE93xcPjk,https://api.spotify.com/v1/tracks/2iuZJX9X9P0GKaE93xcPjk,https://api.spotify.com/v1/audio-analysis/2iuZJX9X9P0GKaE93xcPjk,235493.0,4.0
5ghIJDpPoe3CfHMGu71E6T,Smells Like Teen Spirit,Nevermind (Deluxe Edition),2uEf3r9i2bnxwJQsxQ0xQ7,0.502,0.912,1.0,-4.556,1.0,0.0564,2.55e-05,0.000173,0.106,0.72,116.761,audio_features,5ghIJDpPoe3CfHMGu71E6T,spotify:track:5ghIJDpPoe3CfHMGu71E6T,https://api.spotify.com/v1/tracks/5ghIJDpPoe3CfHMGu71E6T,https://api.spotify.com/v1/audio-analysis/5ghIJDpPoe3CfHMGu71E6T,301920.0,4.0
7oolFzHipTMg2nL7shhdz2,Eraser,÷ (Deluxe),3T4tUhGYeRNVUGevb0wThu,,,,,,,,,,,,,,,,,,
6PCUP3dWmTjcTtXY02oFdT,Castle on the Hill,÷ (Deluxe),3T4tUhGYeRNVUGevb0wThu,,,,,,,,,,,,,,,,,,
51ChrwmUPDJvedPQnIU8Ls,Dive,÷ (Deluxe),3T4tUhGYeRNVUGevb0wThu,,,,,,,,,,,,,,,,,,
7qiZfU4dY1lWllzX7mPBI3,Shape of You,÷ (Deluxe),3T4tUhGYeRNVUGevb0wThu,,,,,,,,,,,,,,,,,,
0tgVpDi06FyKpA1z0VMD4v,Perfect,÷ (Deluxe),3T4tUhGYeRNVUGevb0wThu,,,,,,,,,,,,,,,,,,
6b5P51m8xx2XA6U7sdNZ5E,Alone Again,After Hours,4yP0hdKOZPNshxUOjY0cZj,,,,,,,,,,,,,,,,,,
2K9Ovn1o2bTGqbsABGC6m3,Too Late,After Hours,4yP0hdKOZPNshxUOjY0cZj,,,,,,,,,,,,,,,,,,
6kWxIqQDsKFYCJGbU4AjCX,Hardest To Love,After Hours,4yP0hdKOZPNshxUOjY0cZj,,,,,,,,,,,,,,,,,,
4BGZF4oLbTL0pWm7C18pbv,Scared To Live,After Hours,4yP0hdKOZPNshxUOjY0cZj,,,,,,,,,,,,,,,,,,
3WlbeuhfRSqU7ylK2Ui5U7,Snowchild,After Hours,4yP0hdKOZPNshxUOjY0cZj,,,,,,,,,,,,,,,,,,
1ooBIqsmV1ocRldBZrvLPD,Dance Monkey - Stripped Back,Dance Monkey (Stripped Back) / Dance Monkey,0UywfDKYlyiu1b38DRrzYD,,,,,,,,,,,,,,,,,,
2XU0oxnq2qxCpomAAuJY8K,Dance Monkey,Dance Monkey (Stripped Back) / Dance Monkey,0UywfDKYlyiu1b38DRrzYD,,,,,,,,,,,,,,,,,,
0pEkK8MqbmGSX7fT8WLMbR,Grace,Divinely Uninspired To A Hellish Extent,5658aM19fA3JVwTK6eQX70,,,,,,,,,,,,,,,,,,
4Of7rzpRpV1mWRbhp5rAqG,Bruises,Divinely Uninspired To A Hellish Extent,5658aM19fA3JVwTK6eQX70,,,,,,,,,,,,,,,,,,
60iSKGrGazRzICtMjADNSM,Hold Me While You Wait,Divinely Uninspired To A Hellish Extent,5658aM19fA3JVwTK6eQX70,,,,,,,,,,,,,,,,,,
7qEHsqek33rTcFNT9PFqLf,Someone You Loved,Divinely Uninspired To A Hellish Extent,5658aM19fA3JVwTK6eQX70,,,,,,,,,,,,,,,,,,
5HU2B0yEnvg5EUB8FWeoda,Maybe,Divinely Uninspired To A Hellish Extent,5658aM19fA3JVwTK6eQX70,,,,,,,,,,,,,,,,,,
3fpVWegR6YOS1Yk5HSMYIq,Paranoid,beerbongs & bentleys,6trNtQUgC8cgbWcqoMYkOR,,,,,,,,,,,,,,,,,,
5VuxWXbt7XENQCtE9TzpTv,Spoil My Night (feat. Swae Lee),beerbongs & bentleys,6trNtQUgC8cgbWcqoMYkOR,,,,,,,,,,,,,,,,,,
2VdT56BGpdqNHUgOe1j5vc,Rich & Sad,beerbongs & bentleys,6trNtQUgC8cgbWcqoMYkOR,,,,,,,,,,,,,,,,,,
5lZZmityu9TAjNvSY6GLhR,Zack And Codeine,beerbongs & bentleys,6trNtQUgC8cgbWcqoMYkOR,,,,,,,,,,,,,,,,,,
5ffntNJnJOeFv7b7DCd0Bw,Takin' Shots,beerbongs & bentleys,6trNtQUgC8cgbWcqoMYkOR,,,,,,,,,,,,,,,,,,
7sWRlDoTDX8geTR8zzr2vt,Hollywood's Bleeding,Hollywood's Bleeding,4g1ZRSobMefqF6nelkgibi,,,,,,,,,,,,,,,,,,
05mDaV9Vb3wrzjF6OPZnhq,Saint-Tropez,Hollywood's Bleeding,4g1ZRSobMefqF6nelkgibi,,,,,,,,,,,,,,,,,,
0Xek5rqai2jcOWCYWJfVCF,Enemies (feat. DaBaby),Hollywood's Bleeding,4g1ZRSobMefqF6nelkgibi,,,,,,,,,,,,,,,,,,
1YscJ7yVTlFxW3eF6pv5ba,Allergic,Hollywood's Bleeding,4g1ZRSobMefqF6nelkgibi,,,,,,,,,,,,,,,,,,
2J0NXdHr6MYvKDSxB7k3V2,A Thousand Bad Times,Hollywood's Bleeding,4g1ZRSobMefqF6nelkgibi,,,,,,,,,,,,,,,,,,
7sBwAWyXfiIgrYQ8BaJESH,Keep The Family Close,Views,40GMAhriYJRO1rsY4YdrZb,,,,,,,,,,,,,,,,,,
1C7KSXR2GVxknex6I4ANco,9,Views,40GMAhriYJRO1rsY4YdrZb,,,,,,,,,,,,,,,,,,
03L2AoiRbWhvt7BDMx1jUB,U With Me?,Views,40GMAhriYJRO1rsY4YdrZb,,,,,,,,,,,,,,,,,,
3cjF2OFRmip8spwZYQRKxP,Feel No Ways,Views,40GMAhriYJRO1rsY4YdrZb,,,,,,,,,,,,,,,,,,
5NFYuqu8V6QXc6mzcLImd6,Hype,Views,40GMAhriYJRO1rsY4YdrZb,,,,,,,,,,,,,,,,,,
7BKLCZ1jbUBVqRi2FVlTVw,Closer,Closer,0rSLgV8p5FzfnqlEk4GzxE,,,,,,,,,,,,,,,,,,
31VOknKjFrEX47bZXzqcoF,Next To Me,Evolve,33pt9HBdGlAbRGBHQgsZsU,,,,,,,,,,,,,,,,,,
28heol5hhOGj6KYbJrRteJ,I Don’t Know Why,Evolve,33pt9HBdGlAbRGBHQgsZsU,,,,,,,,,,,,,,,,,,
6Qn5zhYkTa37e91HC1D7lb,Whatever It Takes,Evolve,33pt9HBdGlAbRGBHQgsZsU,,,,,,,,,,,,,,,,,,
0pqnGHJpmpxLKifKRmU6WP,Believer,Evolve,33pt9HBdGlAbRGBHQgsZsU,,,,,,,,,,,,,,,,,,
1y3bE5i57eUm3hfLAc7h08,Walking The Wire,Evolve,33pt9HBdGlAbRGBHQgsZsU,,,,,,,,,,,,,,,,,,
0TK2YIli7K1leLovkQiNik,Señorita,Señorita,2ZaX1FdZCwchXl1QZiD4O4,,,,,,,,,,,,,,,,,,
5HCyWlXZPP0y6Gqq8TgA20,STAY (with Justin Bieber),STAY (with Justin Bieber),4QLAtpLNUsHEYrcHXmMIZZ,,,,,,,,,,,,,,,,,,
7oolFzHipTMg2nL7shhdz2,Eraser,÷ (Deluxe),3T4tUhGYeRNVUGevb0wThu,,,,,,,,,,,,,,,,,,
6PCUP3dWmTjcTtXY02oFdT,Castle on the Hill,÷ (Deluxe),3T4tUhGYeRNVUGevb0wThu,,,,,,,,,,,,,,,,,,
51ChrwmUPDJvedPQnIU8Ls,Dive,÷ (Deluxe),3T4tUhGYeRNVUGevb0wThu,,,,,,,,,,,,,,,,,,
7qiZfU4dY1lWllzX7mPBI3,Shape of You,÷ (Deluxe),3T4tUhGYeRNVUGevb0wThu,,,,,,,,,,,,,,,,,,
0tgVpDi06FyKpA1z0VMD4v,Perfect,÷ (Deluxe),3T4tUhGYeRNVUGevb0wThu,,,,,,,,,,,,,,,,,,
0NPRq1Ti6JYKOqSyiVYWZT,Back from the Edge,Back from the Edge,7oiJYvEJHsmYtrgviAVIBD,,,,,,,,,,,,,,,,,,
5uCax9HTNlzGybIStD3vDh,Say You Won't Let Go,Back from the Edge,7oiJYvEJHsmYtrgviAVIBD,,,,,,,,,,,,,,,,,,
1wthp2KAndNsDPZxEGVNKK,Prisoner,Back from the Edge,7oiJYvEJHsmYtrgviAVIBD,,,,,,,,,,,,,,,,,,
0VhgEqMTNZwYL1ARDLLNCX,Can I Be Him,Back from the Edge,7oiJYvEJHsmYtrgviAVIBD,,,,,,,,,,,,,,,,,,
31YexNcOMVSFTEDGmQusSI,I Am,Back from the Edge,7oiJYvEJHsmYtrgviAVIBD,,,,,,,,,,,,,,,,,,
0rQtoQXQfwpDW0c7Fw1NeM,!!!!!!!,"WHEN WE ALL FALL ASLEEP, WHERE DO WE GO?",0S0KGZnfBGSIssfF54WSJh,,,,,,,,,,,,,,,,,,
2Fxmhks0bxGSBdJ92vM42m,bad guy,"WHEN WE ALL FALL ASLEEP, WHERE DO WE GO?",0S0KGZnfBGSIssfF54WSJh,,,,,,,,,,,,,,,,,,
4QIo4oxwzzafcBWkKjDpXY,xanny,"WHEN WE ALL FALL ASLEEP, WHERE DO WE GO?",0S0KGZnfBGSIssfF54WSJh,,,,,,,,,,,,,,,,,,
3XF5xLJHOQQRbWya6hBp7d,you should see me in a crown,"WHEN WE ALL FALL ASLEEP, WHERE DO WE GO?",0S0KGZnfBGSIssfF54WSJh,,,,,,,,,,,,,,,,,,
6IRdLKIyS4p7XNiP8r6rsx,all the good girls go to hell,"WHEN WE ALL FALL ASLEEP, WHERE DO WE GO?",0S0KGZnfBGSIssfF54WSJh,,,,,,,,,,,,,,,,,,
3USxtqRwSYz57Ewm6wWRMp,Heat Waves,Heat Waves,69K1zrf6TkXHdYUO8n2qVi,,,,,,,,,,,,,,,,,,
5TvFfDlVoUWZvfqrhTJzD7,One,x (Deluxe Edition),1xn54DMo2qIqBuMqHtUsFd,,,,,,,,,,,,,,,,,,
0xCA70t1ZA4fa9UOE0lIJm,I'm a Mess,x (Deluxe Edition),1xn54DMo2qIqBuMqHtUsFd,,,,,,,,,,,,,,,,,,
6K8qKeWo5MsFED7wCR6Kop,Sing,x (Deluxe Edition),1xn54DMo2qIqBuMqHtUsFd,,,,,,,,,,,,,,,,,,
1huvTbEYtgltjQRXzrNKGi,Don't,x (Deluxe Edition),1xn54DMo2qIqBuMqHtUsFd,,,,,,,,,,,,,,,,,,
3GKSfF6c3Rv3a1knSjxnXa,Nina,x (Deluxe Edition),1xn54DMo2qIqBuMqHtUsFd,,,,,,,,,,,,,,,,,,
7LoWAhcGbxSkT6trTqXQR6,Intro,Goodbye & Good Riddance,6tkjU4Umpo79wwkgPMV3nZ,,,,,,,,,,,,,,,,,,
4VXIryQMWpIdGgYR4TrjT1,All Girls Are The Same,Goodbye & Good Riddance,6tkjU4Umpo79wwkgPMV3nZ,,,,,,,,,,,,,,,,,,
285pBltuF7vW8TeWk8hdRR,Lucid Dreams,Goodbye & Good Riddance,6tkjU4Umpo79wwkgPMV3nZ,,,,,,,,,,,,,,,,,,
1a7WZZZH7LzyvorhpOJFTe,Wasted (feat. Lil Uzi Vert),Goodbye & Good Riddance,6tkjU4Umpo79wwkgPMV3nZ,,,,,,,,,,,,,,,,,,
5wujBwqG7INdStqGd4tRMX,Armed And Dangerous,Goodbye & Good Riddance,6tkjU4Umpo79wwkgPMV3nZ,,,,,,,,,,,,,,,,,,
6zrJLhslleCHby0wbUnvVy,Future Nostalgia,Future Nostalgia,7fJJK56U9fHixgO0HQkhtI,,,,,,,,,,,,,,,,,,
3PfIrDoz19wz7qK7tYeu62,Don't Start Now,Future Nostalgia,7fJJK56U9fHixgO0HQkhtI,,,,,,,,,,,,,,,,,,
2nMOodYNHBAQ3Kc1QNimZU,Cool,Future Nostalgia,7fJJK56U9fHixgO0HQkhtI,,,,,,,,,,,,,,,,,,
3AzjcOeAmA57TIOr9zF1ZW,Physical,Future Nostalgia,7fJJK56U9fHixgO0HQkhtI,,,,,,,,,,,,,,,,,,
39LLxExYz6ewLAcYrzQQyP,Levitating,Future Nostalgia,7fJJK56U9fHixgO0HQkhtI,,,,,,,,,,,,,,,,,,
2yg9UN4eo5eMVJ7OB4RWj3,Survival,Scorpion,1ATL5GLyefJaxhQzSPVrLX,,,,,,,,,,,,,,,,,,
0TlLq3lA83rQOYtrqBqSct,Nonstop,Scorpion,1ATL5GLyefJaxhQzSPVrLX,,,,,,,,,,,,,,,,,,
3szf2z1Cy1QMrtHrbn8rz9,Elevate,Scorpion,1ATL5GLyefJaxhQzSPVrLX,,,,,,,,,,,,,,,,,,
5Psnhdkyanjpgc2P8A5TSM,Emotionless,Scorpion,1ATL5GLyefJaxhQzSPVrLX,,,,,,,,,,,,,,,,,,
6DCZcSspjsKoFjzjrWoCdn,God's Plan,Scorpion,1ATL5GLyefJaxhQzSPVrLX,,,,,,,,,,,,,,,,,,
7MXVkk9YMctZqd1Srtv4MB,Starboy,Starboy,2ODvWsOgouMbaA5xf0RkJe,,,,,,,,,,,,,,,,,,
4F7A0DXBrmUAkp32uenhZt,Party Monster,Starboy,2ODvWsOgouMbaA5xf0RkJe,,,,,,,,,,,,,,,,,,
4oeaIftdpT3JuZLcCkKmVE,False Alarm,Starboy,2ODvWsOgouMbaA5xf0RkJe,,,,,,,,,,,,,,,,,,
37F0uwRSrdzkBiuj0D5UHI,Reminder,Starboy,2ODvWsOgouMbaA5xf0RkJe,,,,,,,,,,,,,,,,,,
36YCdzT57us0LhDmCYtrNE,Rockin’,Starboy,2ODvWsOgouMbaA5xf0RkJe,,,,,,,,,,,,,,,,,,
0u2P5u6lvoDfwTYjAADbn4,lovely (with Khalid),lovely (with Khalid),2sBB17RXTamvj7Ncps15AK,,,,,,,,,,,,,,,,,,
45S5WTQEGOB1VHr1Q4FuPl,Golden,Fine Line,7xV2TzoaVc0ycW7fwBwAml,,,,,,,,,,,,,,,,,,
6UelLqGlWMcVH1E5c4H7lY,Watermelon Sugar,Fine Line,7xV2TzoaVc0ycW7fwBwAml,,,,,,,,,,,,,,,,,,
3jjujdWJ72nww5eGnfs2E7,Adore You,Fine Line,7xV2TzoaVc0ycW7fwBwAml,,,,,,,,,,,,,,,,,,
4jAIqgrPjKLTY9Gbez25Qb,Lights Up,Fine Line,7xV2TzoaVc0ycW7fwBwAml,,,,,,,,,,,,,,,,,,
2IOFZdYYkFxEHVz1w34PoL,Cherry,Fine Line,7xV2TzoaVc0ycW7fwBwAml,,,,,,,,,,,,,,,,,,
5TvFfDlVoUWZvfqrhTJzD7,One,x (Deluxe Edition),1xn54DMo2qIqBuMqHtUsFd,,,,,,,,,,,,,,,,,,
0xCA70t1ZA4fa9UOE0lIJm,I'm a Mess,x (Deluxe Edition),1xn54DMo2qIqBuMqHtUsFd,,,,,,,,,,,,,,,,,,
6K8qKeWo5MsFED7wCR6Kop,Sing,x (Deluxe Edition),1xn54DMo2qIqBuMqHtUsFd,,,,,,,,,,,,,,,,,,
1huvTbEYtgltjQRXzrNKGi,Don't,x (Deluxe Edition),1xn54DMo2qIqBuMqHtUsFd,,,,,,,,,,,,,,,,,,
3GKSfF6c3Rv3a1knSjxnXa,Nina,x (Deluxe Edition),1xn54DMo2qIqBuMqHtUsFd,,,,,,,,,,,,,,,,,,
4J0kN8QS2esY6cWBsFjtW9,Death On Two Legs (Dedicated To...) - Remastered 2011,A Night At The Opera (2011 Remaster),1GbtB4zTqAsyfZEsm1RZfx,,,,,,,,,,,,,,,,,,
12TZzfqJyY3UvtZ3lq1WmY,Lazing On A Sunday Afternoon - Remastered 2011,A Night At The Opera (2011 Remaster),1GbtB4zTqAsyfZEsm1RZfx,,,,,,,,,,,,,,,,,,
1EID0aupOLdv4ZDQu2Jbrz,I'm In Love With My Car - Remastered 2011,A Night At The Opera (2011 Remaster),1GbtB4zTqAsyfZEsm1RZfx,,,,,,,,,,,,,,,,,,
4OKf7CcYuw5H2HptkcKxcP,You're My Best Friend - Remastered 2011,A Night At The Opera (2011 Remaster),1GbtB4zTqAsyfZEsm1RZfx,,,,,,,,,,,,,,,,,,
0kIpcu3DQacQObHVyra9Jx,'39 - Remastered 2011,A Night At The Opera (2011 Remaster),1GbtB4zTqAsyfZEsm1RZfx,,,,,,,,,,,,,,,,,,
0wfbD5rAksdXUzRvMfM3x5,The One,Memories...Do Not Open,4JPguzRps3kuWDD5GS6oXr,,,,,,,,,,,,,,,,,,
6cPyTS0Kk2sc4xQwC93kOg,Break Up Every Night,Memories...Do Not Open,4JPguzRps3kuWDD5GS6oXr,,,,,,,,,,,,,,,,,,
26AuyrZGzWWiYZPSd3XBIg,Bloodstream,Memories...Do Not Open,4JPguzRps3kuWDD5GS6oXr,,,,,,,,,,,,,,,,,,
1pJQAHpD51J7GYaFrrFO9S,Don't Say,Memories...Do Not Open,4JPguzRps3kuWDD5GS6oXr,,,,,,,,,,,,,,,,,,
6RUKPb4LETWmmr3iAEQktW,Something Just Like This,Memories...Do Not Open,4JPguzRps3kuWDD5GS6oXr,,,,,,,,,,,,,,,,,,
69iiDrtnLNPWviEvaaRuvC,Intro,A Star Is Born Soundtrack,4sLtOBOzn4s3GDUv3c5oJD,,,,,,,,,,,,,,,,,,
4HUqrGAZ5f0gHRor7z9BFc,Black Eyes,A Star Is Born Soundtrack,4sLtOBOzn4s3GDUv3c5oJD,,,,,,,,,,,,,,,,,,
4fIdH1l3SS0qdYRJiHwUnO,Somewhere Over The Rainbow - Dialogue,A Star Is Born Soundtrack,4sLtOBOzn4s3GDUv3c5oJD,,,,,,,,,,,,,,,,,,
4ta4r7V0QkZ15H4uyFCKGs,Fabulous French - Dialogue,A Star Is Born Soundtrack,4sLtOBOzn4s3GDUv3c5oJD,,,,,,,,,,,,,,,,,,
3WKnfkgwrARwElktHSU5Ik,La Vie En Rose,A Star Is Born Soundtrack,4sLtOBOzn4s3GDUv3c5oJD,,,,,,,,,,,,,,,,,,
2aOPvzjpMwikBgngKcxsA9,Introduction (instructions),?,2Ti79nwTsont5ZHfdxIzAm,,,,,,,,,,,,,,,,,,
2oe6dDthgthqUkfL3czpEd,"ALONE, PART 3",?,2Ti79nwTsont5ZHfdxIzAm,,,,,,,,,,,,,,,,,,
0JP9xo3adEtGSdUEISiszL,Moonlight,?,2Ti79nwTsont5ZHfdxIzAm,,,,,,,,,,,,,,,,,,
3ee8Jmje8o58CHK66QrVC2,SAD!,?,2Ti79nwTsont5ZHfdxIzAm,,,,,,,,,,,,,,,,,,
4UKCKdYiLN6IMA5ZESUTL7,the remedy for a broken heart (why am I so in love),?,2Ti79nwTsont5ZHfdxIzAm,,,,,,,,,,,,,,,,,,
2SnNaoNhMjC1WRMTWD8qTX,Mark My Words,Purpose (Deluxe),6Fr2rQkZ383FcMqFyT7yPr,,,,,,,,,,,,,,,,,,
0SNIAtRCPVVLoGEPcuHSIc,I'll Show You,Purpose (Deluxe),6Fr2rQkZ383FcMqFyT7yPr,,,,,,,,,,,,,,,,,,
4B0JvthVoAAuygILe3n4Bs,What Do You Mean?,Purpose (Deluxe),6Fr2rQkZ383FcMqFyT7yPr,,,,,,,,,,,,,,,,,,
09CtPGIpYB4BrO8qb1RGsF,Sorry,Purpose (Deluxe),6Fr2rQkZ383FcMqFyT7yPr,,,,,,,,,,,,,,,,,,
50kpGaPAhYJ3sGmk6vplg0,Love Yourself,Purpose (Deluxe),6Fr2rQkZ383FcMqFyT7yPr,,,,,,,,,,,,,,,,,,
7sWRlDoTDX8geTR8zzr2vt,Hollywood's Bleeding,Hollywood's Bleeding,4g1ZRSobMefqF6nelkgibi,,,,,,,,,,,,,,,,,,
05mDaV9Vb3wrzjF6OPZnhq,Saint-Tropez,Hollywood's Bleeding,4g1ZRSobMefqF6nelkgibi,,,,,,,,,,,,,,,,,,
0Xek5rqai2jcOWCYWJfVCF,Enemies (feat. DaBaby),Hollywood's Bleeding,4g1ZRSobMefqF6nelkgibi,,,,,,,,,,,,,,,,,,
1YscJ7yVTlFxW3eF6pv5ba,Allergic,Hollywood's Bleeding,4g1ZRSobMefqF6nelkgibi,,,,,,,,,,,,,,,,,,
2J0NXdHr6MYvKDSxB7k3V2,A Thousand Bad Times,Hollywood's Bleeding,4g1ZRSobMefqF6nelkgibi,,,,,,,,,,,,,,,,,,
1DM0p3WrhjLh6sddmLK0c9,Love In The Future (Intro),Love In The Future (Expanded Edition),4OTAx9un4e6NfoHuVRiOrC,,,,,,,,,,,,,,,,,,
6KLgKZwCJp8GWo35KEOF3S,The Beginning...,Love In The Future (Expanded Edition),4OTAx9un4e6NfoHuVRiOrC,,,,,,,,,,,,,,,,,,
03YrTPLMgGXQOlKTTBwgiO,Open Your Eyes,Love In The Future (Expanded Edition),4OTAx9un4e6NfoHuVRiOrC,,,,,,,,,,,,,,,,,,
1G2Ya2ubnlS7xFfs1CfY3j,Made to Love,Love In The Future (Expanded Edition),4OTAx9un4e6NfoHuVRiOrC,,,,,,,,,,,,,,,,,,
2scd9lw4ljzDwMfG3WW4gD,Who Do We Think We Are (feat. Rick Ross),Love In The Future (Expanded Edition),4OTAx9un4e6NfoHuVRiOrC,,,,,,,,,,,,,,,,,,
1CS7Sd1u5tWkstBhpssyjP,Take Me to Church,Hozier,0Uv83rRhY5QvHKkQoULRKk,,,,,,,,,,,,,,,,,,
6JmSfynzr6E0QllQZNEXEb,Angel of Small Death and the Codeine Scene,Hozier,0Uv83rRhY5QvHKkQoULRKk,,,,,,,,,,,,,,,,,,
4JpazKcfOhbwqZrsYhzHee,Jackie and Wilson,Hozier,0Uv83rRhY5QvHKkQoULRKk,,,,,,,,,,,,,,,,,,
2DNXgvkyv35vTWvdgjs7qn,Someone New,Hozier,0Uv83rRhY5QvHKkQoULRKk,,,,,,,,,,,,,,,,,,
1XJQ7xI6jzcZybuHemxsPP,To Be Alone,Hozier,0Uv83rRhY5QvHKkQoULRKk,,,,,,,,,,,,,,,,,,
31VOknKjFrEX47bZXzqcoF,Next To Me,Evolve,33pt9HBdGlAbRGBHQgsZsU,,,,,,,,,,,,,,,,,,
28heol5hhOGj6KYbJrRteJ,I Don’t Know Why,Evolve,33pt9HBdGlAbRGBHQgsZsU,,,,,,,,,,,,,,,,,,
6Qn5zhYkTa37e91HC1D7lb,Whatever It Takes,Evolve,33pt9HBdGlAbRGBHQgsZsU,,,,,,,,,,,,,,,,,,
0pqnGHJpmpxLKifKRmU6WP,Believer,Evolve,33pt9HBdGlAbRGBHQgsZsU,,,,,,,,,,,,,,,,,,
1y3bE5i57eUm3hfLAc7h08,Walking The Wire,Evolve,33pt9HBdGlAbRGBHQgsZsU,,,,,,,,,,,,,,,,,,
39LmTF9RgyakzSYX8txrow,imagine,"thank u, next",2fYhqwDWXjbpjaIJPEfKFw,,,,,,,,,,,,,,,,,,
1TEL6MlSSVLSdhOSddidlJ,needy,"thank u, next",2fYhqwDWXjbpjaIJPEfKFw,,,,,,,,,,,,,,,,,,
4uTvPEr01pjTbZgl7jcKBD,NASA,"thank u, next",2fYhqwDWXjbpjaIJPEfKFw,,,,,,,,,,,,,,,,,,
2hloaUoRonYssMuqLCBLTX,bloodline,"thank u, next",2fYhqwDWXjbpjaIJPEfKFw,,,,,,,,,,,,,,,,,,
3wFLWP0FcIqHK1wb1CPthQ,fake smile,"thank u, next",2fYhqwDWXjbpjaIJPEfKFw,,,,,,,,,,,,,,,,,,
6mAuw7R6u4vlNneuBgnC8K,How,I Love You.,4xkM0BwLM9H2IUcbYzpcBI,,,,,,,,,,,,,,,,,,
7brQHA2CgQpcMBiOlfiXYb,Afraid,I Love You.,4xkM0BwLM9H2IUcbYzpcBI,,,,,,,,,,,,,,,,,,
0yyyapBjZ9Ek1vcpp3e9bj,Everybody's Watching Me (Uh Oh),I Love You.,4xkM0BwLM9H2IUcbYzpcBI,,,,,,,,,,,,,,,,,,
2QjOHCTQ1Jl3zawyYOpxh6,Sweater Weather,I Love You.,4xkM0BwLM9H2IUcbYzpcBI,,,,,,,,,,,,,,,,,,
6cWpj6c5pNZYEk5KYjNBji,Let It Go,I Love You.,4xkM0BwLM9H2IUcbYzpcBI,,,,,,,,,,,,,,,,,,
33zbOXJSwW7uf4VXXWow2O,the ends,Birds In The Trap Sing McKnight,42WVQWuf1teDysXiOupIZt,,,,,,,,,,,,,,,,,,
2Zy7XVdxyZQB8xp5xbpJdl,way back,Birds In The Trap Sing McKnight,42WVQWuf1teDysXiOupIZt,,,,,,,,,,,,,,,,,,
7pas6O1LYbaeChEFQBhPFU,coordinate,Birds In The Trap Sing McKnight,42WVQWuf1teDysXiOupIZt,,,,,,,,,,,,,,,,,,
1Ci4wASMY4xtKVMeHA6Sd5,through the late night,Birds In The Trap Sing McKnight,42WVQWuf1teDysXiOupIZt,,,,,,,,,,,,,,,,,,
0ESJlaM8CE1jRWaNtwSNj8,beibs in the trap,Birds In The Trap Sing McKnight,42WVQWuf1teDysXiOupIZt,,,,,,,,,,,,,,,,,,
0VJYhKhrHgJ7fgjGaC2k07,The Explanation,17,5VdyJkLe3yvOs0l4xXbWp0,,,,,,,,,,,,,,,,,,
7m9OqQk4RVRkw9JJdeAw96,Jocelyn Flores,17,5VdyJkLe3yvOs0l4xXbWp0,,,,,,,,,,,,,,,,,,
2H3wWrnO758y0fPH7Ilerg,Depression & Obsession,17,5VdyJkLe3yvOs0l4xXbWp0,,,,,,,,,,,,,,,,,,
3GVkPk8mqxz0itaAriG1L7,Everybody Dies In Their Nightmares,17,5VdyJkLe3yvOs0l4xXbWp0,,,,,,,,,,,,,,,,,,
5TXDeTFVRVY7Cvt0Dw4vWW,Revenge,17,5VdyJkLe3yvOs0l4xXbWp0,,,,,,,,,,,,,,,,,,
4eWQlBRaTjPPUlzacqEeoQ,Never Be the Same,Camila,2vD3zSQr8hNlg0obNel4TE,,,,,,,,,,,,,,,,,,
4XLu3tTSZiPFVC9mmuR6Zp,All These Years,Camila,2vD3zSQr8hNlg0obNel4TE,,,,,,,,,,,,,,,,,,
5HwnezK198pJCEj1l2Adjy,She Loves Control,Camila,2vD3zSQr8hNlg0obNel4TE,,,,,,,,,,,,,,,,,,
1rfofaqEpACxVEHIZBJe6W,Havana (feat. Young Thug),Camila,2vD3zSQr8hNlg0obNel4TE,,,,,,,,,,,,,,,,,,
5xi2SXmF3A5AIsuGXiUIZu,Inside Out,Camila,2vD3zSQr8hNlg0obNel4TE,,,,,,,,,,,,,,,,,,
65kp3OFn7JXbCvkm3m2Ui2,Two®,Luv Is Rage 2,733e1ZfktLSwj96X5rsMeE,,,,,,,,,,,,,,,,,,
1QgTBfRN5m81a5K01qens6,444+222,Luv Is Rage 2,733e1ZfktLSwj96X5rsMeE,,,,,,,,,,,,,,,,,,
1uL78kFWxhz3umTMWJu8n5,Sauce It Up,Luv Is Rage 2,733e1ZfktLSwj96X5rsMeE,,,,,,,,,,,,,,,,,,
0QV16pno66L6K3fn4W13b7,No Sleep Leak,Luv Is Rage 2,733e1ZfktLSwj96X5rsMeE,,,,,,,,,,,,,,,,,,
2eAZfqOm4EnOF9VvN50Tyc,The Way Life Goes (feat. Oh Wonder),Luv Is Rage 2,733e1ZfktLSwj96X5rsMeE,,,,,,,,,,,,,,,,,,
7i9763l5SSfOnqZ35VOcfy,Heavydirtysoul,Blurryface,3cQO7jp5S9qLBoIVtbkSM1,,,,,,,,,,,,,,,,,,
3CRDbSIZ4r5MsZ0YwxuEkn,Stressed Out,Blurryface,3cQO7jp5S9qLBoIVtbkSM1,,,,,,,,,,,,,,,,,,
2Z8WuEywRWYTKe1NybPQEW,Ride,Blurryface,3cQO7jp5S9qLBoIVtbkSM1,,,,,,,,,,,,,,,,,,
1s9xuJxhYM0LdVqksjegcg,Fairly Local,Blurryface,3cQO7jp5S9qLBoIVtbkSM1,,,,,,,,,,,,,,,,,,
3bnVBN67NBEzedqQuWrpP4,Tear in My Heart,Blurryface,3cQO7jp5S9qLBoIVtbkSM1,,,,,,,,,,,,,,,,,,
4P76CEIXrrWT2cgS1YrTMr,Genesis,Dua Lipa (Deluxe),01sfgrNbnnPUEyz6GZYlt9,,,,,,,,,,,,,,,,,,
2OWKDTonST8HNko3dBlPPp,Lost In Your Light (feat. Miguel),Dua Lipa (Deluxe),01sfgrNbnnPUEyz6GZYlt9,,,,,,,,,,,,,,,,,,
5eTNdkstwKaNahHf41fJ9u,Hotter Than Hell,Dua Lipa (Deluxe),01sfgrNbnnPUEyz6GZYlt9,,,,,,,,,,,,,,,,,,
7FCfMXYTIiQ9b4hDYs4Iol,Be the One,Dua Lipa (Deluxe),01sfgrNbnnPUEyz6GZYlt9,,,,,,,,,,,,,,,,,,
76cy1WJvNGJTj78UqeA5zr,IDGAF,Dua Lipa (Deluxe),01sfgrNbnnPUEyz6GZYlt9,,,,,,,,,,,,,,,,,,
7BqHUALzNBTanL6OvsqmC1,Happier,Happier,78EicdHZr5XBWD7llEZ1Jh,,,,,,,,,,,,,,,,,,
1n4jwRVXdkK2U34nBDUKKT,BLOOD.,DAMN.,4eLPsYPBmXABThSJ821sqY,,,,,,,,,,,,,,,,,,
6HZILIRieu8S0iqY8kIKhj,DNA.,DAMN.,4eLPsYPBmXABThSJ821sqY,,,,,,,,,,,,,,,,,,
4BHSjbYylfOH5WAGusDyni,YAH.,DAMN.,4eLPsYPBmXABThSJ821sqY,,,,,,,,,,,,,,,,,,
1EaKU4dMbesXXd3BrLCtYG,ELEMENT.,DAMN.,4eLPsYPBmXABThSJ821sqY,,,,,,,,,,,,,,,,,,
2LTlO3NuNVN70lp2ZbVswF,FEEL.,DAMN.,4eLPsYPBmXABThSJ821sqY,,,,,,,,,,,,,,,,,,
7wBJfHzpfI3032CSD7CE2m,STARGAZING,ASTROWORLD,41GuZcammIkupMPKH2OJ6I,,,,,,,,,,,,,,,,,,
7KZ5MMVgBVox9ycroB2UrI,CAROUSEL,ASTROWORLD,41GuZcammIkupMPKH2OJ6I,,,,,,,,,,,,,,,,,,
2xLMifQCjDGFmkHkpNLD9h,SICKO MODE,ASTROWORLD,41GuZcammIkupMPKH2OJ6I,,,,,,,,,,,,,,,,,,
4SZepBIPDRwPaHIjAKwRDb,R.I.P. SCREW,ASTROWORLD,41GuZcammIkupMPKH2OJ6I,,,,,,,,,,,,,,,,,,
1xYpVRspgaLxdJLOTQkTjg,STOP TRYING TO BE GOD,ASTROWORLD,41GuZcammIkupMPKH2OJ6I,,,,,,,,,,,,,,,,,,
2tpWsVSb9UEmDRxAl1zhX1,Counting Stars,Native,20lOt6G8MHv8ZO7ViOmiP7,,,,,,,,,,,,,,,,,,
5xS9R5yNeVsB9shSR60eX3,If I Lose Myself,Native,20lOt6G8MHv8ZO7ViOmiP7,,,,,,,,,,,,,,,,,,
1nE1VjP943pIuFdNWcLgYM,Feel Again,Native,20lOt6G8MHv8ZO7ViOmiP7,,,,,,,,,,,,,,,,,,
0ILXYaWxMQVEXnKq2eTmjW,What You Wanted,Native,20lOt6G8MHv8ZO7ViOmiP7,,,,,,,,,,,,,,,,,,
3IQF4xCQUPicbA4hWfTxPo,I Lived,Native,20lOt6G8MHv8ZO7ViOmiP7,,,,,,,,,,,,,,,,,,
4Ry1k3dG0gXTnJ7MRBgZ4n,Things That Stop You Dreaming,All The Little Lights,2mylGx7w2Q3yhUyN8iEWOF,,,,,,,,,,,,,,,,,,
1KxwZYyzWNyZSRyErj2ojT,Let Her Go,All The Little Lights,2mylGx7w2Q3yhUyN8iEWOF,,,,,,,,,,,,,,,,,,
0VcdgrMOVRozDwCsBw86Cb,Staring At The Stars,All The Little Lights,2mylGx7w2Q3yhUyN8iEWOF,,,,,,,,,,,,,,,,,,
1WLvHbIiY91oEzXxUBWPnW,All The Little Lights,All The Little Lights,2mylGx7w2Q3yhUyN8iEWOF,,,,,,,,,,,,,,,,,,
2ir7ESj8NjGTyoM4d3UEc1,The Wrong Direction,All The Little Lights,2mylGx7w2Q3yhUyN8iEWOF,,,,,,,,,,,,,,,,,,
0nrRP2bk19rLc0orkWPQk2,Wake Me Up,True,1s9tU91VJt4sU5owi29GD3,,,,,,,,,,,,,,,,,,
52RK8UVEDgUAgpecOpTQM3,You Make Me,True,1s9tU91VJt4sU5owi29GD3,,,,,,,,,,,,,,,,,,
4lhqb6JvbHId48OUJGwymk,Hey Brother,True,1s9tU91VJt4sU5owi29GD3,,,,,,,,,,,,,,,,,,
4eDYMhIin1pSLIG96f1aD0,Addicted To You,True,1s9tU91VJt4sU5owi29GD3,,,,,,,,,,,,,,,,,,
4yTeQK2XThWYeEW8D72XmU,Dear Boy,True,1s9tU91VJt4sU5owi29GD3,,,,,,,,,,,,,,,,,,
7JXxssBpAnroZOMR4vpOuc,Winds of Change,Dream Your Life Away,6rIbiUMmZJfqJRnXhVxFvg,,,,,,,,,,,,,,,,,,
29jtZGdgpE2lWm2mkIt6HS,Mess Is Mine,Dream Your Life Away,6rIbiUMmZJfqJRnXhVxFvg,,,,,,,,,,,,,,,,,,
4hjJBjxN6IT0sDyTGlo5tA,Wasted Time,Dream Your Life Away,6rIbiUMmZJfqJRnXhVxFvg,,,,,,,,,,,,,,,,,,
3JvrhDOgAt6p7K8mDyZwRd,Riptide,Dream Your Life Away,6rIbiUMmZJfqJRnXhVxFvg,,,,,,,,,,,,,,,,,,
55pbyBpxfZXq3vijkpu086,Who Am I,Dream Your Life Away,6rIbiUMmZJfqJRnXhVxFvg,,,,,,,,,,,,,,,,,,
2SnNaoNhMjC1WRMTWD8qTX,Mark My Words,Purpose (Deluxe),6Fr2rQkZ383FcMqFyT7yPr,,,,,,,,,,,,,,,,,,
0SNIAtRCPVVLoGEPcuHSIc,I'll Show You,Purpose (Deluxe),6Fr2rQkZ383FcMqFyT7yPr,,,,,,,,,,,,,,,,,,
4B0JvthVoAAuygILe3n4Bs,What Do You Mean?,Purpose (Deluxe),6Fr2rQkZ383FcMqFyT7yPr,,,,,,,,,,,,,,,,,,
09CtPGIpYB4BrO8qb1RGsF,Sorry,Purpose (Deluxe),6Fr2rQkZ383FcMqFyT7yPr,,,,,,,,,,,,,,,,,,
50kpGaPAhYJ3sGmk6vplg0,Love Yourself,Purpose (Deluxe),6Fr2rQkZ383FcMqFyT7yPr,,,,,,,,,,,,,,,,,,
03j354P848KtNU2FVSwkDG,Real Life,Beauty Behind The Madness,0P3oVJBFOv3TDXlYRhGL7s,,,,,,,,,,,,,,,,,,
1bAvtmTl0F9loyz9AwPwp7,Losers,Beauty Behind The Madness,0P3oVJBFOv3TDXlYRhGL7s,,,,,,,,,,,,,,,,,,
1mhVXWduD8ReDwusfaHNwU,Tell Your Friends,Beauty Behind The Madness,0P3oVJBFOv3TDXlYRhGL7s,,,,,,,,,,,,,,,,,,
4PhsKqMdgMEUSstTDAmMpg,Often,Beauty Behind The Madness,0P3oVJBFOv3TDXlYRhGL7s,,,,,,,,,,,,,,,,,,
7fBv7CLKzipRk6EC6TWHOB,The Hills,Beauty Behind The Madness,0P3oVJBFOv3TDXlYRhGL7s,,,,,,,,,,,,,,,,,,
1DlW1PeiL0QsA13dTCSQG7,Be Together,Peace Is The Mission : Extended,2U0b5MfkMUgzdvRUI69mya,,,,,,,,,,,,,,,,,,
2brlJDvGkO57WiBe2te5eO,Too Original,Peace Is The Mission : Extended,2U0b5MfkMUgzdvRUI69mya,,,,,,,,,,,,,,,,,,
0t7HKmZDWnOIRDVT9hqyuQ,Blaze Up The Fire,Peace Is The Mission : Extended,2U0b5MfkMUgzdvRUI69mya,,,,,,,,,,,,,,,,,,
01aTsQoKoeXofSTvKuunzv,Lean On,Peace Is The Mission : Extended,2U0b5MfkMUgzdvRUI69mya,,,,,,,,,,,,,,,,,,
3Q6T5Xwf39j9HTQwUZERMT,Powerful (feat. Ellie Goulding & Tarrus Riley),Peace Is The Mission : Extended,2U0b5MfkMUgzdvRUI69mya,,,,,,,,,,,,,,,,,,
21yo11TFsfpDtuYyCbqhZS,Intro (A86),Encore,02sEJTj1sye1JaqxqpcSCp,,,,,,,,,,,,,,,,,,
0g5EKLgdKvNlln7TNqBByK,Middle,Encore,02sEJTj1sye1JaqxqpcSCp,,,,,,,,,,,,,,,,,,
5GokpIAufFJxKqkJgRtdKD,Sahara,Encore,02sEJTj1sye1JaqxqpcSCp,,,,,,,,,,,,,,,,,,
6NsxPxFzZ18TKBcTgxX3dh,Sober,Encore,02sEJTj1sye1JaqxqpcSCp,,,,,,,,,,,,,,,,,,
6GTxdh4FiA8XyCLFK1vvgG,Pigalle,Encore,02sEJTj1sye1JaqxqpcSCp,,,,,,,,,,,,,,,,,,
0zLCBJZSiELJf02ucPP9wb,Roses - Imanbek Remix,Roses (Imanbek Remix),3GqSdhWjmMypMwPLtzoFYs,,,,,,,,,,,,,,,,,,
0dlxqODS4xOn7pwjKXZZuc,Ten Thousand Hours,The Heist,76FXHQhTuT4QMIxfL09gX8,,,,,,,,,,,,,,,,,,
3bidbhpOYeV4knp8AIu8Xn,Can't Hold Us (feat. Ray Dalton),The Heist,76FXHQhTuT4QMIxfL09gX8,,,,,,,,,,,,,,,,,,
37rKwjBHaZurlyPYy3Nqvz,Thrift Shop (feat. Wanz),The Heist,76FXHQhTuT4QMIxfL09gX8,,,,,,,,,,,,,,,,,,
7kugTkQLsvtjM7esCEI8Ee,Thin Line (feat. Buffalo Madonna),The Heist,76FXHQhTuT4QMIxfL09gX8,,,,,,,,,,,,,,,,,,
01uqI4H13Gsd8Lyl1EYd8H,Same Love (feat. Mary Lambert),The Heist,76FXHQhTuT4QMIxfL09gX8,,,,,,,,,,,,,,,,,,
6SRsiMl7w1USE4mFqrOhHC,brutal,SOUR,6s84u2TUpR3wdUv4NgKA2j,,,,,,,,,,,,,,,,,,
5CZ40GBx1sQ9agT82CLQCT,traitor,SOUR,6s84u2TUpR3wdUv4NgKA2j,,,,,,,,,,,,,,,,,,
5wANPM4fQCJwkGd4rN57mH,drivers license,SOUR,6s84u2TUpR3wdUv4NgKA2j,,,,,,,,,,,,,,,,,,
4wcBRRpIfesgcyUtis7PEg,"1 step forward, 3 steps back",SOUR,6s84u2TUpR3wdUv4NgKA2j,,,,,,,,,,,,,,,,,,
6HU7h9RYOaPRFeh0R3UeAr,deja vu,SOUR,6s84u2TUpR3wdUv4NgKA2j,,,,,,,,,,,,,,,,,,
3fpVWegR6YOS1Yk5HSMYIq,Paranoid,beerbongs & bentleys,6trNtQUgC8cgbWcqoMYkOR,,,,,,,,,,,,,,,,,,
5VuxWXbt7XENQCtE9TzpTv,Spoil My Night (feat. Swae Lee),beerbongs & bentleys,6trNtQUgC8cgbWcqoMYkOR,,,,,,,,,,,,,,,,,,
2VdT56BGpdqNHUgOe1j5vc,Rich & Sad,beerbongs & bentleys,6trNtQUgC8cgbWcqoMYkOR,,,,,,,,,,,,,,,,,,
5lZZmityu9TAjNvSY6GLhR,Zack And Codeine,beerbongs & bentleys,6trNtQUgC8cgbWcqoMYkOR,,,,,,,,,,,,,,,,,,
5ffntNJnJOeFv7b7DCd0Bw,Takin' Shots,beerbongs & bentleys,6trNtQUgC8cgbWcqoMYkOR,,,,,,,,,,,,,,,,,,
5BoOzegGrg5XFRR8UBDtkF,Broken Whiskey Glass,Stoney (Deluxe),5s0rmjP8XOPhP6HhqOhuyC,,,,,,,,,,,,,,,,,,
02opp1cycqiFNDpLd2o1J3,Big Lie,Stoney (Deluxe),5s0rmjP8XOPhP6HhqOhuyC,,,,,,,,,,,,,,,,,,
0H8XeaJunhvpBdBFIYi6Sh,Deja Vu,Stoney (Deluxe),5s0rmjP8XOPhP6HhqOhuyC,,,,,,,,,,,,,,,,,,
6M0IsaUX4GNyto4niSegfI,No Option,Stoney (Deluxe),5s0rmjP8XOPhP6HhqOhuyC,,,,,,,,,,,,,,,,,,
1QWmKmqhv5zcsS3v45FNl0,Cold,Stoney (Deluxe),5s0rmjP8XOPhP6HhqOhuyC,,,,,,,,,,,,,,,,,,
7dcmZskqXONZuIuqGRLJ1C,Intro,Different World,3nzuGtN3nXARvvecier4K0,,,,,,,,,,,,,,,,,,
0lG6QM1jjbbX5UUn3DPmrZ,Lost Control,Different World,3nzuGtN3nXARvvecier4K0,,,,,,,,,,,,,,,,,,
7kVDkZkZc8qBUBsF6klUoY,I Don't Wanna Go,Different World,3nzuGtN3nXARvvecier4K0,,,,,,,,,,,,,,,,,,
0lks2Kt9veMOFEAPN0fsqN,Lily,Different World,3nzuGtN3nXARvvecier4K0,,,,,,,,,,,,,,,,,,
6HMT7AzGA5wmn5m2t1BuZR,Lonely (feat. ISÁK & Omar Noir),Different World,3nzuGtN3nXARvvecier4K0,,,,,,,,,,,,,,,,,,
7ef4DlsgrMEH11cDZd32M6,One Kiss (with Dua Lipa),One Kiss (with Dua Lipa),7GEzhoTiqcPYkOprWQu581,,,,,,,,,,,,,,,,,,
3bBknFVxhFjBIFX91HcneQ,There's Nothing Holdin' Me Back,Illuminate,1ne2D0NxoGyZd31gAM4HNd,,,,,,,,,,,,,,,,,,
6rKr29yPKnQNhOxXMYvE9Y,Ruin,Illuminate,1ne2D0NxoGyZd31gAM4HNd,,,,,,,,,,,,,,,,,,
6EKvI1Beyh29HJoLJOdfw2,Mercy,Illuminate,1ne2D0NxoGyZd31gAM4HNd,,,,,,,,,,,,,,,,,,
3QGsuHI8jO1Rx4JWLUh9jd,Treat You Better,Illuminate,1ne2D0NxoGyZd31gAM4HNd,,,,,,,,,,,,,,,,,,
1vfLwrJnjFAVo9wE78zKYs,Three Empty Words,Illuminate,1ne2D0NxoGyZd31gAM4HNd,,,,,,,,,,,,,,,,,,
6SRsiMl7w1USE4mFqrOhHC,brutal,SOUR,6s84u2TUpR3wdUv4NgKA2j,,,,,,,,,,,,,,,,,,
5CZ40GBx1sQ9agT82CLQCT,traitor,SOUR,6s84u2TUpR3wdUv4NgKA2j,,,,,,,,,,,,,,,,,,
5wANPM4fQCJwkGd4rN57mH,drivers license,SOUR,6s84u2TUpR3wdUv4NgKA2j,,,,,,,,,,,,,,,,,,
4wcBRRpIfesgcyUtis7PEg,"1 step forward, 3 steps back",SOUR,6s84u2TUpR3wdUv4NgKA2j,,,,,,,,,,,,,,,,,,
6HU7h9RYOaPRFeh0R3UeAr,deja vu,SOUR,6s84u2TUpR3wdUv4NgKA2j,,,,,,,,,,,,,,,,,,
5XX9oGZfgKMXdHnEp4t2JB,Money On My Mind,In The Lonely Hour,08jWgM4vSkTose4blKBWov,,,,,,,,,,,,,,,,,,
6zHecELSAUYPCmYY8qHuOy,Good Thing,In The Lonely Hour,08jWgM4vSkTose4blKBWov,,,,,,,,,,,,,,,,,,
5Nm9ERjJZ5oyfXZTECKmRt,Stay With Me,In The Lonely Hour,08jWgM4vSkTose4blKBWov,,,,,,,,,,,,,,,,,,
3b5LW3nS3WFQyS1e8ajGJN,Leave Your Lover,In The Lonely Hour,08jWgM4vSkTose4blKBWov,,,,,,,,,,,,,,,,,,
7795WJLVKJoAyVoOtCWqXN,I'm Not The Only One,In The Lonely Hour,08jWgM4vSkTose4blKBWov,,,,,,,,,,,,,,,,,,
1i1fxkWeaMmKEB4T7zqbzK,Don't Let Me Down,Don't Let Me Down,2SByipSK8eZ2pasaIwwzhf,,,,,,,,,,,,,,,,,,
5p7ujcrUXASCNwRaWNHR1C,Without Me,Without Me,0zzrCTzvL4ZmR42xF46Afm,,,,,,,,,,,,,,,,,,
5Aa7RD4Pdp14vII8SVsrSS,"At Night, Alone.","At Night, Alone.",6Phl1V5P0sPrWJytXHGFeO,,,,,,,,,,,,,,,,,,
7zzoxJbgjme3366mOp5UnH,I Took A Pill In Ibiza,"At Night, Alone.",6Phl1V5P0sPrWJytXHGFeO,,,,,,,,,,,,,,,,,,
5PW6M2W3QfmPY9F5eMLR0C,Not That Simple,"At Night, Alone.",6Phl1V5P0sPrWJytXHGFeO,,,,,,,,,,,,,,,,,,
1h4oQvTG0wZcW1afwjMHjV,Be As You Are,"At Night, Alone.",6Phl1V5P0sPrWJytXHGFeO,,,,,,,,,,,,,,,,,,
4OubRAjuXv4J6A3nymzSN1,In The Arms Of A Stranger,"At Night, Alone.",6Phl1V5P0sPrWJytXHGFeO,,,,,,,,,,,,,,,,,,
4Dvkj6JhhA12EX05fT7y2e,As It Was,As It Was,2pqdSWeJVsXAhHFuVLzuA8,,,,,,,,,,,,,,,,,,
41RffU6OSMWONC8uTjyude,Uptown's First Finale (feat. Stevie Wonder & Andrew Wyatt),Uptown Special,3vLaOYCNCzngDf8QdBg2V1,,,,,,,,,,,,,,,,,,
3hoh1AoKwuC3VZ8CYj6YA9,Summer Breaking (feat. Kevin Parker),Uptown Special,3vLaOYCNCzngDf8QdBg2V1,,,,,,,,,,,,,,,,,,
2ENBaEOC0Jgi2au9Jt7y7d,Feel Right (feat. Mystikal),Uptown Special,3vLaOYCNCzngDf8QdBg2V1,,,,,,,,,,,,,,,,,,
32OlwWuMpZ6b0aN2RZOeMS,Uptown Funk (feat. Bruno Mars),Uptown Special,3vLaOYCNCzngDf8QdBg2V1,,,,,,,,,,,,,,,,,,
2VNSUMHI1R3B6wVV8P7ZlG,I Can't Lose (feat. Keyone Starr),Uptown Special,3vLaOYCNCzngDf8QdBg2V1,,,,,,,,,,,,,,,,,,
3HVWdVOQ0ZA45FuZGSfvns,I Don't Care (with Justin Bieber),I Don't Care (with Justin Bieber),5Nux7ozBJ5KJ02QYWwrneR,,,,,,,,,,,,,,,,,,
4cktbXiXOapiLBMprHFErI,Memories,Memories,3nR9B40hYLKLcR0Eph3Goc,,,,,,,,,,,,,,,,,,
39LmTF9RgyakzSYX8txrow,imagine,"thank u, next",2fYhqwDWXjbpjaIJPEfKFw,,,,,,,,,,,,,,,,,,
1TEL6MlSSVLSdhOSddidlJ,needy,"thank u, next",2fYhqwDWXjbpjaIJPEfKFw,,,,,,,,,,,,,,,,,,
4uTvPEr01pjTbZgl7jcKBD,NASA,"thank u, next",2fYhqwDWXjbpjaIJPEfKFw,,,,,,,,,,,,,,,,,,
2hloaUoRonYssMuqLCBLTX,bloodline,"thank u, next",2fYhqwDWXjbpjaIJPEfKFw,,,,,,,,,,,,,,,,,,
3wFLWP0FcIqHK1wb1CPthQ,fake smile,"thank u, next",2fYhqwDWXjbpjaIJPEfKFw,,,,,,,,,,,,,,,,,,
1mXVgsBdtIVeCLJnSnmtdV,Too Good At Goodbyes,The Thrill Of It All (Special Edition),3TJz2UBNYJtlEly0sPeNrQ,,,,,,,,,,,,,,,,,,
4K1vOdIFqskQv3zoI0FdAk,Say It First,The Thrill Of It All (Special Edition),3TJz2UBNYJtlEly0sPeNrQ,,,,,,,,,,,,,,,,,,
01uk7IzZyFNfQTDBXxx6NB,One Last Song,The Thrill Of It All (Special Edition),3TJz2UBNYJtlEly0sPeNrQ,,,,,,,,,,,,,,,,,,
1A85fOmviQuGgkF6Lww6Nd,Midnight Train,The Thrill Of It All (Special Edition),3TJz2UBNYJtlEly0sPeNrQ,,,,,,,,,,,,,,,,,,
2mb6YdoavL6db22p7XKJQZ,Burning,The Thrill Of It All (Special Edition),3TJz2UBNYJtlEly0sPeNrQ,,,,,,,,,,,,,,,,,,
60eVCXFCuw1WYswBuNZc4H,Jenny Was A Friend Of Mine,Hot Fuss,1ujPmNlTMp41h4EG6OOBGR,,,,,,,,,,,,,,,,,,
003vvx7Niy0yvhvHt4a68B,Mr. Brightside,Hot Fuss,1ujPmNlTMp41h4EG6OOBGR,,,,,,,,,,,,,,,,,,
3KANrKOFYyAxfjQJHkgBdb,Smile Like You Mean It,Hot Fuss,1ujPmNlTMp41h4EG6OOBGR,,,,,,,,,,,,,,,,,,
6PwjJ58I4t7Mae9xfZ9l9v,Somebody Told Me,Hot Fuss,1ujPmNlTMp41h4EG6OOBGR,,,,,,,,,,,,,,,,,,
5vollujufHY0jMZxx77VWr,All These Things That I've Done,Hot Fuss,1ujPmNlTMp41h4EG6OOBGR,,,,,,,,,,,,,,,,,,
27NovPIUIRrOZoCHxABJwK,INDUSTRY BABY (feat. Jack Harlow),INDUSTRY BABY (feat. Jack Harlow),622NFw5Yk0OReMJ2XWcXUh,,,,,,,,,,,,,,,,,,
4G8gkOterJn0Ywt6uhqbhp,Radioactive,Night Visions,6nxDQi0FeEwccEPJeNySoS,,,,,,,,,,,,,,,,,,
3dw0A0cbqT6Oy2V8KfGwIT,Tiptoe,Night Visions,6nxDQi0FeEwccEPJeNySoS,,,,,,,,,,,,,,,,,,
6BtmXhTJMM9sBTHeYYASGz,It's Time,Night Visions,6nxDQi0FeEwccEPJeNySoS,,,,,,,,,,,,,,,,,,
3LlAyCYU26dvFZBDUIMb7a,Demons,Night Visions,6nxDQi0FeEwccEPJeNySoS,,,,,,,,,,,,,,,,,,
6KuHjfXHkfnIjdmcIvt9r0,On Top Of The World,Night Visions,6nxDQi0FeEwccEPJeNySoS,,,,,,,,,,,,,,,,,,
757lWi81eSRf0wYT42eu5e,ShadyXV,SHADYXV,3CjuTytLZz3G9znXt2rJgU,,,,,,,,,,,,,,,,,,
41waH7ObCldjMZ90i6HY3A,Psychopath Killer,SHADYXV,3CjuTytLZz3G9znXt2rJgU,,,,,,,,,,,,,,,,,,
2gsWiAyssTMQS31PJ2Ih1K,Die Alone,SHADYXV,3CjuTytLZz3G9znXt2rJgU,,,,,,,,,,,,,,,,,,
0IG21pqbOajmplCfaWNJua,Vegas,SHADYXV,3CjuTytLZz3G9znXt2rJgU,,,,,,,,,,,,,,,,,,
7l3sjaDdNLDZ8paYkwgIot,Y'all Ready Know,SHADYXV,3CjuTytLZz3G9znXt2rJgU,,,,,,,,,,,,,,,,,,
0mtdxzBRDbueLFpiwpbHKO,Sola,VIDA,5C0YLr4OoRGFDaqdMQmkeH,,,,,,,,,,,,,,,,,,
4v4pC1y5UI5oHdcluJIJs8,Apaga La Luz,VIDA,5C0YLr4OoRGFDaqdMQmkeH,,,,,,,,,,,,,,,,,,
0oBLtIumLel0ODRz09MIbV,Le Pido Al Cielo,VIDA,5C0YLr4OoRGFDaqdMQmkeH,,,,,,,,,,,,,,,,,,
4cuGZb0iFyHtwaSKdKrJkF,Imposible,VIDA,5C0YLr4OoRGFDaqdMQmkeH,,,,,,,,,,,,,,,,,,
1s2VGd7q3D3UA3vuaHI7rw,Poco A Poco,VIDA,5C0YLr4OoRGFDaqdMQmkeH,,,,,,,,,,,,,,,,,,
38mQZ5tZ6IylQaJCCF90ox,The Top,El Dorado,270o30h7cAlEhBnbuSpFZq,,,,,,,,,,,,,,,,,,
3JVTsvTldB6arHVlmxmTnM,Company (feat. Future),El Dorado,270o30h7cAlEhBnbuSpFZq,,,,,,,,,,,,,,,,,,
5x4zsks09ZXriL8IFUExJe,Love Or Lust,El Dorado,270o30h7cAlEhBnbuSpFZq,,,,,,,,,,,,,,,,,,
3DwtzjXAKk8zS3tbdJHOsK,Outta Pocket,El Dorado,270o30h7cAlEhBnbuSpFZq,,,,,,,,,,,,,,,,,,
6MGRweoLPBAaPcXTMpMWsA,Coco (feat. DaBaby),El Dorado,270o30h7cAlEhBnbuSpFZq,,,,,,,,,,,,,,,,,,
3mC8VlVBwdVxCTq4cYZr64,Future Nostalgia,Future Nostalgia,5lKlFlReHOLShQKyRv6AL9,,,,,,,,,,,,,,,,,,
1AVtceapuF36oZqI9gzp0o,Don't Start Now,Future Nostalgia,5lKlFlReHOLShQKyRv6AL9,,,,,,,,,,,,,,,,,,
4GE0As8SVSjCMVYkRaaWwJ,Cool,Future Nostalgia,5lKlFlReHOLShQKyRv6AL9,,,,,,,,,,,,,,,,,,
7toYVidBIpAmM8Ife3LGrP,Physical,Future Nostalgia,5lKlFlReHOLShQKyRv6AL9,,,,,,,,,,,,,,,,,,
1dI77VhaLcQSgQLSnIs03D,Levitating,Future Nostalgia,5lKlFlReHOLShQKyRv6AL9,,,,,,,,,,,,,,,,,,
67BtfxlNbhBmCDR2L2l8qd,MONTERO (Call Me By Your Name),MONTERO (Call Me By Your Name),2Hjcfw8zHN4dJDZJGOzLd6,,,,,,,,,,,,,,,,,,
7JvmJDDMZMvWaWARsWK9Da,MONTERO (Call Me By Your Name) - SATAN'S EXTENDED VERSION,MONTERO (Call Me By Your Name),2Hjcfw8zHN4dJDZJGOzLd6,,,,,,,,,,,,,,,,,,
5E7yANAV3VdP9phPEHoSw1,MONTERO (Call Me By Your Name) - But Lil Nas X Is Silent The Entire Time,MONTERO (Call Me By Your Name),2Hjcfw8zHN4dJDZJGOzLd6,,,,,,,,,,,,,,,,,,
0lI3C7jXLDY88pQPRjUCLR,Whiskey Eyes,Jungle Rules,4c2p3TdN7NcQfCXyueCNnC,,,,,,,,,,,,,,,,,,
3B54sVLJ402zGa6Xm4YGNe,Unforgettable,Jungle Rules,4c2p3TdN7NcQfCXyueCNnC,,,,,,,,,,,,,,,,,,
5paFScPOaRDDlQu6gzHzeL,Trippin,Jungle Rules,4c2p3TdN7NcQfCXyueCNnC,,,,,,,,,,,,,,,,,,
1vVNlXi8gf8tZ7OhnEs4VE,A Lie,Jungle Rules,4c2p3TdN7NcQfCXyueCNnC,,,,,,,,,,,,,,,,,,
58wSQNRC9QE70EkDF2BEtm,Jump,Jungle Rules,4c2p3TdN7NcQfCXyueCNnC,,,,,,,,,,,,,,,,,,
47EiUVwUp4C9fGccaPuUCS,DÁKITI,DÁKITI,43dl8hP5uNN9s6YeeJA5fv,,,,,,,,,,,,,,,,,,
2aOPvzjpMwikBgngKcxsA9,Introduction (instructions),?,2Ti79nwTsont5ZHfdxIzAm,,,,,,,,,,,,,,,,,,
2oe6dDthgthqUkfL3czpEd,"ALONE, PART 3",?,2Ti79nwTsont5ZHfdxIzAm,,,,,,,,,,,,,,,,,,
0JP9xo3adEtGSdUEISiszL,Moonlight,?,2Ti79nwTsont5ZHfdxIzAm,,,,,,,,,,,,,,,,,,
3ee8Jmje8o58CHK66QrVC2,SAD!,?,2Ti79nwTsont5ZHfdxIzAm,,,,,,,,,,,,,,,,,,
4UKCKdYiLN6IMA5ZESUTL7,the remedy for a broken heart (why am I so in love),?,2Ti79nwTsont5ZHfdxIzAm,,,,,,,,,,,,,,,,,,
7AOtINPzQ4N4JVXk7ygZZz,Intro,Please Excuse Me for Being Antisocial,52u4anZbHd6UInnmHRFzba,,,,,,,,,,,,,,,,,,
0nbXyq5TXYPCO7pr3N8S4I,The Box,Please Excuse Me for Being Antisocial,52u4anZbHd6UInnmHRFzba,,,,,,,,,,,,,,,,,,
7A20WnLkjtZU2d7hIB6Ziu,Start Wit Me (feat. Gunna),Please Excuse Me for Being Antisocial,52u4anZbHd6UInnmHRFzba,,,,,,,,,,,,,,,,,,
6kiIVIbmwEw6JvIZc7UG0E,Perfect Time,Please Excuse Me for Being Antisocial,52u4anZbHd6UInnmHRFzba,,,,,,,,,,,,,,,,,,
33NoCir8q4WA4HNmyrD3fu,Moonwalkin (feat. Lil Durk),Please Excuse Me for Being Antisocial,52u4anZbHd6UInnmHRFzba,,,,,,,,,,,,,,,,,,
5FVbvttjEvQ8r2BgUcJgNg,Life Goes On,BE,2qehskW9lYGWfYb0xPZkrS,,,,,,,,,,,,,,,,,,
1NHl9g36Ebu3g16y0vtUNV,Fly To My Room,BE,2qehskW9lYGWfYb0xPZkrS,,,,,,,,,,,,,,,,,,
7Ki0hse0IfXEcXUlpyECbJ,Blue & Grey,BE,2qehskW9lYGWfYb0xPZkrS,,,,,,,,,,,,,,,,,,
16SFlxZd0oH4YA7KvCQlsG,Skit,BE,2qehskW9lYGWfYb0xPZkrS,,,,,,,,,,,,,,,,,,
6Fnvi5QnVkTskSzeRvvQds,Telepathy,BE,2qehskW9lYGWfYb0xPZkrS,,,,,,,,,,,,,,,,,,
4bQHPFjRT6O1KdMCd4cD9u,Rock 'n' Roll Star - Remastered,Stop the Clocks,6lcZGrrlTM7c276ZTWh9Sx,,,,,,,,,,,,,,,,,,
1xxPQaR29dAf3yxaafByeD,Some Might Say - Remastered,Stop the Clocks,6lcZGrrlTM7c276ZTWh9Sx,,,,,,,,,,,,,,,,,,
2LNV0347QKt4AHxRSfCBij,Talk Tonight - Remastered,Stop the Clocks,6lcZGrrlTM7c276ZTWh9Sx,,,,,,,,,,,,,,,,,,
1XYLtiNehOF8D5NmlQknpI,Lyla,Stop the Clocks,6lcZGrrlTM7c276ZTWh9Sx,,,,,,,,,,,,,,,,,,
2RUfZnDBLgXeO2A1XOj0ss,The Importance Of Being Idle,Stop the Clocks,6lcZGrrlTM7c276ZTWh9Sx,,,,,,,,,,,,,,,,,,
6b8Be6ljOzmkOmFslEb23P,24K Magic,24K Magic,4PgleR09JVnm3zY1fW3XBA,,,,,,,,,,,,,,,,,,
0mBKv9DkYfQHjdMcw2jdyI,Chunky,24K Magic,4PgleR09JVnm3zY1fW3XBA,,,,,,,,,,,,,,,,,,
1I6pKIyaBp4OebTGLJpCCC,Perm,24K Magic,4PgleR09JVnm3zY1fW3XBA,,,,,,,,,,,,,,,,,,
0KKkJNfGyhkQ5aFogxQAPU,That's What I Like,24K Magic,4PgleR09JVnm3zY1fW3XBA,,,,,,,,,,,,,,,,,,
0kN8xEmgMW9mh7UmDYHlJP,Versace on the Floor,24K Magic,4PgleR09JVnm3zY1fW3XBA,,,,,,,,,,,,,,,,,,
5FVd6KXrgO9B3JPmC8OPst,Do I Wanna Know?,AM,78bpIziExqiI9qztvNFlQu,,,,,,,,,,,,,,,,,,
2AT8iROs4FQueDv2c8q2KE,R U Mine?,AM,78bpIziExqiI9qztvNFlQu,,,,,,,,,,,,,,,,,,
6wNUBZNWFxdUGof6vkaykE,One For The Road,AM,78bpIziExqiI9qztvNFlQu,,,,,,,,,,,,,,,,,,
7nzsY8vlnKdvGOEE0rjAXZ,Arabella,AM,78bpIziExqiI9qztvNFlQu,,,,,,,,,,,,,,,,,,
1j9rezdE3YeC7yktZXC1em,I Want It All,AM,78bpIziExqiI9qztvNFlQu,,,,,,,,,,,,,,,,,,
6MowG7MRVgPfGlCMsXKMJ2,Bird Set Free,This Is Acting,77jAfTh3KH9K2reMOmTgOh,,,,,,,,,,,,,,,,,,
25R5Tdr4K7ENb6umHzdCXn,Alive,This Is Acting,77jAfTh3KH9K2reMOmTgOh,,,,,,,,,,,,,,,,,,
1CGFyZ5fSRo0DhIJOLdHVM,One Million Bullets,This Is Acting,77jAfTh3KH9K2reMOmTgOh,,,,,,,,,,,,,,,,,,
73Mfgc0HTZeNCoNrDI46sJ,Move Your Body,This Is Acting,77jAfTh3KH9K2reMOmTgOh,,,,,,,,,,,,,,,,,,
1yvMUkIOTeUNtNWlWRgANS,Unstoppable,This Is Acting,77jAfTh3KH9K2reMOmTgOh,,,,,,,,,,,,,,,,,,
14hJ5tc1VCFMWhVn9axRTC,Life Of The Party,Handwritten,0CnQ0JQajNswRjPkNYVG8m,,,,,,,,,,,,,,,,,,
5jsw9uXEGuKyJzs0boZ1bT,Stitches,Handwritten,0CnQ0JQajNswRjPkNYVG8m,,,,,,,,,,,,,,,,,,
4LWIp8HAFxpfg37mnxHqCS,Never Be Alone,Handwritten,0CnQ0JQajNswRjPkNYVG8m,,,,,,,,,,,,,,,,,,
4Iz171BOalhbOxdlodJSJD,Kid In Love,Handwritten,0CnQ0JQajNswRjPkNYVG8m,,,,,,,,,,,,,,,,,,
1oiwANJpaXZxYkwvLWor4f,I Don't Even Know Your Name,Handwritten,0CnQ0JQajNswRjPkNYVG8m,,,,,,,,,,,,,,,,,,
7JJmb5XwzOO8jgpou264Ml,There's Nothing Holdin' Me Back,Illuminate (Deluxe),3wBabo4pmzsYjALMSKY7Iq,,,,,,,,,,,,,,,,,,
7FUXL9fOmUeZFGXvL5cYkR,Ruin,Illuminate (Deluxe),3wBabo4pmzsYjALMSKY7Iq,,,,,,,,,,,,,,,,,,
0AS63m1wHv9n4VVRizK6Hc,Mercy,Illuminate (Deluxe),3wBabo4pmzsYjALMSKY7Iq,,,,,,,,,,,,,,,,,,
48DKpTEVJ2pAjxQbWTad3q,Treat You Better,Illuminate (Deluxe),3wBabo4pmzsYjALMSKY7Iq,,,,,,,,,,,,,,,,,,
1Tt5Leqvv6OawH2jth05Rw,Three Empty Words,Illuminate (Deluxe),3wBabo4pmzsYjALMSKY7Iq,,,,,,,,,,,,,,,,,,
0ttF21hZCPw2merE3GsHcP,Curtains Up - Skit,The Eminem Show,2cWBwpqMsDJC1ZUwz813lo,,,,,,,,,,,,,,,,,,
15qrWkkYCfmtu1uRpGf48L,White America,The Eminem Show,2cWBwpqMsDJC1ZUwz813lo,,,,,,,,,,,,,,,,,,
0x60P5taxdI5pcGbqbap6S,Business,The Eminem Show,2cWBwpqMsDJC1ZUwz813lo,,,,,,,,,,,,,,,,,,
7BMO7O7ImjV8HNTH74Tshv,Cleanin' Out My Closet,The Eminem Show,2cWBwpqMsDJC1ZUwz813lo,,,,,,,,,,,,,,,,,,
27mgDrExPa3obPAYXd3yQg,Square Dance,The Eminem Show,2cWBwpqMsDJC1ZUwz813lo,,,,,,,,,,,,,,,,,,
2JzZzZUQj3Qff7wapcbKjc,See You Again (feat. Charlie Puth),See You Again (feat. Charlie Puth),5FXIqS1XqbpfOKNoi5VUwS,,,,,,,,,,,,,,,,,,
0EcQcdcbQeVJn9fknj44Be,I Like Me Better,I Like Me Better,7l6fTSFvlumnPFpOSrbnDV,,,,,,,,,,,,,,,,,,
6m9RExR1U4qZZYAgOatzSn,Best 4 U,Red Pill Blues (Deluxe),1Li4rADxSxjT2g4xqUcMYh,,,,,,,,,,,,,,,,,,
2j5hsQvApottzvTn4pFJWF,What Lovers Do (feat. SZA),Red Pill Blues (Deluxe),1Li4rADxSxjT2g4xqUcMYh,,,,,,,,,,,,,,,,,,
6AvfZXpbb6r35DfF7gHPRq,Wait,Red Pill Blues (Deluxe),1Li4rADxSxjT2g4xqUcMYh,,,,,,,,,,,,,,,,,,
5ezKhlg0ZwDPgOtMCoQt1S,Lips On You,Red Pill Blues (Deluxe),1Li4rADxSxjT2g4xqUcMYh,,,,,,,,,,,,,,,,,,
7HCnuwV7xCMfqljSUcgGci,Bet My Heart,Red Pill Blues (Deluxe),1Li4rADxSxjT2g4xqUcMYh,,,,,,,,,,,,,,,,,,
5kqIPrATaCc2LqxVWzQGbk,7 Years,Lukas Graham,4rFrdkSWs0dtj0rWPzOk1v,,,,,,,,,,,,,,,,,,
5xRBYte8zzJNmRfBgYIWnX,Take the World By Storm,Lukas Graham,4rFrdkSWs0dtj0rWPzOk1v,,,,,,,,,,,,,,,,,,
5ArQzSBevAdXTxRY6Ulhbq,Mama Said,Lukas Graham,4rFrdkSWs0dtj0rWPzOk1v,,,,,,,,,,,,,,,,,,
3Vq1gRj4U2HQ4uLBbT9y9U,Happy Home,Lukas Graham,4rFrdkSWs0dtj0rWPzOk1v,,,,,,,,,,,,,,,,,,
3xi7d2yGx09UKMAAr7A3az,Drunk in the Morning,Lukas Graham,4rFrdkSWs0dtj0rWPzOk1v,,,,,,,,,,,,,,,,,,
0mtdxzBRDbueLFpiwpbHKO,Sola,VIDA,5C0YLr4OoRGFDaqdMQmkeH,,,,,,,,,,,,,,,,,,
4v4pC1y5UI5oHdcluJIJs8,Apaga La Luz,VIDA,5C0YLr4OoRGFDaqdMQmkeH,,,,,,,,,,,,,,,,,,
0oBLtIumLel0ODRz09MIbV,Le Pido Al Cielo,VIDA,5C0YLr4OoRGFDaqdMQmkeH,,,,,,,,,,,,,,,,,,
4cuGZb0iFyHtwaSKdKrJkF,Imposible,VIDA,5C0YLr4OoRGFDaqdMQmkeH,,,,,,,,,,,,,,,,,,
1s2VGd7q3D3UA3vuaHI7rw,Poco A Poco,VIDA,5C0YLr4OoRGFDaqdMQmkeH,,,,,,,,,,,,,,,,,,
6UdhIn5jito25nOYZ5jWlA,Make It Mine,We Sing. We Dance. We Steal Things.,04G0YylSjvDQZrjOfE5jA5,,,,,,,,,,,,,,,,,,
1EzrEOXmMH3G43AXT1y7pA,I'm Yours,We Sing. We Dance. We Steal Things.,04G0YylSjvDQZrjOfE5jA5,,,,,,,,,,,,,,,,,,
0IktbUcnAGrvD03AWnz3Q8,Lucky,We Sing. We Dance. We Steal Things.,04G0YylSjvDQZrjOfE5jA5,,,,,,,,,,,,,,,,,,
7rrmHHc1kY9vkIZnXrcH7T,Butterfly,We Sing. We Dance. We Steal Things.,04G0YylSjvDQZrjOfE5jA5,,,,,,,,,,,,,,,,,,
0XIVmUXrwk0IjQEOWFnyn1,Live High,We Sing. We Dance. We Steal Things.,04G0YylSjvDQZrjOfE5jA5,,,,,,,,,,,,,,,,,,
57crda5Lx9OVaYCzb4Wrnd,CAN'T STOP,BLAME IT ON BABY,623PL2MBg50Br5dLXC9E9e,,,,,,,,,,,,,,,,,,
5gNOINI5dXZVom2b36LMOd,PICK UP (feat. Quavo),BLAME IT ON BABY,623PL2MBg50Br5dLXC9E9e,,,,,,,,,,,,,,,,,,
16oi4OiKmkO51l60F5R9kR,LIGHTSKIN SH*T (feat. Future & jetsonmade),BLAME IT ON BABY,623PL2MBg50Br5dLXC9E9e,,,,,,,,,,,,,,,,,,
3QSLoxRguKgK0knOG7EGyn,TALK ABOUT IT,BLAME IT ON BABY,623PL2MBg50Br5dLXC9E9e,,,,,,,,,,,,,,,,,,
6ChpgWt7s2ksM1Y3l0D9sk,SAD SH*T,BLAME IT ON BABY,623PL2MBg50Br5dLXC9E9e,,,,,,,,,,,,,,,,,,
05jQUgTm40hzAw5uqOy0ob,Intro,2014 Forest Hills Drive,7viNUmZZ8ztn2UB4XB3jIL,,,,,,,,,,,,,,,,,,
6LBpGdlukUARutol7VgWIS,January 28th,2014 Forest Hills Drive,7viNUmZZ8ztn2UB4XB3jIL,,,,,,,,,,,,,,,,,,
4tqcoej1zPvwePZCzuAjJd,Wet Dreamz,2014 Forest Hills Drive,7viNUmZZ8ztn2UB4XB3jIL,,,,,,,,,,,,,,,,,,
11qa6plS660rrrkf6VJ3cX,03’ Adolescence,2014 Forest Hills Drive,7viNUmZZ8ztn2UB4XB3jIL,,,,,,,,,,,,,,,,,,
52A8OAP8lTQKZCj4Rce92B,A Tale Of 2 Citiez,2014 Forest Hills Drive,7viNUmZZ8ztn2UB4XB3jIL,,,,,,,,,,,,,,,,,,
4gbVRS8gloEluzf0GzDOFc,Maps,V,2Auw0pTT6EcQdvHNimhLQI,,,,,,,,,,,,,,,,,,
2bL2gyO6kBdLkNSkxXNh6x,Animals,V,2Auw0pTT6EcQdvHNimhLQI,,,,,,,,,,,,,,,,,,
2PLo8T3kGE9URFvBy3tUdt,It Was Always You,V,2Auw0pTT6EcQdvHNimhLQI,,,,,,,,,,,,,,,,,,
1m39XApxHXb2UkGItyyIUO,Unkiss Me,V,2Auw0pTT6EcQdvHNimhLQI,,,,,,,,,,,,,,,,,,
2iuZJX9X9P0GKaE93xcPjk,Sugar,V,2Auw0pTT6EcQdvHNimhLQI,,,,,,,,,,,,,,,,,,
5ghIJDpPoe3CfHMGu71E6T,Smells Like Teen Spirit,Nevermind (Deluxe Edition),2uEf3r9i2bnxwJQsxQ0xQ7,,,,,,,,,,,,,,,,,,
30HCB1FoE77IfGRyNv4eFq,In Bloom,Nevermind (Deluxe Edition),2uEf3r9i2bnxwJQsxQ0xQ7,,,,,,,,,,,,,,,,,,
4P5KoWXOxwuobLmHXLMobV,Come As You Are,Nevermind (Deluxe Edition),2uEf3r9i2bnxwJQsxQ0xQ7,,,,,,,,,,,,,,,,,,
5mJGLBNJM0GULqAoL5mb9C,Breed,Nevermind (Deluxe Edition),2uEf3r9i2bnxwJQsxQ0xQ7,,,,,,,,,,,,,,,,,,
2YodwKJnbPyNKe8XXSE9V7,Lithium,Nevermind (Deluxe Edition),2uEf3r9i2bnxwJQsxQ0xQ7,,,,,,,,,,,,,,,,,,
