track_id,track_name,album_name,album_id,popular,danceability,energy,key,loudness,mode,speechiness,acousticness,instrumentalness,liveness,valence,tempo,type,id,uri,track_href,analysis_url,duration_ms,time_signature
7qiZfU4dY1lWllzX7mPBI3,Shape of You,÷ (Deluxe),3T4tUhGYeRNVUGevb0wThu,True,0.64,0.812,8.0,-5.647,0.0,0.0834,0.086,0.0,0.0509,0.914,86.013,audio_features,7oolFzHipTMg2nL7shhdz2,spotify:track:7oolFzHipTMg2nL7shhdz2,https://api.spotify.com/v1/tracks/7oolFzHipTMg2nL7shhdz2,https://api.spotify.com/v1/audio-analysis/7oolFzHipTMg2nL7shhdz2,227427.0,4.0
0VjIjW4GlUZAMYd2vXMi3b,Blinding Lights,After Hours,4yP0hdKOZPNshxUOjY0cZj,True,0.461,0.834,2.0,-4.868,1.0,0.0989,0.0232,1.14e-05,0.14,0.471,135.007,audio_features,6PCUP3dWmTjcTtXY02oFdT,spotify:track:6PCUP3dWmTjcTtXY02oFdT,https://api.spotify.com/v1/tracks/6PCUP3dWmTjcTtXY02oFdT,https://api.spotify.com/v1/audio-analysis/6PCUP3dWmTjcTtXY02oFdT,261154.0,4.0
2XU0oxnq2qxCpomAAuJY8K,Dance Monkey,Dance Monkey (Stripped Back) / Dance Monkey,0UywfDKYlyiu1b38DRrzYD,True,0.761,0.386,4.0,-6.158,1.0,0.0399,0.355,0.0,0.0953,0.526,134.943,audio_features,51ChrwmUPDJvedPQnIU8Ls,spotify:track:51ChrwmUPDJvedPQnIU8Ls,https://api.spotify.com/v1/tracks/51ChrwmUPDJvedPQnIU8Ls,https://api.spotify.com/v1/audio-analysis/51ChrwmUPDJvedPQnIU8Ls,238440.0,3.0
7qEHsqek33rTcFNT9PFqLf,Someone You Loved,Divinely Uninspired To A Hellish Extent,5658aM19fA3JVwTK6eQX70,True,0.599,0.448,8.0,-6.312,1.0,0.0232,0.163,0.0,0.106,0.168,95.05,audio_features,0tgVpDi06FyKpA1z0VMD4v,spotify:track:0tgVpDi06FyKpA1z0VMD4v,https://api.spotify.com/v1/tracks/0tgVpDi06FyKpA1z0VMD4v,https://api.spotify.com/v1/audio-analysis/0tgVpDi06FyKpA1z0VMD4v,263400.0,3.0
0e7ipj03S05BNilyu5bRzt,rockstar (feat. 21 Savage),beerbongs & bentleys,6trNtQUgC8cgbWcqoMYkOR,True,0.218,0.652,4.0,-7.953,0.0,0.0641,0.033,0.111,0.172,0.0599,65.375,audio_features,6b5P51m8xx2XA6U7sdNZ5E,spotify:track:6b5P51m8xx2XA6U7sdNZ5E,https://api.spotify.com/v1/tracks/6b5P51m8xx2XA6U7sdNZ5E,https://api.spotify.com/v1/audio-analysis/6b5P51m8xx2XA6U7sdNZ5E,250053.0,4.0
0RiRZpuVRbi7oqRdSMwhQY,Sunflower - Spider-Man: Into the Spider-Verse,Hollywood's Bleeding,4g1ZRSobMefqF6nelkgibi,True,0.638,0.863,4.0,-5.221,0.0,0.132,0.052,5.46e-05,0.685,0.226,120.077,audio_features,2K9Ovn1o2bTGqbsABGC6m3,spotify:track:2K9Ovn1o2bTGqbsABGC6m3,https://api.spotify.com/v1/tracks/2K9Ovn1o2bTGqbsABGC6m3,https://api.spotify.com/v1/audio-analysis/2K9Ovn1o2bTGqbsABGC6m3,239973.0,4.0
1zi7xx7UVEFkmKfv06H8x0,One Dance,Views,40GMAhriYJRO1rsY4YdrZb,True,0.467,0.608,10.0,-7.847,1.0,0.0707,0.0909,8.83e-05,0.125,0.108,80.957,audio_features,6kWxIqQDsKFYCJGbU4AjCX,spotify:track:6kWxIqQDsKFYCJGbU4AjCX,https://api.spotify.com/v1/tracks/6kWxIqQDsKFYCJGbU4AjCX,https://api.spotify.com/v1/audio-analysis/6kWxIqQDsKFYCJGbU4AjCX,211400.0,4.0
7BKLCZ1jbUBVqRi2FVlTVw,Closer,Closer,0rSLgV8p5FzfnqlEk4GzxE,True,0.504,0.498,0.0,-8.24,1.0,0.0499,0.131,0.0,0.0929,0.196,87.221,audio_features,4BGZF4oLbTL0pWm7C18pbv,spotify:track:4BGZF4oLbTL0pWm7C18pbv,https://api.spotify.com/v1/tracks/4BGZF4oLbTL0pWm7C18pbv,https://api.spotify.com/v1/audio-analysis/4BGZF4oLbTL0pWm7C18pbv,191307.0,4.0
0pqnGHJpmpxLKifKRmU6WP,Believer,Evolve,33pt9HBdGlAbRGBHQgsZsU,True,0.55,0.611,0.0,-7.475,1.0,0.137,0.162,6.88e-05,0.121,0.243,148.062,audio_features,3WlbeuhfRSqU7ylK2Ui5U7,spotify:track:3WlbeuhfRSqU7ylK2Ui5U7,https://api.spotify.com/v1/tracks/3WlbeuhfRSqU7ylK2Ui5U7,https://api.spotify.com/v1/audio-analysis/3WlbeuhfRSqU7ylK2Ui5U7,247187.0,4.0
0TK2YIli7K1leLovkQiNik,Señorita,Señorita,2ZaX1FdZCwchXl1QZiD4O4,True,0.664,0.212,6.0,-7.762,0.0,0.046,0.931,0.0,0.102,0.574,83.245,audio_features,1ooBIqsmV1ocRldBZrvLPD,spotify:track:1ooBIqsmV1ocRldBZrvLPD,https://api.spotify.com/v1/tracks/1ooBIqsmV1ocRldBZrvLPD,https://api.spotify.com/v1/audio-analysis/1ooBIqsmV1ocRldBZrvLPD,171461.0,4.0
5HCyWlXZPP0y6Gqq8TgA20,STAY (with Justin Bieber),STAY (with Justin Bieber),4QLAtpLNUsHEYrcHXmMIZZ,True,0.722,0.565,4.0,-5.848,1.0,0.0335,0.435,0.0,0.165,0.488,104.483,audio_features,0pEkK8MqbmGSX7fT8WLMbR,spotify:track:0pEkK8MqbmGSX7fT8WLMbR,https://api.spotify.com/v1/tracks/0pEkK8MqbmGSX7fT8WLMbR,https://api.spotify.com/v1/audio-analysis/0pEkK8MqbmGSX7fT8WLMbR,185658.0,4.0
0tgVpDi06FyKpA1z0VMD4v,Perfect,÷ (Deluxe),3T4tUhGYeRNVUGevb0wThu,True,0.736,0.308,4.0,-7.83,1.0,0.0677,0.946,0.0,0.186,0.361,111.202,audio_features,4Of7rzpRpV1mWRbhp5rAqG,spotify:track:4Of7rzpRpV1mWRbhp5rAqG,https://api.spotify.com/v1/tracks/4Of7rzpRpV1mWRbhp5rAqG,https://api.spotify.com/v1/audio-analysis/4Of7rzpRpV1mWRbhp5rAqG,220492.0,4.0
5uCax9HTNlzGybIStD3vDh,Say You Won't Let Go,Back from the Edge,7oiJYvEJHsmYtrgviAVIBD,True,0.688,0.53,11.0,-5.507,1.0,0.0333,0.443,0.0,0.0995,0.162,106.958,audio_features,60iSKGrGazRzICtMjADNSM,spotify:track:60iSKGrGazRzICtMjADNSM,https://api.spotify.com/v1/tracks/60iSKGrGazRzICtMjADNSM,https://api.spotify.com/v1/audio-analysis/60iSKGrGazRzICtMjADNSM,205687.0,4.0
2Fxmhks0bxGSBdJ92vM42m,bad guy,"WHEN WE ALL FALL ASLEEP, WHERE DO WE GO?",0S0KGZnfBGSIssfF54WSJh,True,0.681,0.636,4.0,-5.485,1.0,0.0409,0.65,0.0,0.258,0.341,96.966,audio_features,5HU2B0yEnvg5EUB8FWeoda,spotify:track:5HU2B0yEnvg5EUB8FWeoda,https://api.spotify.com/v1/tracks/5HU2B0yEnvg5EUB8FWeoda,https://api.spotify.com/v1/audio-analysis/5HU2B0yEnvg5EUB8FWeoda,210116.0,4.0
3USxtqRwSYz57Ewm6wWRMp,Heat Waves,Heat Waves,69K1zrf6TkXHdYUO8n2qVi,True,0.625,0.536,0.0,-5.428,1.0,0.0776,0.038,2.31e-05,0.167,0.253,159.914,audio_features,3fpVWegR6YOS1Yk5HSMYIq,spotify:track:3fpVWegR6YOS1Yk5HSMYIq,https://api.spotify.com/v1/tracks/3fpVWegR6YOS1Yk5HSMYIq,https://api.spotify.com/v1/audio-analysis/3fpVWegR6YOS1Yk5HSMYIq,221787.0,4.0
34gCuhDGsG4bRPIf9bb02f,Thinking out Loud,x (Deluxe Edition),1xn54DMo2qIqBuMqHtUsFd,True,0.672,0.717,1.0,-2.714,1.0,0.034,0.341,2.4e-05,0.106,0.225,160.981,audio_features,5VuxWXbt7XENQCtE9TzpTv,spotify:track:5VuxWXbt7XENQCtE9TzpTv,https://api.spotify.com/v1/tracks/5VuxWXbt7XENQCtE9TzpTv,https://api.spotify.com/v1/audio-analysis/5VuxWXbt7XENQCtE9TzpTv,194560.0,4.0
285pBltuF7vW8TeWk8hdRR,Lucid Dreams,Goodbye & Good Riddance,6tkjU4Umpo79wwkgPMV3nZ,True,0.599,0.571,2.0,-4.998,1.0,0.0665,0.198,0.0,0.0969,0.285,151.974,audio_features,2VdT56BGpdqNHUgOe1j5vc,spotify:track:2VdT56BGpdqNHUgOe1j5vc,https://api.spotify.com/v1/tracks/2VdT56BGpdqNHUgOe1j5vc,https://api.spotify.com/v1/audio-analysis/2VdT56BGpdqNHUgOe1j5vc,206453.0,4.0
3PfIrDoz19wz7qK7tYeu62,Don't Start Now,Future Nostalgia,7fJJK56U9fHixgO0HQkhtI,True,0.738,0.824,5.0,-5.165,0.0,0.0437,0.15,0.0,0.132,0.386,138.039,audio_features,5lZZmityu9TAjNvSY6GLhR,spotify:track:5lZZmityu9TAjNvSY6GLhR,https://api.spotify.com/v1/tracks/5lZZmityu9TAjNvSY6GLhR,https://api.spotify.com/v1/audio-analysis/5lZZmityu9TAjNvSY6GLhR,204360.0,4.0
6DCZcSspjsKoFjzjrWoCdn,God's Plan,Scorpion,1ATL5GLyefJaxhQzSPVrLX,True,0.762,0.621,0.0,-6.24,1.0,0.0866,0.61,0.0,0.464,0.593,120.056,audio_features,5ffntNJnJOeFv7b7DCd0Bw,spotify:track:5ffntNJnJOeFv7b7DCd0Bw,https://api.spotify.com/v1/tracks/5ffntNJnJOeFv7b7DCd0Bw,https://api.spotify.com/v1/audio-analysis/5ffntNJnJOeFv7b7DCd0Bw,216747.0,4.0
7MXVkk9YMctZqd1Srtv4MB,Starboy,Starboy,2ODvWsOgouMbaA5xf0RkJe,True,0.405,0.646,4.0,-3.206,0.0,0.0476,0.331,0.0,0.103,0.17,130.218,audio_features,7sWRlDoTDX8geTR8zzr2vt,spotify:track:7sWRlDoTDX8geTR8zzr2vt,https://api.spotify.com/v1/tracks/7sWRlDoTDX8geTR8zzr2vt,https://api.spotify.com/v1/audio-analysis/7sWRlDoTDX8geTR8zzr2vt,156267.0,4.0
0u2P5u6lvoDfwTYjAADbn4,lovely (with Khalid),lovely (with Khalid),2sBB17RXTamvj7Ncps15AK,True,0.617,0.684,0.0,-3.618,1.0,0.0439,0.0545,0.0,0.104,0.295,132.113,audio_features,05mDaV9Vb3wrzjF6OPZnhq,spotify:track:05mDaV9Vb3wrzjF6OPZnhq,https://api.spotify.com/v1/tracks/05mDaV9Vb3wrzjF6OPZnhq,https://api.spotify.com/v1/audio-analysis/05mDaV9Vb3wrzjF6OPZnhq,150867.0,4.0
6UelLqGlWMcVH1E5c4H7lY,Watermelon Sugar,Fine Line,7xV2TzoaVc0ycW7fwBwAml,True,0.542,0.674,6.0,-4.169,1.0,0.21,0.0588,0.0,0.0955,0.667,76.388,audio_features,0Xek5rqai2jcOWCYWJfVCF,spotify:track:0Xek5rqai2jcOWCYWJfVCF,https://api.spotify.com/v1/tracks/0Xek5rqai2jcOWCYWJfVCF,https://api.spotify.com/v1/audio-analysis/0Xek5rqai2jcOWCYWJfVCF,196760.0,4.0
1HNkqx9Ahdgi1Ixy2xkKkL,Photograph,x (Deluxe Edition),1xn54DMo2qIqBuMqHtUsFd,True,0.665,0.741,0.0,-3.694,1.0,0.0787,0.154,3.02e-05,0.345,0.57,144.968,audio_features,1YscJ7yVTlFxW3eF6pv5ba,spotify:track:1YscJ7yVTlFxW3eF6pv5ba,https://api.spotify.com/v1/tracks/1YscJ7yVTlFxW3eF6pv5ba,https://api.spotify.com/v1/audio-analysis/1YscJ7yVTlFxW3eF6pv5ba,156893.0,4.0
7tFiyTwD0nx5a1eklYtX2J,Bohemian Rhapsody - Remastered 2011,A Night At The Opera (2011 Remaster),1GbtB4zTqAsyfZEsm1RZfx,True,0.632,0.732,6.0,-3.498,1.0,0.092,0.105,1.15e-05,0.111,0.317,159.0,audio_features,2J0NXdHr6MYvKDSxB7k3V2,spotify:track:2J0NXdHr6MYvKDSxB7k3V2,https://api.spotify.com/v1/tracks/2J0NXdHr6MYvKDSxB7k3V2,https://api.spotify.com/v1/audio-analysis/2J0NXdHr6MYvKDSxB7k3V2,221173.0,4.0
6RUKPb4LETWmmr3iAEQktW,Something Just Like This,Memories...Do Not Open,4JPguzRps3kuWDD5GS6oXr,True,0.378,0.566,9.0,-7.685,0.0,0.0482,0.149,0.0,0.382,0.196,87.691,audio_features,7sBwAWyXfiIgrYQ8BaJESH,spotify:track:7sBwAWyXfiIgrYQ8BaJESH,https://api.spotify.com/v1/tracks/7sBwAWyXfiIgrYQ8BaJESH,https://api.spotify.com/v1/audio-analysis/7sBwAWyXfiIgrYQ8BaJESH,328907.0,3.0
2VxeLyX666F8uXCJ0dZF8B,Shallow,A Star Is Born Soundtrack,4sLtOBOzn4s3GDUv3c5oJD,True,0.68,0.712,10.0,-7.184,1.0,0.0453,0.000803,0.000612,0.237,0.0379,100.009,audio_features,1C7KSXR2GVxknex6I4ANco,spotify:track:1C7KSXR2GVxknex6I4ANco,https://api.spotify.com/v1/tracks/1C7KSXR2GVxknex6I4ANco,https://api.spotify.com/v1/audio-analysis/1C7KSXR2GVxknex6I4ANco,255787.0,4.0
3ee8Jmje8o58CHK66QrVC2,SAD!,?,2Ti79nwTsont5ZHfdxIzAm,True,0.429,0.43,2.0,-11.373,1.0,0.165,0.338,1.18e-05,0.138,0.125,174.983,audio_features,03L2AoiRbWhvt7BDMx1jUB,spotify:track:03L2AoiRbWhvt7BDMx1jUB,https://api.spotify.com/v1/tracks/03L2AoiRbWhvt7BDMx1jUB,https://api.spotify.com/v1/audio-analysis/03L2AoiRbWhvt7BDMx1jUB,297373.0,4.0
50kpGaPAhYJ3sGmk6vplg0,Love Yourself,Purpose (Deluxe),6Fr2rQkZ383FcMqFyT7yPr,True,0.582,0.677,7.0,-7.081,1.0,0.172,0.0312,6.6e-06,0.122,0.205,193.818,audio_features,3cjF2OFRmip8spwZYQRKxP,spotify:track:3cjF2OFRmip8spwZYQRKxP,https://api.spotify.com/v1/tracks/3cjF2OFRmip8spwZYQRKxP,https://api.spotify.com/v1/audio-analysis/3cjF2OFRmip8spwZYQRKxP,240653.0,4.0
21jGcNKet2qwijlDFuPiPb,Circles,Hollywood's Bleeding,4g1ZRSobMefqF6nelkgibi,True,0.787,0.635,4.0,-8.271,0.0,0.155,0.0253,0.0,0.357,0.237,130.018,audio_features,5NFYuqu8V6QXc6mzcLImd6,spotify:track:5NFYuqu8V6QXc6mzcLImd6,https://api.spotify.com/v1/tracks/5NFYuqu8V6QXc6mzcLImd6,https://api.spotify.com/v1/audio-analysis/5NFYuqu8V6QXc6mzcLImd6,209413.0,4.0
3U4isOIWM3VvDubwSI3y7a,All of Me,Love In The Future (Expanded Edition),4OTAx9un4e6NfoHuVRiOrC,True,0.301,0.672,2.0,-4.497,1.0,0.0623,0.28,3.1e-05,0.0609,0.384,169.497,audio_features,31VOknKjFrEX47bZXzqcoF,spotify:track:31VOknKjFrEX47bZXzqcoF,https://api.spotify.com/v1/tracks/31VOknKjFrEX47bZXzqcoF,https://api.spotify.com/v1/audio-analysis/31VOknKjFrEX47bZXzqcoF,230289.0,3.0
1CS7Sd1u5tWkstBhpssyjP,Take Me to Church,Hozier,0Uv83rRhY5QvHKkQoULRKk,True,0.639,0.641,2.0,-7.423,1.0,0.0609,0.0066,9.91e-06,0.185,0.0725,120.927,audio_features,28heol5hhOGj6KYbJrRteJ,spotify:track:28heol5hhOGj6KYbJrRteJ,https://api.spotify.com/v1/tracks/28heol5hhOGj6KYbJrRteJ,https://api.spotify.com/v1/audio-analysis/28heol5hhOGj6KYbJrRteJ,190120.0,4.0
1zB4vmk8tFRmM9UULNzbLB,Thunder,Evolve,33pt9HBdGlAbRGBHQgsZsU,True,0.672,0.655,10.0,-5.021,0.0,0.0311,0.0362,0.0,0.117,0.556,134.945,audio_features,6Qn5zhYkTa37e91HC1D7lb,spotify:track:6Qn5zhYkTa37e91HC1D7lb,https://api.spotify.com/v1/tracks/6Qn5zhYkTa37e91HC1D7lb,https://api.spotify.com/v1/audio-analysis/6Qn5zhYkTa37e91HC1D7lb,201240.0,4.0
6ocbgoVGwYJhOv1GgI9NsF,7 rings,"thank u, next",2fYhqwDWXjbpjaIJPEfKFw,True,0.54,0.761,4.0,-5.339,1.0,0.0372,0.0163,0.0,0.0941,0.147,100.008,audio_features,1y3bE5i57eUm3hfLAc7h08,spotify:track:1y3bE5i57eUm3hfLAc7h08,https://api.spotify.com/v1/tracks/1y3bE5i57eUm3hfLAc7h08,https://api.spotify.com/v1/audio-analysis/1y3bE5i57eUm3hfLAc7h08,232907.0,4.0
2QjOHCTQ1Jl3zawyYOpxh6,Sweater Weather,I Love You.,4xkM0BwLM9H2IUcbYzpcBI,True,0.64,0.812,8.0,-5.647,0.0,0.0834,0.086,0.0,0.0509,0.914,86.013,audio_features,7oolFzHipTMg2nL7shhdz2,spotify:track:7oolFzHipTMg2nL7shhdz2,https://api.spotify.com/v1/tracks/7oolFzHipTMg2nL7shhdz2,https://api.spotify.com/v1/audio-analysis/7oolFzHipTMg2nL7shhdz2,227427.0,4.0
6gBFPUFcJLzWGx4lenP6h2,goosebumps,Birds In The Trap Sing McKnight,42WVQWuf1teDysXiOupIZt,True,0.461,0.834,2.0,-4.868,1.0,0.0989,0.0232,1.14e-05,0.14,0.471,135.007,audio_features,6PCUP3dWmTjcTtXY02oFdT,spotify:track:6PCUP3dWmTjcTtXY02oFdT,https://api.spotify.com/v1/tracks/6PCUP3dWmTjcTtXY02oFdT,https://api.spotify.com/v1/audio-analysis/6PCUP3dWmTjcTtXY02oFdT,261154.0,4.0
7m9OqQk4RVRkw9JJdeAw96,Jocelyn Flores,17,5VdyJkLe3yvOs0l4xXbWp0,True,0.761,0.386,4.0,-6.158,1.0,0.0399,0.355,0.0,0.0953,0.526,134.943,audio_features,51ChrwmUPDJvedPQnIU8Ls,spotify:track:51ChrwmUPDJvedPQnIU8Ls,https://api.spotify.com/v1/tracks/51ChrwmUPDJvedPQnIU8Ls,https://api.spotify.com/v1/audio-analysis/51ChrwmUPDJvedPQnIU8Ls,238440.0,3.0
1rfofaqEpACxVEHIZBJe6W,Havana (feat. Young Thug),Camila,2vD3zSQr8hNlg0obNel4TE,True,0.825,0.652,1.0,-3.183,0.0,0.0802,0.581,0.0,0.0931,0.931,95.977,audio_features,7qiZfU4dY1lWllzX7mPBI3,spotify:track:7qiZfU4dY1lWllzX7mPBI3,https://api.spotify.com/v1/tracks/7qiZfU4dY1lWllzX7mPBI3,https://api.spotify.com/v1/audio-analysis/7qiZfU4dY1lWllzX7mPBI3,233713.0,4.0
7GX5flRQZVHRAGd6B4TmDO,XO Tour Llif3,Luv Is Rage 2,733e1ZfktLSwj96X5rsMeE,True,0.486,0.726,7.0,-4.441,0.0,0.0539,0.091,0.0,0.122,0.474,73.102,audio_features,0NPRq1Ti6JYKOqSyiVYWZT,spotify:track:0NPRq1Ti6JYKOqSyiVYWZT,https://api.spotify.com/v1/tracks/0NPRq1Ti6JYKOqSyiVYWZT,https://api.spotify.com/v1/audio-analysis/0NPRq1Ti6JYKOqSyiVYWZT,234147.0,4.0
3CRDbSIZ4r5MsZ0YwxuEkn,Stressed Out,Blurryface,3cQO7jp5S9qLBoIVtbkSM1,True,0.601,0.85,10.0,-5.122,1.0,0.117,0.0288,0.0,0.183,0.759,135.947,audio_features,1wthp2KAndNsDPZxEGVNKK,spotify:track:1wthp2KAndNsDPZxEGVNKK,https://api.spotify.com/v1/tracks/1wthp2KAndNsDPZxEGVNKK,https://api.spotify.com/v1/audio-analysis/1wthp2KAndNsDPZxEGVNKK,238160.0,4.0
2ekn2ttSfGqwhhate0LSR0,New Rules,Dua Lipa (Deluxe),01sfgrNbnnPUEyz6GZYlt9,True,0.696,0.543,11.0,-6.164,1.0,0.0489,0.308,0.0,0.0939,0.479,107.969,audio_features,0VhgEqMTNZwYL1ARDLLNCX,spotify:track:0VhgEqMTNZwYL1ARDLLNCX,https://api.spotify.com/v1/tracks/0VhgEqMTNZwYL1ARDLLNCX,https://api.spotify.com/v1/audio-analysis/0VhgEqMTNZwYL1ARDLLNCX,246880.0,4.0
7BqHUALzNBTanL6OvsqmC1,Happier,Happier,78EicdHZr5XBWD7llEZ1Jh,True,0.476,0.592,6.0,-5.181,0.0,0.0644,0.394,0.0,0.15,0.325,81.976,audio_features,31YexNcOMVSFTEDGmQusSI,spotify:track:31YexNcOMVSFTEDGmQusSI,https://api.spotify.com/v1/tracks/31YexNcOMVSFTEDGmQusSI,https://api.spotify.com/v1/audio-analysis/31YexNcOMVSFTEDGmQusSI,191080.0,4.0
7KXjTSCq5nL1LoYtL7XAwS,HUMBLE.,DAMN.,4eLPsYPBmXABThSJ821sqY,True,0.0,0.278,1.0,-21.63,1.0,0.0,0.768,0.0,0.669,0.0,0.0,audio_features,0rQtoQXQfwpDW0c7Fw1NeM,spotify:track:0rQtoQXQfwpDW0c7Fw1NeM,https://api.spotify.com/v1/tracks/0rQtoQXQfwpDW0c7Fw1NeM,https://api.spotify.com/v1/audio-analysis/0rQtoQXQfwpDW0c7Fw1NeM,13578.0,0.0
2xLMifQCjDGFmkHkpNLD9h,SICKO MODE,ASTROWORLD,41GuZcammIkupMPKH2OJ6I,True,0.521,0.125,9.0,-17.832,1.0,0.239,0.751,0.00207,0.265,0.0528,111.554,audio_features,4QIo4oxwzzafcBWkKjDpXY,spotify:track:4QIo4oxwzzafcBWkKjDpXY,https://api.spotify.com/v1/tracks/4QIo4oxwzzafcBWkKjDpXY,https://api.spotify.com/v1/audio-analysis/4QIo4oxwzzafcBWkKjDpXY,243725.0,4.0
2tpWsVSb9UEmDRxAl1zhX1,Counting Stars,Native,20lOt6G8MHv8ZO7ViOmiP7,True,0.678,0.533,4.0,-10.485,1.0,0.186,0.462,0.219,0.139,0.323,150.455,audio_features,3XF5xLJHOQQRbWya6hBp7d,spotify:track:3XF5xLJHOQQRbWya6hBp7d,https://api.spotify.com/v1/tracks/3XF5xLJHOQQRbWya6hBp7d,https://api.spotify.com/v1/audio-analysis/3XF5xLJHOQQRbWya6hBp7d,180953.0,4.0
1KxwZYyzWNyZSRyErj2ojT,Let Her Go,All The Little Lights,2mylGx7w2Q3yhUyN8iEWOF,True,0.726,0.444,8.0,-8.922,0.0,0.372,0.283,0.143,0.177,0.569,185.044,audio_features,6IRdLKIyS4p7XNiP8r6rsx,spotify:track:6IRdLKIyS4p7XNiP8r6rsx,https://api.spotify.com/v1/tracks/6IRdLKIyS4p7XNiP8r6rsx,https://api.spotify.com/v1/audio-analysis/6IRdLKIyS4p7XNiP8r6rsx,168840.0,4.0
0nrRP2bk19rLc0orkWPQk2,Wake Me Up,True,1s9tU91VJt4sU5owi29GD3,True,0.464,0.321,2.0,-11.12,1.0,0.0418,0.877,0.0,0.0789,0.306,93.528,audio_features,5TvFfDlVoUWZvfqrhTJzD7,spotify:track:5TvFfDlVoUWZvfqrhTJzD7,https://api.spotify.com/v1/tracks/5TvFfDlVoUWZvfqrhTJzD7,https://api.spotify.com/v1/audio-analysis/5TvFfDlVoUWZvfqrhTJzD7,252760.0,4.0
3JvrhDOgAt6p7K8mDyZwRd,Riptide,Dream Your Life Away,6rIbiUMmZJfqJRnXhVxFvg,True,0.697,0.377,3.0,-7.755,1.0,0.0397,0.556,0.0,0.0999,0.336,138.754,audio_features,0xCA70t1ZA4fa9UOE0lIJm,spotify:track:0xCA70t1ZA4fa9UOE0lIJm,https://api.spotify.com/v1/tracks/0xCA70t1ZA4fa9UOE0lIJm,https://api.spotify.com/v1/audio-analysis/0xCA70t1ZA4fa9UOE0lIJm,244573.0,4.0
09CtPGIpYB4BrO8qb1RGsF,Sorry,Purpose (Deluxe),6Fr2rQkZ383FcMqFyT7yPr,True,0.818,0.67,8.0,-4.451,0.0,0.0472,0.304,1.22e-06,0.0601,0.939,119.988,audio_features,6K8qKeWo5MsFED7wCR6Kop,spotify:track:6K8qKeWo5MsFED7wCR6Kop,https://api.spotify.com/v1/tracks/6K8qKeWo5MsFED7wCR6Kop,https://api.spotify.com/v1/audio-analysis/6K8qKeWo5MsFED7wCR6Kop,235382.0,4.0
7fBv7CLKzipRk6EC6TWHOB,The Hills,Beauty Behind The Madness,0P3oVJBFOv3TDXlYRhGL7s,True,0.806,0.608,1.0,-7.008,1.0,0.0659,0.0113,0.0,0.635,0.849,95.049,audio_features,1huvTbEYtgltjQRXzrNKGi,spotify:track:1huvTbEYtgltjQRXzrNKGi,https://api.spotify.com/v1/tracks/1huvTbEYtgltjQRXzrNKGi,https://api.spotify.com/v1/audio-analysis/1huvTbEYtgltjQRXzrNKGi,219840.0,4.0
01aTsQoKoeXofSTvKuunzv,Lean On,Peace Is The Mission : Extended,2U0b5MfkMUgzdvRUI69mya,True,0.791,0.669,6.0,-7.189,0.0,0.146,0.175,0.0,0.33,0.809,92.013,audio_features,3GKSfF6c3Rv3a1knSjxnXa,spotify:track:3GKSfF6c3Rv3a1knSjxnXa,https://api.spotify.com/v1/tracks/3GKSfF6c3Rv3a1knSjxnXa,https://api.spotify.com/v1/audio-analysis/3GKSfF6c3Rv3a1knSjxnXa,225533.0,4.0
0lYBSQXN6rCTvUZvg9S0lU,Let Me Love You,Encore,02sEJTj1sye1JaqxqpcSCp,True,0.558,0.384,6.0,-13.644,0.0,0.143,0.93,6.79e-05,0.604,0.829,75.956,audio_features,7LoWAhcGbxSkT6trTqXQR6,spotify:track:7LoWAhcGbxSkT6trTqXQR6,https://api.spotify.com/v1/tracks/7LoWAhcGbxSkT6trTqXQR6,https://api.spotify.com/v1/audio-analysis/7LoWAhcGbxSkT6trTqXQR6,74866.0,4.0
0zLCBJZSiELJf02ucPP9wb,Roses - Imanbek Remix,Roses (Imanbek Remix),3GqSdhWjmMypMwPLtzoFYs,True,0.671,0.529,0.0,-7.226,1.0,0.307,0.0769,0.000335,0.0856,0.203,161.989,audio_features,4VXIryQMWpIdGgYR4TrjT1,spotify:track:4VXIryQMWpIdGgYR4TrjT1,https://api.spotify.com/v1/tracks/4VXIryQMWpIdGgYR4TrjT1,https://api.spotify.com/v1/audio-analysis/4VXIryQMWpIdGgYR4TrjT1,165820.0,4.0
3bidbhpOYeV4knp8AIu8Xn,Can't Hold Us (feat. Ray Dalton),The Heist,76FXHQhTuT4QMIxfL09gX8,True,0.742,0.579,0.0,-5.024,1.0,0.202,0.0381,0.0,0.0952,0.502,144.994,audio_features,1a7WZZZH7LzyvorhpOJFTe,spotify:track:1a7WZZZH7LzyvorhpOJFTe,https://api.spotify.com/v1/tracks/1a7WZZZH7LzyvorhpOJFTe,https://api.spotify.com/v1/audio-analysis/1a7WZZZH7LzyvorhpOJFTe,258475.0,4.0
4ZtFanR9U6ndgddUvNcjcG,good 4 u,SOUR,6s84u2TUpR3wdUv4NgKA2j,True,0.736,0.67,10.0,-6.702,1.0,0.311,0.186,0.0,0.114,0.845,130.032,audio_features,5wujBwqG7INdStqGd4tRMX,spotify:track:5wujBwqG7INdStqGd4tRMX,https://api.spotify.com/v1/tracks/5wujBwqG7INdStqGd4tRMX,https://api.spotify.com/v1/audio-analysis/5wujBwqG7INdStqGd4tRMX,169999.0,4.0
7dt6x5M1jzdTEt8oCbisTK,Better Now,beerbongs & bentleys,6trNtQUgC8cgbWcqoMYkOR,True,0.875,0.813,7.0,-4.502,1.0,0.0579,0.00618,0.0,0.321,0.859,114.993,audio_features,6zrJLhslleCHby0wbUnvVy,spotify:track:6zrJLhslleCHby0wbUnvVy,https://api.spotify.com/v1/tracks/6zrJLhslleCHby0wbUnvVy,https://api.spotify.com/v1/audio-analysis/6zrJLhslleCHby0wbUnvVy,184882.0,4.0
3a1lNhkSLSkpJE4MSHpDu9,Congratulations,Stoney (Deluxe),5s0rmjP8XOPhP6HhqOhuyC,True,0.469,0.785,5.0,-4.015,0.0,0.0664,0.133,1.55e-06,0.0931,0.79,89.719,audio_features,2nMOodYNHBAQ3Kc1QNimZU,spotify:track:2nMOodYNHBAQ3Kc1QNimZU,https://api.spotify.com/v1/tracks/2nMOodYNHBAQ3Kc1QNimZU,https://api.spotify.com/v1/audio-analysis/2nMOodYNHBAQ3Kc1QNimZU,209583.0,4.0
698ItKASDavgwZ3WjaWjtz,Faded,Different World,3nzuGtN3nXARvvecier4K0,True,0.647,0.844,0.0,-3.756,1.0,0.0457,0.0137,0.000658,0.102,0.746,146.967,audio_features,3AzjcOeAmA57TIOr9zF1ZW,spotify:track:3AzjcOeAmA57TIOr9zF1ZW,https://api.spotify.com/v1/tracks/3AzjcOeAmA57TIOr9zF1ZW,https://api.spotify.com/v1/audio-analysis/3AzjcOeAmA57TIOr9zF1ZW,193829.0,4.0
7ef4DlsgrMEH11cDZd32M6,One Kiss (with Dua Lipa),One Kiss (with Dua Lipa),7GEzhoTiqcPYkOprWQu581,True,0.695,0.884,6.0,-2.278,0.0,0.0753,0.0561,0.0,0.213,0.914,103.014,audio_features,39LLxExYz6ewLAcYrzQQyP,spotify:track:39LLxExYz6ewLAcYrzQQyP,https://api.spotify.com/v1/tracks/39LLxExYz6ewLAcYrzQQyP,https://api.spotify.com/v1/audio-analysis/39LLxExYz6ewLAcYrzQQyP,203808.0,4.0
3QGsuHI8jO1Rx4JWLUh9jd,Treat You Better,Illuminate,1ne2D0NxoGyZd31gAM4HNd,True,0.555,0.596,9.0,-9.09,0.0,0.375,0.133,0.0,0.123,0.145,77.324,audio_features,2yg9UN4eo5eMVJ7OB4RWj3,spotify:track:2yg9UN4eo5eMVJ7OB4RWj3,https://api.spotify.com/v1/tracks/2yg9UN4eo5eMVJ7OB4RWj3,https://api.spotify.com/v1/audio-analysis/2yg9UN4eo5eMVJ7OB4RWj3,136187.0,4.0
5wANPM4fQCJwkGd4rN57mH,drivers license,SOUR,6s84u2TUpR3wdUv4NgKA2j,True,0.912,0.412,7.0,-8.074,1.0,0.123,0.0165,0.0126,0.104,0.423,154.983,audio_features,0TlLq3lA83rQOYtrqBqSct,spotify:track:0TlLq3lA83rQOYtrqBqSct,https://api.spotify.com/v1/tracks/0TlLq3lA83rQOYtrqBqSct,https://api.spotify.com/v1/audio-analysis/0TlLq3lA83rQOYtrqBqSct,238614.0,4.0
5Nm9ERjJZ5oyfXZTECKmRt,Stay With Me,In The Lonely Hour,08jWgM4vSkTose4blKBWov,True,0.758,0.474,1.0,-8.72,1.0,0.147,0.0152,0.0,0.116,0.0542,76.061,audio_features,3szf2z1Cy1QMrtHrbn8rz9,spotify:track:3szf2z1Cy1QMrtHrbn8rz9,https://api.spotify.com/v1/tracks/3szf2z1Cy1QMrtHrbn8rz9,https://api.spotify.com/v1/audio-analysis/3szf2z1Cy1QMrtHrbn8rz9,184960.0,4.0
1i1fxkWeaMmKEB4T7zqbzK,Don't Let Me Down,Don't Let Me Down,2SByipSK8eZ2pasaIwwzhf,True,0.414,0.677,1.0,-5.12,1.0,0.254,0.0248,0.0,0.0793,0.0853,172.521,audio_features,5Psnhdkyanjpgc2P8A5TSM,spotify:track:5Psnhdkyanjpgc2P8A5TSM,https://api.spotify.com/v1/tracks/5Psnhdkyanjpgc2P8A5TSM,https://api.spotify.com/v1/audio-analysis/5Psnhdkyanjpgc2P8A5TSM,302173.0,4.0
5p7ujcrUXASCNwRaWNHR1C,Without Me,Without Me,0zzrCTzvL4ZmR42xF46Afm,True,0.573,0.63,1.0,-8.389,1.0,0.105,0.189,2.31e-05,0.259,0.218,77.525,audio_features,4F7A0DXBrmUAkp32uenhZt,spotify:track:4F7A0DXBrmUAkp32uenhZt,https://api.spotify.com/v1/tracks/4F7A0DXBrmUAkp32uenhZt,https://api.spotify.com/v1/audio-analysis/4F7A0DXBrmUAkp32uenhZt,249213.0,4.0
0vbtURX4qv1l7besfwmnD8,I Took A Pill In Ibiza - Seeb Remix,"At Night, Alone.",6Phl1V5P0sPrWJytXHGFeO,True,0.517,0.677,8.0,-6.373,0.0,0.0746,0.0324,3.37e-05,0.189,0.192,173.978,audio_features,4oeaIftdpT3JuZLcCkKmVE,spotify:track:4oeaIftdpT3JuZLcCkKmVE,https://api.spotify.com/v1/tracks/4oeaIftdpT3JuZLcCkKmVE,https://api.spotify.com/v1/audio-analysis/4oeaIftdpT3JuZLcCkKmVE,220307.0,4.0
4Dvkj6JhhA12EX05fT7y2e,As It Was,As It Was,2pqdSWeJVsXAhHFuVLzuA8,True,0.706,0.505,8.0,-6.923,1.0,0.193,0.142,0.0,0.164,0.388,160.053,audio_features,37F0uwRSrdzkBiuj0D5UHI,spotify:track:37F0uwRSrdzkBiuj0D5UHI,https://api.spotify.com/v1/tracks/37F0uwRSrdzkBiuj0D5UHI,https://api.spotify.com/v1/audio-analysis/37F0uwRSrdzkBiuj0D5UHI,218880.0,4.0
32OlwWuMpZ6b0aN2RZOeMS,Uptown Funk (feat. Bruno Mars),Uptown Special,3vLaOYCNCzngDf8QdBg2V1,True,0.738,0.885,9.0,-5.547,0.0,0.206,0.0133,0.0,0.0821,0.752,112.878,audio_features,36YCdzT57us0LhDmCYtrNE,spotify:track:36YCdzT57us0LhDmCYtrNE,https://api.spotify.com/v1/tracks/36YCdzT57us0LhDmCYtrNE,https://api.spotify.com/v1/audio-analysis/36YCdzT57us0LhDmCYtrNE,232880.0,4.0
3HVWdVOQ0ZA45FuZGSfvns,I Don't Care (with Justin Bieber),I Don't Care (with Justin Bieber),5Nux7ozBJ5KJ02QYWwrneR,True,0.448,0.838,4.0,-5.257,0.0,0.0557,0.21,0.000131,0.131,0.254,139.863,audio_features,45S5WTQEGOB1VHr1Q4FuPl,spotify:track:45S5WTQEGOB1VHr1Q4FuPl,https://api.spotify.com/v1/tracks/45S5WTQEGOB1VHr1Q4FuPl,https://api.spotify.com/v1/audio-analysis/45S5WTQEGOB1VHr1Q4FuPl,208907.0,4.0
4cktbXiXOapiLBMprHFErI,Memories,Memories,3nR9B40hYLKLcR0Eph3Goc,True,0.676,0.771,8.0,-3.675,1.0,0.0483,0.0237,7e-06,0.102,0.569,99.048,audio_features,3jjujdWJ72nww5eGnfs2E7,spotify:track:3jjujdWJ72nww5eGnfs2E7,https://api.spotify.com/v1/tracks/3jjujdWJ72nww5eGnfs2E7,https://api.spotify.com/v1/audio-analysis/3jjujdWJ72nww5eGnfs2E7,207133.0,4.0
3e9HZxeyfWwjeyPAMmWSSQ,"thank u, next","thank u, next",2fYhqwDWXjbpjaIJPEfKFw,True,0.575,0.621,10.0,-8.165,0.0,0.032,0.0392,0.0045,0.141,0.27,101.987,audio_features,4jAIqgrPjKLTY9Gbez25Qb,spotify:track:4jAIqgrPjKLTY9Gbez25Qb,https://api.spotify.com/v1/tracks/4jAIqgrPjKLTY9Gbez25Qb,https://api.spotify.com/v1/audio-analysis/4jAIqgrPjKLTY9Gbez25Qb,172213.0,4.0
1mXVgsBdtIVeCLJnSnmtdV,Too Good At Goodbyes,The Thrill Of It All (Special Edition),3TJz2UBNYJtlEly0sPeNrQ,True,0.53,0.512,7.0,-9.261,1.0,0.0259,0.615,0.00453,0.129,0.411,95.946,audio_features,2IOFZdYYkFxEHVz1w34PoL,spotify:track:2IOFZdYYkFxEHVz1w34PoL,https://api.spotify.com/v1/tracks/2IOFZdYYkFxEHVz1w34PoL,https://api.spotify.com/v1/audio-analysis/2IOFZdYYkFxEHVz1w34PoL,259187.0,4.0
003vvx7Niy0yvhvHt4a68B,Mr. Brightside,Hot Fuss,1ujPmNlTMp41h4EG6OOBGR,True,0.464,0.321,2.0,-11.12,1.0,0.0418,0.877,0.0,0.0789,0.306,93.528,audio_features,5TvFfDlVoUWZvfqrhTJzD7,spotify:track:5TvFfDlVoUWZvfqrhTJzD7,https://api.spotify.com/v1/tracks/5TvFfDlVoUWZvfqrhTJzD7,https://api.spotify.com/v1/audio-analysis/5TvFfDlVoUWZvfqrhTJzD7,252760.0,4.0
27NovPIUIRrOZoCHxABJwK,INDUSTRY BABY (feat. Jack Harlow),INDUSTRY BABY (feat. Jack Harlow),622NFw5Yk0OReMJ2XWcXUh,True,0.697,0.377,3.0,-7.755,1.0,0.0397,0.556,0.0,0.0999,0.336,138.754,audio_features,0xCA70t1ZA4fa9UOE0lIJm,spotify:track:0xCA70t1ZA4fa9UOE0lIJm,https://api.spotify.com/v1/tracks/0xCA70t1ZA4fa9UOE0lIJm,https://api.spotify.com/v1/audio-analysis/0xCA70t1ZA4fa9UOE0lIJm,244573.0,4.0
3LlAyCYU26dvFZBDUIMb7a,Demons,Night Visions,6nxDQi0FeEwccEPJeNySoS,True,0.818,0.67,8.0,-4.451,0.0,0.0472,0.304,1.22e-06,0.0601,0.939,119.988,audio_features,6K8qKeWo5MsFED7wCR6Kop,spotify:track:6K8qKeWo5MsFED7wCR6Kop,https://api.spotify.com/v1/tracks/6K8qKeWo5MsFED7wCR6Kop,https://api.spotify.com/v1/audio-analysis/6K8qKeWo5MsFED7wCR6Kop,235382.0,4.0
5Z01UMMf7V1o0MzF86s6WJ,Lose Yourself,SHADYXV,3CjuTytLZz3G9znXt2rJgU,True,0.806,0.608,1.0,-7.008,1.0,0.0659,0.0113,0.0,0.635,0.849,95.049,audio_features,1huvTbEYtgltjQRXzrNKGi,spotify:track:1huvTbEYtgltjQRXzrNKGi,https://api.spotify.com/v1/tracks/1huvTbEYtgltjQRXzrNKGi,https://api.spotify.com/v1/audio-analysis/1huvTbEYtgltjQRXzrNKGi,219840.0,4.0
1vnnXMrBeEWiRg3YCMCjQq,Despacito - Remix,VIDA,5C0YLr4OoRGFDaqdMQmkeH,True,0.791,0.669,6.0,-7.189,0.0,0.146,0.175,0.0,0.33,0.809,92.013,audio_features,3GKSfF6c3Rv3a1knSjxnXa,spotify:track:3GKSfF6c3Rv3a1knSjxnXa,https://api.spotify.com/v1/tracks/3GKSfF6c3Rv3a1knSjxnXa,https://api.spotify.com/v1/audio-analysis/3GKSfF6c3Rv3a1knSjxnXa,225533.0,4.0
4jPy3l0RUwlUI9T5XHBW2m,Mood (feat. iann dior),El Dorado,270o30h7cAlEhBnbuSpFZq,True,0.395,0.698,2.0,-6.244,1.0,0.0573,0.334,6.44e-05,0.155,0.455,124.66,audio_features,4J0kN8QS2esY6cWBsFjtW9,spotify:track:4J0kN8QS2esY6cWBsFjtW9,https://api.spotify.com/v1/tracks/4J0kN8QS2esY6cWBsFjtW9,https://api.spotify.com/v1/audio-analysis/4J0kN8QS2esY6cWBsFjtW9,223173.0,4.0
5nujrmhLynf4yMoMtj8AQF,Levitating (feat. DaBaby),Future Nostalgia,5lKlFlReHOLShQKyRv6AL9,True,0.643,0.579,3.0,-9.165,1.0,0.0555,0.445,0.00107,0.109,0.712,131.901,audio_features,12TZzfqJyY3UvtZ3lq1WmY,spotify:track:12TZzfqJyY3UvtZ3lq1WmY,https://api.spotify.com/v1/tracks/12TZzfqJyY3UvtZ3lq1WmY,https://api.spotify.com/v1/audio-analysis/12TZzfqJyY3UvtZ3lq1WmY,67400.0,4.0
67BtfxlNbhBmCDR2L2l8qd,MONTERO (Call Me By Your Name),MONTERO (Call Me By Your Name),2Hjcfw8zHN4dJDZJGOzLd6,True,0.299,0.818,4.0,-8.542,0.0,0.0683,0.0129,8.74e-06,0.202,0.34,143.583,audio_features,1EID0aupOLdv4ZDQu2Jbrz,spotify:track:1EID0aupOLdv4ZDQu2Jbrz,https://api.spotify.com/v1/tracks/1EID0aupOLdv4ZDQu2Jbrz,https://api.spotify.com/v1/audio-analysis/1EID0aupOLdv4ZDQu2Jbrz,184893.0,3.0
3B54sVLJ402zGa6Xm4YGNe,Unforgettable,Jungle Rules,4c2p3TdN7NcQfCXyueCNnC,True,0.518,0.761,0.0,-7.025,1.0,0.0452,0.158,0.00765,0.0715,0.576,118.738,audio_features,4OKf7CcYuw5H2HptkcKxcP,spotify:track:4OKf7CcYuw5H2HptkcKxcP,https://api.spotify.com/v1/tracks/4OKf7CcYuw5H2HptkcKxcP,https://api.spotify.com/v1/audio-analysis/4OKf7CcYuw5H2HptkcKxcP,170800.0,4.0
47EiUVwUp4C9fGccaPuUCS,DÁKITI,DÁKITI,43dl8hP5uNN9s6YeeJA5fv,True,0.519,0.584,8.0,-9.67,1.0,0.027,0.0275,0.0,0.111,0.336,101.632,audio_features,0kIpcu3DQacQObHVyra9Jx,spotify:track:0kIpcu3DQacQObHVyra9Jx,https://api.spotify.com/v1/tracks/0kIpcu3DQacQObHVyra9Jx,https://api.spotify.com/v1/audio-analysis/0kIpcu3DQacQObHVyra9Jx,210800.0,4.0
0JP9xo3adEtGSdUEISiszL,Moonlight,?,2Ti79nwTsont5ZHfdxIzAm,True,0.76,0.303,2.0,-11.362,1.0,0.0284,0.238,8.09e-06,0.294,0.15,99.991,audio_features,0wfbD5rAksdXUzRvMfM3x5,spotify:track:0wfbD5rAksdXUzRvMfM3x5,https://api.spotify.com/v1/tracks/0wfbD5rAksdXUzRvMfM3x5,https://api.spotify.com/v1/audio-analysis/0wfbD5rAksdXUzRvMfM3x5,177573.0,4.0
0nbXyq5TXYPCO7pr3N8S4I,The Box,Please Excuse Me for Being Antisocial,52u4anZbHd6UInnmHRFzba,True,0.624,0.806,1.0,-5.957,1.0,0.0437,0.00411,0.0,0.0872,0.528,149.999,audio_features,6cPyTS0Kk2sc4xQwC93kOg,spotify:track:6cPyTS0Kk2sc4xQwC93kOg,https://api.spotify.com/v1/tracks/6cPyTS0Kk2sc4xQwC93kOg,https://api.spotify.com/v1/audio-analysis/6cPyTS0Kk2sc4xQwC93kOg,207520.0,4.0
5QDLhrAOJJdNAmCTJ8xMyW,Dynamite,BE,2qehskW9lYGWfYb0xPZkrS,True,0.62,0.627,9.0,-5.889,1.0,0.0259,0.0317,0.0,0.172,0.164,90.955,audio_features,26AuyrZGzWWiYZPSd3XBIg,spotify:track:26AuyrZGzWWiYZPSd3XBIg,https://api.spotify.com/v1/tracks/26AuyrZGzWWiYZPSd3XBIg,https://api.spotify.com/v1/audio-analysis/26AuyrZGzWWiYZPSd3XBIg,224280.0,4.0
7ygpwy2qP3NbrxVkHvUhXY,Wonderwall - Remastered,Stop the Clocks,6lcZGrrlTM7c276ZTWh9Sx,True,0.567,0.464,5.0,-9.66,1.0,0.0302,0.0199,9.31e-06,0.269,0.309,99.806,audio_features,1pJQAHpD51J7GYaFrrFO9S,spotify:track:1pJQAHpD51J7GYaFrrFO9S,https://api.spotify.com/v1/tracks/1pJQAHpD51J7GYaFrrFO9S,https://api.spotify.com/v1/audio-analysis/1pJQAHpD51J7GYaFrrFO9S,228480.0,4.0
0KKkJNfGyhkQ5aFogxQAPU,That's What I Like,24K Magic,4PgleR09JVnm3zY1fW3XBA,True,0.232,0.925,9.0,-19.327,0.0,0.329,0.908,0.576,0.835,0.0426,101.225,audio_features,69iiDrtnLNPWviEvaaRuvC,spotify:track:69iiDrtnLNPWviEvaaRuvC,https://api.spotify.com/v1/tracks/69iiDrtnLNPWviEvaaRuvC,https://api.spotify.com/v1/audio-analysis/69iiDrtnLNPWviEvaaRuvC,20413.0,3.0
5FVd6KXrgO9B3JPmC8OPst,Do I Wanna Know?,AM,78bpIziExqiI9qztvNFlQu,True,0.373,0.937,11.0,-2.133,0.0,0.0834,0.000811,6.37e-05,0.815,0.46,150.242,audio_features,4HUqrGAZ5f0gHRor7z9BFc,spotify:track:4HUqrGAZ5f0gHRor7z9BFc,https://api.spotify.com/v1/tracks/4HUqrGAZ5f0gHRor7z9BFc,https://api.spotify.com/v1/audio-analysis/4HUqrGAZ5f0gHRor7z9BFc,183773.0,4.0
3S4px9f4lceWdKf0gWciFu,Cheap Thrills,This Is Acting,77jAfTh3KH9K2reMOmTgOh,True,0.283,0.22,5.0,-22.951,1.0,0.443,0.953,2.35e-06,0.79,0.334,150.884,audio_features,4fIdH1l3SS0qdYRJiHwUnO,spotify:track:4fIdH1l3SS0qdYRJiHwUnO,https://api.spotify.com/v1/tracks/4fIdH1l3SS0qdYRJiHwUnO,https://api.spotify.com/v1/audio-analysis/4fIdH1l3SS0qdYRJiHwUnO,42040.0,4.0
5jsw9uXEGuKyJzs0boZ1bT,Stitches,Handwritten,0CnQ0JQajNswRjPkNYVG8m,True,0.514,0.7,7.0,-11.251,1.0,0.724,0.807,0.0,0.796,0.863,101.59,audio_features,4ta4r7V0QkZ15H4uyFCKGs,spotify:track:4ta4r7V0QkZ15H4uyFCKGs,https://api.spotify.com/v1/tracks/4ta4r7V0QkZ15H4uyFCKGs,https://api.spotify.com/v1/audio-analysis/4ta4r7V0QkZ15H4uyFCKGs,19493.0,5.0
7JJmb5XwzOO8jgpou264Ml,There's Nothing Holdin' Me Back,Illuminate (Deluxe),3wBabo4pmzsYjALMSKY7Iq,True,0.276,0.405,8.0,-7.296,1.0,0.0329,0.758,0.0,0.706,0.335,76.18,audio_features,3WKnfkgwrARwElktHSU5Ik,spotify:track:3WKnfkgwrARwElktHSU5Ik,https://api.spotify.com/v1/tracks/3WKnfkgwrARwElktHSU5Ik,https://api.spotify.com/v1/audio-analysis/3WKnfkgwrARwElktHSU5Ik,179760.0,4.0
4xkOaSrkexMciUUogZKVTS,Till I Collapse,The Eminem Show,2cWBwpqMsDJC1ZUwz813lo,True,0.678,0.481,10.0,-20.18,0.0,0.92,0.868,0.0,0.431,0.0684,88.828,audio_features,2aOPvzjpMwikBgngKcxsA9,spotify:track:2aOPvzjpMwikBgngKcxsA9,https://api.spotify.com/v1/tracks/2aOPvzjpMwikBgngKcxsA9,https://api.spotify.com/v1/audio-analysis/2aOPvzjpMwikBgngKcxsA9,117483.0,4.0
2JzZzZUQj3Qff7wapcbKjc,See You Again (feat. Charlie Puth),See You Again (feat. Charlie Puth),5FXIqS1XqbpfOKNoi5VUwS,True,0.61,0.258,0.0,-12.758,1.0,0.0331,0.883,0.0145,0.103,0.164,127.08,audio_features,2oe6dDthgthqUkfL3czpEd,spotify:track:2oe6dDthgthqUkfL3czpEd,https://api.spotify.com/v1/tracks/2oe6dDthgthqUkfL3czpEd,https://api.spotify.com/v1/audio-analysis/2oe6dDthgthqUkfL3czpEd,109986.0,4.0
0EcQcdcbQeVJn9fknj44Be,I Like Me Better,I Like Me Better,7l6fTSFvlumnPFpOSrbnDV,True,0.921,0.537,9.0,-5.723,0.0,0.0804,0.556,0.00404,0.102,0.711,128.009,audio_features,0JP9xo3adEtGSdUEISiszL,spotify:track:0JP9xo3adEtGSdUEISiszL,https://api.spotify.com/v1/tracks/0JP9xo3adEtGSdUEISiszL,https://api.spotify.com/v1/audio-analysis/0JP9xo3adEtGSdUEISiszL,135090.0,4.0
6V1bu6o1Yo5ZXnsCJU8Ovk,Girls Like You (feat. Cardi B) - Cardi B Version,Red Pill Blues (Deluxe),1Li4rADxSxjT2g4xqUcMYh,True,0.699,0.304,1.0,-11.192,1.0,0.0993,0.779,0.000993,0.137,0.271,119.705,audio_features,4UKCKdYiLN6IMA5ZESUTL7,spotify:track:4UKCKdYiLN6IMA5ZESUTL7,https://api.spotify.com/v1/tracks/4UKCKdYiLN6IMA5ZESUTL7,https://api.spotify.com/v1/audio-analysis/4UKCKdYiLN6IMA5ZESUTL7,160184.0,4.0
5kqIPrATaCc2LqxVWzQGbk,7 Years,Lukas Graham,4rFrdkSWs0dtj0rWPzOk1v,True,0.383,0.256,0.0,-8.572,1.0,0.0332,0.88,2.69e-06,0.169,0.519,114.188,audio_features,2SnNaoNhMjC1WRMTWD8qTX,spotify:track:2SnNaoNhMjC1WRMTWD8qTX,https://api.spotify.com/v1/tracks/2SnNaoNhMjC1WRMTWD8qTX,https://api.spotify.com/v1/audio-analysis/2SnNaoNhMjC1WRMTWD8qTX,134347.0,4.0
6habFhsOp2NvshLv26DqMb,Despacito,VIDA,5C0YLr4OoRGFDaqdMQmkeH,True,0.361,0.608,9.0,-6.757,0.0,0.098,0.05,7.96e-05,0.183,0.0789,191.812,audio_features,0SNIAtRCPVVLoGEPcuHSIc,spotify:track:0SNIAtRCPVVLoGEPcuHSIc,https://api.spotify.com/v1/tracks/0SNIAtRCPVVLoGEPcuHSIc,https://api.spotify.com/v1/audio-analysis/0SNIAtRCPVVLoGEPcuHSIc,199947.0,4.0
1EzrEOXmMH3G43AXT1y7pA,I'm Yours,We Sing. We Dance. We Steal Things.,04G0YylSjvDQZrjOfE5jA5,True,0.845,0.567,5.0,-8.118,0.0,0.0956,0.59,0.00142,0.0811,0.793,125.02,audio_features,4B0JvthVoAAuygILe3n4Bs,spotify:track:4B0JvthVoAAuygILe3n4Bs,https://api.spotify.com/v1/tracks/4B0JvthVoAAuygILe3n4Bs,https://api.spotify.com/v1/audio-analysis/4B0JvthVoAAuygILe3n4Bs,205680.0,4.0
7ytR5pFWmSjzHJIeQkgog4,ROCKSTAR (feat. Roddy Ricch),BLAME IT ON BABY,623PL2MBg50Br5dLXC9E9e,True,0.654,0.76,0.0,-3.669,0.0,0.045,0.0797,0.0,0.299,0.41,99.945,audio_features,09CtPGIpYB4BrO8qb1RGsF,spotify:track:09CtPGIpYB4BrO8qb1RGsF,https://api.spotify.com/v1/tracks/09CtPGIpYB4BrO8qb1RGsF,https://api.spotify.com/v1/audio-analysis/09CtPGIpYB4BrO8qb1RGsF,200787.0,4.0
68Dni7IE4VyPkTOH9mRWHr,No Role Modelz,2014 Forest Hills Drive,7viNUmZZ8ztn2UB4XB3jIL,True,0.405,0.646,4.0,-3.206,0.0,0.0476,0.331,0.0,0.103,0.17,130.218,audio_features,7sWRlDoTDX8geTR8zzr2vt,spotify:track:7sWRlDoTDX8geTR8zzr2vt,https://api.spotify.com/v1/tracks/7sWRlDoTDX8geTR8zzr2vt,https://api.spotify.com/v1/audio-analysis/7sWRlDoTDX8geTR8zzr2vt,156267.0,4.0
2iuZJX9X9P0GKaE93xcPjk,Sugar,V,2Auw0pTT6EcQdvHNimhLQI,True,0.617,0.684,0.0,-3.618,1.0,0.0439,0.0545,0.0,0.104,0.295,132.113,audio_features,05mDaV9Vb3wrzjF6OPZnhq,spotify:track:05mDaV9Vb3wrzjF6OPZnhq,https://api.spotify.com/v1/tracks/05mDaV9Vb3wrzjF6OPZnhq,https://api.spotify.com/v1/audio-analysis/05mDaV9Vb3wrzjF6OPZnhq,150867.0,4.0
5ghIJDpPoe3CfHMGu71E6T,Smells Like Teen Spirit,Nevermind (Deluxe Edition),2uEf3r9i2bnxwJQsxQ0xQ7,True,0.542,0.674,6.0,-4.169,1.0,0.21,0.0588,0.0,0.0955,0.667,76.388,audio_features,0Xek5rqai2jcOWCYWJfVCF,spotify:track:0Xek5rqai2jcOWCYWJfVCF,https://api.spotify.com/v1/tracks/0Xek5rqai2jcOWCYWJfVCF,https://api.spotify.com/v1/audio-analysis/0Xek5rqai2jcOWCYWJfVCF,196760.0,4.0
7oolFzHipTMg2nL7shhdz2,Eraser,÷ (Deluxe),3T4tUhGYeRNVUGevb0wThu,False,,,,,,,,,,,,,,,,,,
6PCUP3dWmTjcTtXY02oFdT,Castle on the Hill,÷ (Deluxe),3T4tUhGYeRNVUGevb0wThu,False,,,,,,,,,,,,,,,,,,
51ChrwmUPDJvedPQnIU8Ls,Dive,÷ (Deluxe),3T4tUhGYeRNVUGevb0wThu,False,,,,,,,,,,,,,,,,,,
0tgVpDi06FyKpA1z0VMD4v,Perfect,÷ (Deluxe),3T4tUhGYeRNVUGevb0wThu,False,,,,,,,,,,,,,,,,,,
6b5P51m8xx2XA6U7sdNZ5E,Alone Again,After Hours,4yP0hdKOZPNshxUOjY0cZj,False,,,,,,,,,,,,,,,,,,
2K9Ovn1o2bTGqbsABGC6m3,Too Late,After Hours,4yP0hdKOZPNshxUOjY0cZj,False,,,,,,,,,,,,,,,,,,
6kWxIqQDsKFYCJGbU4AjCX,Hardest To Love,After Hours,4yP0hdKOZPNshxUOjY0cZj,False,,,,,,,,,,,,,,,,,,
4BGZF4oLbTL0pWm7C18pbv,Scared To Live,After Hours,4yP0hdKOZPNshxUOjY0cZj,False,,,,,,,,,,,,,,,,,,
3WlbeuhfRSqU7ylK2Ui5U7,Snowchild,After Hours,4yP0hdKOZPNshxUOjY0cZj,False,,,,,,,,,,,,,,,,,,
1ooBIqsmV1ocRldBZrvLPD,Dance Monkey - Stripped Back,Dance Monkey (Stripped Back) / Dance Monkey,0UywfDKYlyiu1b38DRrzYD,False,,,,,,,,,,,,,,,,,,
0pEkK8MqbmGSX7fT8WLMbR,Grace,Divinely Uninspired To A Hellish Extent,5658aM19fA3JVwTK6eQX70,False,,,,,,,,,,,,,,,,,,
4Of7rzpRpV1mWRbhp5rAqG,Bruises,Divinely Uninspired To A Hellish Extent,5658aM19fA3JVwTK6eQX70,False,,,,,,,,,,,,,,,,,,
60iSKGrGazRzICtMjADNSM,Hold Me While You Wait,Divinely Uninspired To A Hellish Extent,5658aM19fA3JVwTK6eQX70,False,,,,,,,,,,,,,,,,,,
5HU2B0yEnvg5EUB8FWeoda,Maybe,Divinely Uninspired To A Hellish Extent,5658aM19fA3JVwTK6eQX70,False,,,,,,,,,,,,,,,,,,
3fpVWegR6YOS1Yk5HSMYIq,Paranoid,beerbongs & bentleys,6trNtQUgC8cgbWcqoMYkOR,False,,,,,,,,,,,,,,,,,,
5VuxWXbt7XENQCtE9TzpTv,Spoil My Night (feat. Swae Lee),beerbongs & bentleys,6trNtQUgC8cgbWcqoMYkOR,False,,,,,,,,,,,,,,,,,,
2VdT56BGpdqNHUgOe1j5vc,Rich & Sad,beerbongs & bentleys,6trNtQUgC8cgbWcqoMYkOR,False,,,,,,,,,,,,,,,,,,
5lZZmityu9TAjNvSY6GLhR,Zack And Codeine,beerbongs & bentleys,6trNtQUgC8cgbWcqoMYkOR,False,,,,,,,,,,,,,,,,,,
5ffntNJnJOeFv7b7DCd0Bw,Takin' Shots,beerbongs & bentleys,6trNtQUgC8cgbWcqoMYkOR,False,,,,,,,,,,,,,,,,,,
7sWRlDoTDX8geTR8zzr2vt,Hollywood's Bleeding,Hollywood's Bleeding,4g1ZRSobMefqF6nelkgibi,False,,,,,,,,,,,,,,,,,,
05mDaV9Vb3wrzjF6OPZnhq,Saint-Tropez,Hollywood's Bleeding,4g1ZRSobMefqF6nelkgibi,False,,,,,,,,,,,,,,,,,,
0Xek5rqai2jcOWCYWJfVCF,Enemies (feat. DaBaby),Hollywood's Bleeding,4g1ZRSobMefqF6nelkgibi,False,,,,,,,,,,,,,,,,,,
1YscJ7yVTlFxW3eF6pv5ba,Allergic,Hollywood's Bleeding,4g1ZRSobMefqF6nelkgibi,False,,,,,,,,,,,,,,,,,,
2J0NXdHr6MYvKDSxB7k3V2,A Thousand Bad Times,Hollywood's Bleeding,4g1ZRSobMefqF6nelkgibi,False,,,,,,,,,,,,,,,,,,
7sBwAWyXfiIgrYQ8BaJESH,Keep The Family Close,Views,40GMAhriYJRO1rsY4YdrZb,False,,,,,,,,,,,,,,,,,,
1C7KSXR2GVxknex6I4ANco,9,Views,40GMAhriYJRO1rsY4YdrZb,False,,,,,,,,,,,,,,,,,,
03L2AoiRbWhvt7BDMx1jUB,U With Me?,Views,40GMAhriYJRO1rsY4YdrZb,False,,,,,,,,,,,,,,,,,,
3cjF2OFRmip8spwZYQRKxP,Feel No Ways,Views,40GMAhriYJRO1rsY4YdrZb,False,,,,,,,,,,,,,,,,,,
5NFYuqu8V6QXc6mzcLImd6,Hype,Views,40GMAhriYJRO1rsY4YdrZb,False,,,,,,,,,,,,,,,,,,
31VOknKjFrEX47bZXzqcoF,Next To Me,Evolve,33pt9HBdGlAbRGBHQgsZsU,False,,,,,,,,,,,,,,,,,,
28heol5hhOGj6KYbJrRteJ,I Don’t Know Why,Evolve,33pt9HBdGlAbRGBHQgsZsU,False,,,,,,,,,,,,,,,,,,
6Qn5zhYkTa37e91HC1D7lb,Whatever It Takes,Evolve,33pt9HBdGlAbRGBHQgsZsU,False,,,,,,,,,,,,,,,,,,
1y3bE5i57eUm3hfLAc7h08,Walking The Wire,Evolve,33pt9HBdGlAbRGBHQgsZsU,False,,,,,,,,,,,,,,,,,,
7oolFzHipTMg2nL7shhdz2,Eraser,÷ (Deluxe),3T4tUhGYeRNVUGevb0wThu,False,,,,,,,,,,,,,,,,,,
6PCUP3dWmTjcTtXY02oFdT,Castle on the Hill,÷ (Deluxe),3T4tUhGYeRNVUGevb0wThu,False,,,,,,,,,,,,,,,,,,
51ChrwmUPDJvedPQnIU8Ls,Dive,÷ (Deluxe),3T4tUhGYeRNVUGevb0wThu,False,,,,,,,,,,,,,,,,,,
7qiZfU4dY1lWllzX7mPBI3,Shape of You,÷ (Deluxe),3T4tUhGYeRNVUGevb0wThu,False,,,,,,,,,,,,,,,,,,
0NPRq1Ti6JYKOqSyiVYWZT,Back from the Edge,Back from the Edge,7oiJYvEJHsmYtrgviAVIBD,False,,,,,,,,,,,,,,,,,,
1wthp2KAndNsDPZxEGVNKK,Prisoner,Back from the Edge,7oiJYvEJHsmYtrgviAVIBD,False,,,,,,,,,,,,,,,,,,
0VhgEqMTNZwYL1ARDLLNCX,Can I Be Him,Back from the Edge,7oiJYvEJHsmYtrgviAVIBD,False,,,,,,,,,,,,,,,,,,
31YexNcOMVSFTEDGmQusSI,I Am,Back from the Edge,7oiJYvEJHsmYtrgviAVIBD,False,,,,,,,,,,,,,,,,,,
0rQtoQXQfwpDW0c7Fw1NeM,!!!!!!!,"WHEN WE ALL FALL ASLEEP, WHERE DO WE GO?",0S0KGZnfBGSIssfF54WSJh,False,,,,,,,,,,,,,,,,,,
4QIo4oxwzzafcBWkKjDpXY,xanny,"WHEN WE ALL FALL ASLEEP, WHERE DO WE GO?",0S0KGZnfBGSIssfF54WSJh,False,,,,,,,,,,,,,,,,,,
3XF5xLJHOQQRbWya6hBp7d,you should see me in a crown,"WHEN WE ALL FALL ASLEEP, WHERE DO WE GO?",0S0KGZnfBGSIssfF54WSJh,False,,,,,,,,,,,,,,,,,,
6IRdLKIyS4p7XNiP8r6rsx,all the good girls go to hell,"WHEN WE ALL FALL ASLEEP, WHERE DO WE GO?",0S0KGZnfBGSIssfF54WSJh,False,,,,,,,,,,,,,,,,,,
5TvFfDlVoUWZvfqrhTJzD7,One,x (Deluxe Edition),1xn54DMo2qIqBuMqHtUsFd,False,,,,,,,,,,,,,,,,,,
0xCA70t1ZA4fa9UOE0lIJm,I'm a Mess,x (Deluxe Edition),1xn54DMo2qIqBuMqHtUsFd,False,,,,,,,,,,,,,,,,,,
6K8qKeWo5MsFED7wCR6Kop,Sing,x (Deluxe Edition),1xn54DMo2qIqBuMqHtUsFd,False,,,,,,,,,,,,,,,,,,
1huvTbEYtgltjQRXzrNKGi,Don't,x (Deluxe Edition),1xn54DMo2qIqBuMqHtUsFd,False,,,,,,,,,,,,,,,,,,
3GKSfF6c3Rv3a1knSjxnXa,Nina,x (Deluxe Edition),1xn54DMo2qIqBuMqHtUsFd,False,,,,,,,,,,,,,,,,,,
7LoWAhcGbxSkT6trTqXQR6,Intro,Goodbye & Good Riddance,6tkjU4Umpo79wwkgPMV3nZ,False,,,,,,,,,,,,,,,,,,
4VXIryQMWpIdGgYR4TrjT1,All Girls Are The Same,Goodbye & Good Riddance,6tkjU4Umpo79wwkgPMV3nZ,False,,,,,,,,,,,,,,,,,,
1a7WZZZH7LzyvorhpOJFTe,Wasted (feat. Lil Uzi Vert),Goodbye & Good Riddance,6tkjU4Umpo79wwkgPMV3nZ,False,,,,,,,,,,,,,,,,,,
5wujBwqG7INdStqGd4tRMX,Armed And Dangerous,Goodbye & Good Riddance,6tkjU4Umpo79wwkgPMV3nZ,False,,,,,,,,,,,,,,,,,,
6zrJLhslleCHby0wbUnvVy,Future Nostalgia,Future Nostalgia,7fJJK56U9fHixgO0HQkhtI,False,,,,,,,,,,,,,,,,,,
2nMOodYNHBAQ3Kc1QNimZU,Cool,Future Nostalgia,7fJJK56U9fHixgO0HQkhtI,False,,,,,,,,,,,,,,,,,,
3AzjcOeAmA57TIOr9zF1ZW,Physical,Future Nostalgia,7fJJK56U9fHixgO0HQkhtI,False,,,,,,,,,,,,,,,,,,
39LLxExYz6ewLAcYrzQQyP,Levitating,Future Nostalgia,7fJJK56U9fHixgO0HQkhtI,False,,,,,,,,,,,,,,,,,,
2yg9UN4eo5eMVJ7OB4RWj3,Survival,Scorpion,1ATL5GLyefJaxhQzSPVrLX,False,,,,,,,,,,,,,,,,,,
0TlLq3lA83rQOYtrqBqSct,Nonstop,Scorpion,1ATL5GLyefJaxhQzSPVrLX,False,,,,,,,,,,,,,,,,,,
3szf2z1Cy1QMrtHrbn8rz9,Elevate,Scorpion,1ATL5GLyefJaxhQzSPVrLX,False,,,,,,,,,,,,,,,,,,
5Psnhdkyanjpgc2P8A5TSM,Emotionless,Scorpion,1ATL5GLyefJaxhQzSPVrLX,False,,,,,,,,,,,,,,,,,,
4F7A0DXBrmUAkp32uenhZt,Party Monster,Starboy,2ODvWsOgouMbaA5xf0RkJe,False,,,,,,,,,,,,,,,,,,
4oeaIftdpT3JuZLcCkKmVE,False Alarm,Starboy,2ODvWsOgouMbaA5xf0RkJe,False,,,,,,,,,,,,,,,,,,
37F0uwRSrdzkBiuj0D5UHI,Reminder,Starboy,2ODvWsOgouMbaA5xf0RkJe,False,,,,,,,,,,,,,,,,,,
36YCdzT57us0LhDmCYtrNE,Rockin’,Starboy,2ODvWsOgouMbaA5xf0RkJe,False,,,,,,,,,,,,,,,,,,
45S5WTQEGOB1VHr1Q4FuPl,Golden,Fine Line,7xV2TzoaVc0ycW7fwBwAml,False,,,,,,,,,,,,,,,,,,
3jjujdWJ72nww5eGnfs2E7,Adore You,Fine Line,7xV2TzoaVc0ycW7fwBwAml,False,,,,,,,,,,,,,,,,,,
4jAIqgrPjKLTY9Gbez25Qb,Lights Up,Fine Line,7xV2TzoaVc0ycW7fwBwAml,False,,,,,,,,,,,,,,,,,,
2IOFZdYYkFxEHVz1w34PoL,Cherry,Fine Line,7xV2TzoaVc0ycW7fwBwAml,False,,,,,,,,,,,,,,,,,,
5TvFfDlVoUWZvfqrhTJzD7,One,x (Deluxe Edition),1xn54DMo2qIqBuMqHtUsFd,False,,,,,,,,,,,,,,,,,,
0xCA70t1ZA4fa9UOE0lIJm,I'm a Mess,x (Deluxe Edition),1xn54DMo2qIqBuMqHtUsFd,False,,,,,,,,,,,,,,,,,,
6K8qKeWo5MsFED7wCR6Kop,Sing,x (Deluxe Edition),1xn54DMo2qIqBuMqHtUsFd,False,,,,,,,,,,,,,,,,,,
1huvTbEYtgltjQRXzrNKGi,Don't,x (Deluxe Edition),1xn54DMo2qIqBuMqHtUsFd,False,,,,,,,,,,,,,,,,,,
3GKSfF6c3Rv3a1knSjxnXa,Nina,x (Deluxe Edition),1xn54DMo2qIqBuMqHtUsFd,False,,,,,,,,,,,,,,,,,,
4J0kN8QS2esY6cWBsFjtW9,Death On Two Legs (Dedicated To...) - Remastered 2011,A Night At The Opera (2011 Remaster),1GbtB4zTqAsyfZEsm1RZfx,False,,,,,,,,,,,,,,,,,,
12TZzfqJyY3UvtZ3lq1WmY,Lazing On A Sunday Afternoon - Remastered 2011,A Night At The Opera (2011 Remaster),1GbtB4zTqAsyfZEsm1RZfx,False,,,,,,,,,,,,,,,,,,
1EID0aupOLdv4ZDQu2Jbrz,I'm In Love With My Car - Remastered 2011,A Night At The Opera (2011 Remaster),1GbtB4zTqAsyfZEsm1RZfx,False,,,,,,,,,,,,,,,,,,
4OKf7CcYuw5H2HptkcKxcP,You're My Best Friend - Remastered 2011,A Night At The Opera (2011 Remaster),1GbtB4zTqAsyfZEsm1RZfx,False,,,,,,,,,,,,,,,,,,
0kIpcu3DQacQObHVyra9Jx,'39 - Remastered 2011,A Night At The Opera (2011 Remaster),1GbtB4zTqAsyfZEsm1RZfx,False,,,,,,,,,,,,,,,,,,
0wfbD5rAksdXUzRvMfM3x5,The One,Memories...Do Not Open,4JPguzRps3kuWDD5GS6oXr,False,,,,,,,,,,,,,,,,,,
6cPyTS0Kk2sc4xQwC93kOg,Break Up Every Night,Memories...Do Not Open,4JPguzRps3kuWDD5GS6oXr,False,,,,,,,,,,,,,,,,,,
26AuyrZGzWWiYZPSd3XBIg,Bloodstream,Memories...Do Not Open,4JPguzRps3kuWDD5GS6oXr,False,,,,,,,,,,,,,,,,,,
1pJQAHpD51J7GYaFrrFO9S,Don't Say,Memories...Do Not Open,4JPguzRps3kuWDD5GS6oXr,False,,,,,,,,,,,,,,,,,,
69iiDrtnLNPWviEvaaRuvC,Intro,A Star Is Born Soundtrack,4sLtOBOzn4s3GDUv3c5oJD,False,,,,,,,,,,,,,,,,,,
4HUqrGAZ5f0gHRor7z9BFc,Black Eyes,A Star Is Born Soundtrack,4sLtOBOzn4s3GDUv3c5oJD,False,,,,,,,,,,,,,,,,,,
4fIdH1l3SS0qdYRJiHwUnO,Somewhere Over The Rainbow - Dialogue,A Star Is Born Soundtrack,4sLtOBOzn4s3GDUv3c5oJD,False,,,,,,,,,,,,,,,,,,
4ta4r7V0QkZ15H4uyFCKGs,Fabulous French - Dialogue,A Star Is Born Soundtrack,4sLtOBOzn4s3GDUv3c5oJD,False,,,,,,,,,,,,,,,,,,
3WKnfkgwrARwElktHSU5Ik,La Vie En Rose,A Star Is Born Soundtrack,4sLtOBOzn4s3GDUv3c5oJD,False,,,,,,,,,,,,,,,,,,
2aOPvzjpMwikBgngKcxsA9,Introduction (instructions),?,2Ti79nwTsont5ZHfdxIzAm,False,,,,,,,,,,,,,,,,,,
2oe6dDthgthqUkfL3czpEd,"ALONE, PART 3",?,2Ti79nwTsont5ZHfdxIzAm,False,,,,,,,,,,,,,,,,,,
0JP9xo3adEtGSdUEISiszL,Moonlight,?,2Ti79nwTsont5ZHfdxIzAm,False,,,,,,,,,,,,,,,,,,
4UKCKdYiLN6IMA5ZESUTL7,the remedy for a broken heart (why am I so in love),?,2Ti79nwTsont5ZHfdxIzAm,False,,,,,,,,,,,,,,,,,,
2SnNaoNhMjC1WRMTWD8qTX,Mark My Words,Purpose (Deluxe),6Fr2rQkZ383FcMqFyT7yPr,False,,,,,,,,,,,,,,,,,,
0SNIAtRCPVVLoGEPcuHSIc,I'll Show You,Purpose (Deluxe),6Fr2rQkZ383FcMqFyT7yPr,False,,,,,,,,,,,,,,,,,,
4B0JvthVoAAuygILe3n4Bs,What Do You Mean?,Purpose (Deluxe),6Fr2rQkZ383FcMqFyT7yPr,False,,,,,,,,,,,,,,,,,,
09CtPGIpYB4BrO8qb1RGsF,Sorry,Purpose (Deluxe),6Fr2rQkZ383FcMqFyT7yPr,False,,,,,,,,,,,,,,,,,,
7sWRlDoTDX8geTR8zzr2vt,Hollywood's Bleeding,Hollywood's Bleeding,4g1ZRSobMefqF6nelkgibi,False,,,,,,,,,,,,,,,,,,
05mDaV9Vb3wrzjF6OPZnhq,Saint-Tropez,Hollywood's Bleeding,4g1ZRSobMefqF6nelkgibi,False,,,,,,,,,,,,,,,,,,
0Xek5rqai2jcOWCYWJfVCF,Enemies (feat. DaBaby),Hollywood's Bleeding,4g1ZRSobMefqF6nelkgibi,False,,,,,,,,,,,,,,,,,,
1YscJ7yVTlFxW3eF6pv5ba,Allergic,Hollywood's Bleeding,4g1ZRSobMefqF6nelkgibi,False,,,,,,,,,,,,,,,,,,
2J0NXdHr6MYvKDSxB7k3V2,A Thousand Bad Times,Hollywood's Bleeding,4g1ZRSobMefqF6nelkgibi,False,,,,,,,,,,,,,,,,,,
1DM0p3WrhjLh6sddmLK0c9,Love In The Future (Intro),Love In The Future (Expanded Edition),4OTAx9un4e6NfoHuVRiOrC,False,,,,,,,,,,,,,,,,,,
6KLgKZwCJp8GWo35KEOF3S,The Beginning...,Love In The Future (Expanded Edition),4OTAx9un4e6NfoHuVRiOrC,False,,,,,,,,,,,,,,,,,,
03YrTPLMgGXQOlKTTBwgiO,Open Your Eyes,Love In The Future (Expanded Edition),4OTAx9un4e6NfoHuVRiOrC,False,,,,,,,,,,,,,,,,,,
1G2Ya2ubnlS7xFfs1CfY3j,Made to Love,Love In The Future (Expanded Edition),4OTAx9un4e6NfoHuVRiOrC,False,,,,,,,,,,,,,,,,,,
2scd9lw4ljzDwMfG3WW4gD,Who Do We Think We Are (feat. Rick Ross),Love In The Future (Expanded Edition),4OTAx9un4e6NfoHuVRiOrC,False,,,,,,,,,,,,,,,,,,
6JmSfynzr6E0QllQZNEXEb,Angel of Small Death and the Codeine Scene,Hozier,0Uv83rRhY5QvHKkQoULRKk,False,,,,,,,,,,,,,,,,,,
4JpazKcfOhbwqZrsYhzHee,Jackie and Wilson,Hozier,0Uv83rRhY5QvHKkQoULRKk,False,,,,,,,,,,,,,,,,,,
2DNXgvkyv35vTWvdgjs7qn,Someone New,Hozier,0Uv83rRhY5QvHKkQoULRKk,False,,,,,,,,,,,,,,,,,,
1XJQ7xI6jzcZybuHemxsPP,To Be Alone,Hozier,0Uv83rRhY5QvHKkQoULRKk,False,,,,,,,,,,,,,,,,,,
31VOknKjFrEX47bZXzqcoF,Next To Me,Evolve,33pt9HBdGlAbRGBHQgsZsU,False,,,,,,,,,,,,,,,,,,
28heol5hhOGj6KYbJrRteJ,I Don’t Know Why,Evolve,33pt9HBdGlAbRGBHQgsZsU,False,,,,,,,,,,,,,,,,,,
6Qn5zhYkTa37e91HC1D7lb,Whatever It Takes,Evolve,33pt9HBdGlAbRGBHQgsZsU,False,,,,,,,,,,,,,,,,,,
0pqnGHJpmpxLKifKRmU6WP,Believer,Evolve,33pt9HBdGlAbRGBHQgsZsU,False,,,,,,,,,,,,,,,,,,
1y3bE5i57eUm3hfLAc7h08,Walking The Wire,Evolve,33pt9HBdGlAbRGBHQgsZsU,False,,,,,,,,,,,,,,,,,,
39LmTF9RgyakzSYX8txrow,imagine,"thank u, next",2fYhqwDWXjbpjaIJPEfKFw,False,,,,,,,,,,,,,,,,,,
1TEL6MlSSVLSdhOSddidlJ,needy,"thank u, next",2fYhqwDWXjbpjaIJPEfKFw,False,,,,,,,,,,,,,,,,,,
4uTvPEr01pjTbZgl7jcKBD,NASA,"thank u, next",2fYhqwDWXjbpjaIJPEfKFw,False,,,,,,,,,,,,,,,,,,
2hloaUoRonYssMuqLCBLTX,bloodline,"thank u, next",2fYhqwDWXjbpjaIJPEfKFw,False,,,,,,,,,,,,,,,,,,
3wFLWP0FcIqHK1wb1CPthQ,fake smile,"thank u, next",2fYhqwDWXjbpjaIJPEfKFw,False,,,,,,,,,,,,,,,,,,
6mAuw7R6u4vlNneuBgnC8K,How,I Love You.,4xkM0BwLM9H2IUcbYzpcBI,False,,,,,,,,,,,,,,,,,,
7brQHA2CgQpcMBiOlfiXYb,Afraid,I Love You.,4xkM0BwLM9H2IUcbYzpcBI,False,,,,,,,,,,,,,,,,,,
0yyyapBjZ9Ek1vcpp3e9bj,Everybody's Watching Me (Uh Oh),I Love You.,4xkM0BwLM9H2IUcbYzpcBI,False,,,,,,,,,,,,,,,,,,
6cWpj6c5pNZYEk5KYjNBji,Let It Go,I Love You.,4xkM0BwLM9H2IUcbYzpcBI,False,,,,,,,,,,,,,,,,,,
33zbOXJSwW7uf4VXXWow2O,the ends,Birds In The Trap Sing McKnight,42WVQWuf1teDysXiOupIZt,False,,,,,,,,,,,,,,,,,,
2Zy7XVdxyZQB8xp5xbpJdl,way back,Birds In The Trap Sing McKnight,42WVQWuf1teDysXiOupIZt,False,,,,,,,,,,,,,,,,,,
7pas6O1LYbaeChEFQBhPFU,coordinate,Birds In The Trap Sing McKnight,42WVQWuf1teDysXiOupIZt,False,,,,,,,,,,,,,,,,,,
1Ci4wASMY4xtKVMeHA6Sd5,through the late night,Birds In The Trap Sing McKnight,42WVQWuf1teDysXiOupIZt,False,,,,,,,,,,,,,,,,,,
0ESJlaM8CE1jRWaNtwSNj8,beibs in the trap,Birds In The Trap Sing McKnight,42WVQWuf1teDysXiOupIZt,False,,,,,,,,,,,,,,,,,,
0VJYhKhrHgJ7fgjGaC2k07,The Explanation,17,5VdyJkLe3yvOs0l4xXbWp0,False,,,,,,,,,,,,,,,,,,
2H3wWrnO758y0fPH7Ilerg,Depression & Obsession,17,5VdyJkLe3yvOs0l4xXbWp0,False,,,,,,,,,,,,,,,,,,
3GVkPk8mqxz0itaAriG1L7,Everybody Dies In Their Nightmares,17,5VdyJkLe3yvOs0l4xXbWp0,False,,,,,,,,,,,,,,,,,,
5TXDeTFVRVY7Cvt0Dw4vWW,Revenge,17,5VdyJkLe3yvOs0l4xXbWp0,False,,,,,,,,,,,,,,,,,,
4eWQlBRaTjPPUlzacqEeoQ,Never Be the Same,Camila,2vD3zSQr8hNlg0obNel4TE,False,,,,,,,,,,,,,,,,,,
4XLu3tTSZiPFVC9mmuR6Zp,All These Years,Camila,2vD3zSQr8hNlg0obNel4TE,False,,,,,,,,,,,,,,,,,,
5HwnezK198pJCEj1l2Adjy,She Loves Control,Camila,2vD3zSQr8hNlg0obNel4TE,False,,,,,,,,,,,,,,,,,,
5xi2SXmF3A5AIsuGXiUIZu,Inside Out,Camila,2vD3zSQr8hNlg0obNel4TE,False,,,,,,,,,,,,,,,,,,
65kp3OFn7JXbCvkm3m2Ui2,Two®,Luv Is Rage 2,733e1ZfktLSwj96X5rsMeE,False,,,,,,,,,,,,,,,,,,
1QgTBfRN5m81a5K01qens6,444+222,Luv Is Rage 2,733e1ZfktLSwj96X5rsMeE,False,,,,,,,,,,,,,,,,,,
1uL78kFWxhz3umTMWJu8n5,Sauce It Up,Luv Is Rage 2,733e1ZfktLSwj96X5rsMeE,False,,,,,,,,,,,,,,,,,,
0QV16pno66L6K3fn4W13b7,No Sleep Leak,Luv Is Rage 2,733e1ZfktLSwj96X5rsMeE,False,,,,,,,,,,,,,,,,,,
2eAZfqOm4EnOF9VvN50Tyc,The Way Life Goes (feat. Oh Wonder),Luv Is Rage 2,733e1ZfktLSwj96X5rsMeE,False,,,,,,,,,,,,,,,,,,
7i9763l5SSfOnqZ35VOcfy,Heavydirtysoul,Blurryface,3cQO7jp5S9qLBoIVtbkSM1,False,,,,,,,,,,,,,,,,,,
2Z8WuEywRWYTKe1NybPQEW,Ride,Blurryface,3cQO7jp5S9qLBoIVtbkSM1,False,,,,,,,,,,,,,,,,,,
1s9xuJxhYM0LdVqksjegcg,Fairly Local,Blurryface,3cQO7jp5S9qLBoIVtbkSM1,False,,,,,,,,,,,,,,,,,,
3bnVBN67NBEzedqQuWrpP4,Tear in My Heart,Blurryface,3cQO7jp5S9qLBoIVtbkSM1,False,,,,,,,,,,,,,,,,,,
4P76CEIXrrWT2cgS1YrTMr,Genesis,Dua Lipa (Deluxe),01sfgrNbnnPUEyz6GZYlt9,False,,,,,,,,,,,,,,,,,,
2OWKDTonST8HNko3dBlPPp,Lost In Your Light (feat. Miguel),Dua Lipa (Deluxe),01sfgrNbnnPUEyz6GZYlt9,False,,,,,,,,,,,,,,,,,,
5eTNdkstwKaNahHf41fJ9u,Hotter Than Hell,Dua Lipa (Deluxe),01sfgrNbnnPUEyz6GZYlt9,False,,,,,,,,,,,,,,,,,,
7FCfMXYTIiQ9b4hDYs4Iol,Be the One,Dua Lipa (Deluxe),01sfgrNbnnPUEyz6GZYlt9,False,,,,,,,,,,,,,,,,,,
76cy1WJvNGJTj78UqeA5zr,IDGAF,Dua Lipa (Deluxe),01sfgrNbnnPUEyz6GZYlt9,False,,,,,,,,,,,,,,,,,,
1n4jwRVXdkK2U34nBDUKKT,BLOOD.,DAMN.,4eLPsYPBmXABThSJ821sqY,False,,,,,,,,,,,,,,,,,,
6HZILIRieu8S0iqY8kIKhj,DNA.,DAMN.,4eLPsYPBmXABThSJ821sqY,False,,,,,,,,,,,,,,,,,,
4BHSjbYylfOH5WAGusDyni,YAH.,DAMN.,4eLPsYPBmXABThSJ821sqY,False,,,,,,,,,,,,,,,,,,
1EaKU4dMbesXXd3BrLCtYG,ELEMENT.,DAMN.,4eLPsYPBmXABThSJ821sqY,False,,,,,,,,,,,,,,,,,,
2LTlO3NuNVN70lp2ZbVswF,FEEL.,DAMN.,4eLPsYPBmXABThSJ821sqY,False,,,,,,,,,,,,,,,,,,
7wBJfHzpfI3032CSD7CE2m,STARGAZING,ASTROWORLD,41GuZcammIkupMPKH2OJ6I,False,,,,,,,,,,,,,,,,,,
7KZ5MMVgBVox9ycroB2UrI,CAROUSEL,ASTROWORLD,41GuZcammIkupMPKH2OJ6I,False,,,,,,,,,,,,,,,,,,
4SZepBIPDRwPaHIjAKwRDb,R.I.P. SCREW,ASTROWORLD,41GuZcammIkupMPKH2OJ6I,False,,,,,,,,,,,,,,,,,,
1xYpVRspgaLxdJLOTQkTjg,STOP TRYING TO BE GOD,ASTROWORLD,41GuZcammIkupMPKH2OJ6I,False,,,,,,,,,,,,,,,,,,
5xS9R5yNeVsB9shSR60eX3,If I Lose Myself,Native,20lOt6G8MHv8ZO7ViOmiP7,False,,,,,,,,,,,,,,,,,,
1nE1VjP943pIuFdNWcLgYM,Feel Again,Native,20lOt6G8MHv8ZO7ViOmiP7,False,,,,,,,,,,,,,,,,,,
0ILXYaWxMQVEXnKq2eTmjW,What You Wanted,Native,20lOt6G8MHv8ZO7ViOmiP7,False,,,,,,,,,,,,,,,,,,
3IQF4xCQUPicbA4hWfTxPo,I Lived,Native,20lOt6G8MHv8ZO7ViOmiP7,False,,,,,,,,,,,,,,,,,,
4Ry1k3dG0gXTnJ7MRBgZ4n,Things That Stop You Dreaming,All The Little Lights,2mylGx7w2Q3yhUyN8iEWOF,False,,,,,,,,,,,,,,,,,,
0VcdgrMOVRozDwCsBw86Cb,Staring At The Stars,All The Little Lights,2mylGx7w2Q3yhUyN8iEWOF,False,,,,,,,,,,,,,,,,,,
1WLvHbIiY91oEzXxUBWPnW,All The Little Lights,All The Little Lights,2mylGx7w2Q3yhUyN8iEWOF,False,,,,,,,,,,,,,,,,,,
2ir7ESj8NjGTyoM4d3UEc1,The Wrong Direction,All The Little Lights,2mylGx7w2Q3yhUyN8iEWOF,False,,,,,,,,,,,,,,,,,,
52RK8UVEDgUAgpecOpTQM3,You Make Me,True,1s9tU91VJt4sU5owi29GD3,False,,,,,,,,,,,,,,,,,,
4lhqb6JvbHId48OUJGwymk,Hey Brother,True,1s9tU91VJt4sU5owi29GD3,False,,,,,,,,,,,,,,,,,,
4eDYMhIin1pSLIG96f1aD0,Addicted To You,True,1s9tU91VJt4sU5owi29GD3,False,,,,,,,,,,,,,,,,,,
4yTeQK2XThWYeEW8D72XmU,Dear Boy,True,1s9tU91VJt4sU5owi29GD3,False,,,,,,,,,,,,,,,,,,
7JXxssBpAnroZOMR4vpOuc,Winds of Change,Dream Your Life Away,6rIbiUMmZJfqJRnXhVxFvg,False,,,,,,,,,,,,,,,,,,
29jtZGdgpE2lWm2mkIt6HS,Mess Is Mine,Dream Your Life Away,6rIbiUMmZJfqJRnXhVxFvg,False,,,,,,,,,,,,,,,,,,
4hjJBjxN6IT0sDyTGlo5tA,Wasted Time,Dream Your Life Away,6rIbiUMmZJfqJRnXhVxFvg,False,,,,,,,,,,,,,,,,,,
55pbyBpxfZXq3vijkpu086,Who Am I,Dream Your Life Away,6rIbiUMmZJfqJRnXhVxFvg,False,,,,,,,,,,,,,,,,,,
2SnNaoNhMjC1WRMTWD8qTX,Mark My Words,Purpose (Deluxe),6Fr2rQkZ383FcMqFyT7yPr,False,,,,,,,,,,,,,,,,,,
0SNIAtRCPVVLoGEPcuHSIc,I'll Show You,Purpose (Deluxe),6Fr2rQkZ383FcMqFyT7yPr,False,,,,,,,,,,,,,,,,,,
4B0JvthVoAAuygILe3n4Bs,What Do You Mean?,Purpose (Deluxe),6Fr2rQkZ383FcMqFyT7yPr,False,,,,,,,,,,,,,,,,,,
50kpGaPAhYJ3sGmk6vplg0,Love Yourself,Purpose (Deluxe),6Fr2rQkZ383FcMqFyT7yPr,False,,,,,,,,,,,,,,,,,,
03j354P848KtNU2FVSwkDG,Real Life,Beauty Behind The Madness,0P3oVJBFOv3TDXlYRhGL7s,False,,,,,,,,,,,,,,,,,,
1bAvtmTl0F9loyz9AwPwp7,Losers,Beauty Behind The Madness,0P3oVJBFOv3TDXlYRhGL7s,False,,,,,,,,,,,,,,,,,,
1mhVXWduD8ReDwusfaHNwU,Tell Your Friends,Beauty Behind The Madness,0P3oVJBFOv3TDXlYRhGL7s,False,,,,,,,,,,,,,,,,,,
4PhsKqMdgMEUSstTDAmMpg,Often,Beauty Behind The Madness,0P3oVJBFOv3TDXlYRhGL7s,False,,,,,,,,,,,,,,,,,,
1DlW1PeiL0QsA13dTCSQG7,Be Together,Peace Is The Mission : Extended,2U0b5MfkMUgzdvRUI69mya,False,,,,,,,,,,,,,,,,,,
2brlJDvGkO57WiBe2te5eO,Too Original,Peace Is The Mission : Extended,2U0b5MfkMUgzdvRUI69mya,False,,,,,,,,,,,,,,,,,,
0t7HKmZDWnOIRDVT9hqyuQ,Blaze Up The Fire,Peace Is The Mission : Extended,2U0b5MfkMUgzdvRUI69mya,False,,,,,,,,,,,,,,,,,,
3Q6T5Xwf39j9HTQwUZERMT,Powerful (feat. Ellie Goulding & Tarrus Riley),Peace Is The Mission : Extended,2U0b5MfkMUgzdvRUI69mya,False,,,,,,,,,,,,,,,,,,
21yo11TFsfpDtuYyCbqhZS,Intro (A86),Encore,02sEJTj1sye1JaqxqpcSCp,False,,,,,,,,,,,,,,,,,,
0g5EKLgdKvNlln7TNqBByK,Middle,Encore,02sEJTj1sye1JaqxqpcSCp,False,,,,,,,,,,,,,,,,,,
5GokpIAufFJxKqkJgRtdKD,Sahara,Encore,02sEJTj1sye1JaqxqpcSCp,False,,,,,,,,,,,,,,,,,,
6NsxPxFzZ18TKBcTgxX3dh,Sober,Encore,02sEJTj1sye1JaqxqpcSCp,False,,,,,,,,,,,,,,,,,,
6GTxdh4FiA8XyCLFK1vvgG,Pigalle,Encore,02sEJTj1sye1JaqxqpcSCp,False,,,,,,,,,,,,,,,,,,
0dlxqODS4xOn7pwjKXZZuc,Ten Thousand Hours,The Heist,76FXHQhTuT4QMIxfL09gX8,False,,,,,,,,,,,,,,,,,,
37rKwjBHaZurlyPYy3Nqvz,Thrift Shop (feat. Wanz),The Heist,76FXHQhTuT4QMIxfL09gX8,False,,,,,,,,,,,,,,,,,,
7kugTkQLsvtjM7esCEI8Ee,Thin Line (feat. Buffalo Madonna),The Heist,76FXHQhTuT4QMIxfL09gX8,False,,,,,,,,,,,,,,,,,,
01uqI4H13Gsd8Lyl1EYd8H,Same Love (feat. Mary Lambert),The Heist,76FXHQhTuT4QMIxfL09gX8,False,,,,,,,,,,,,,,,,,,
6SRsiMl7w1USE4mFqrOhHC,brutal,SOUR,6s84u2TUpR3wdUv4NgKA2j,False,,,,,,,,,,,,,,,,,,
5CZ40GBx1sQ9agT82CLQCT,traitor,SOUR,6s84u2TUpR3wdUv4NgKA2j,False,,,,,,,,,,,,,,,,,,
5wANPM4fQCJwkGd4rN57mH,drivers license,SOUR,6s84u2TUpR3wdUv4NgKA2j,False,,,,,,,,,,,,,,,,,,
4wcBRRpIfesgcyUtis7PEg,"1 step forward, 3 steps back",SOUR,6s84u2TUpR3wdUv4NgKA2j,False,,,,,,,,,,,,,,,,,,
6HU7h9RYOaPRFeh0R3UeAr,deja vu,SOUR,6s84u2TUpR3wdUv4NgKA2j,False,,,,,,,,,,,,,,,,,,
3fpVWegR6YOS1Yk5HSMYIq,Paranoid,beerbongs & bentleys,6trNtQUgC8cgbWcqoMYkOR,False,,,,,,,,,,,,,,,,,,
5VuxWXbt7XENQCtE9TzpTv,Spoil My Night (feat. Swae Lee),beerbongs & bentleys,6trNtQUgC8cgbWcqoMYkOR,False,,,,,,,,,,,,,,,,,,
2VdT56BGpdqNHUgOe1j5vc,Rich & Sad,beerbongs & bentleys,6trNtQUgC8cgbWcqoMYkOR,False,,,,,,,,,,,,,,,,,,
5lZZmityu9TAjNvSY6GLhR,Zack And Codeine,beerbongs & bentleys,6trNtQUgC8cgbWcqoMYkOR,False,,,,,,,,,,,,,,,,,,
5ffntNJnJOeFv7b7DCd0Bw,Takin' Shots,beerbongs & bentleys,6trNtQUgC8cgbWcqoMYkOR,False,,,,,,,,,,,,,,,,,,
5BoOzegGrg5XFRR8UBDtkF,Broken Whiskey Glass,Stoney (Deluxe),5s0rmjP8XOPhP6HhqOhuyC,False,,,,,,,,,,,,,,,,,,
02opp1cycqiFNDpLd2o1J3,Big Lie,Stoney (Deluxe),5s0rmjP8XOPhP6HhqOhuyC,False,,,,,,,,,,,,,,,,,,
0H8XeaJunhvpBdBFIYi6Sh,Deja Vu,Stoney (Deluxe),5s0rmjP8XOPhP6HhqOhuyC,False,,,,,,,,,,,,,,,,,,
6M0IsaUX4GNyto4niSegfI,No Option,Stoney (Deluxe),5s0rmjP8XOPhP6HhqOhuyC,False,,,,,,,,,,,,,,,,,,
1QWmKmqhv5zcsS3v45FNl0,Cold,Stoney (Deluxe),5s0rmjP8XOPhP6HhqOhuyC,False,,,,,,,,,,,,,,,,,,
7dcmZskqXONZuIuqGRLJ1C,Intro,Different World,3nzuGtN3nXARvvecier4K0,False,,,,,,,,,,,,,,,,,,
0lG6QM1jjbbX5UUn3DPmrZ,Lost Control,Different World,3nzuGtN3nXARvvecier4K0,False,,,,,,,,,,,,,,,,,,
7kVDkZkZc8qBUBsF6klUoY,I Don't Wanna Go,Different World,3nzuGtN3nXARvvecier4K0,False,,,,,,,,,,,,,,,,,,
0lks2Kt9veMOFEAPN0fsqN,Lily,Different World,3nzuGtN3nXARvvecier4K0,False,,,,,,,,,,,,,,,,,,
6HMT7AzGA5wmn5m2t1BuZR,Lonely (feat. ISÁK & Omar Noir),Different World,3nzuGtN3nXARvvecier4K0,False,,,,,,,,,,,,,,,,,,
3bBknFVxhFjBIFX91HcneQ,There's Nothing Holdin' Me Back,Illuminate,1ne2D0NxoGyZd31gAM4HNd,False,,,,,,,,,,,,,,,,,,
6rKr29yPKnQNhOxXMYvE9Y,Ruin,Illuminate,1ne2D0NxoGyZd31gAM4HNd,False,,,,,,,,,,,,,,,,,,
6EKvI1Beyh29HJoLJOdfw2,Mercy,Illuminate,1ne2D0NxoGyZd31gAM4HNd,False,,,,,,,,,,,,,,,,,,
1vfLwrJnjFAVo9wE78zKYs,Three Empty Words,Illuminate,1ne2D0NxoGyZd31gAM4HNd,False,,,,,,,,,,,,,,,,,,
6SRsiMl7w1USE4mFqrOhHC,brutal,SOUR,6s84u2TUpR3wdUv4NgKA2j,False,,,,,,,,,,,,,,,,,,
5CZ40GBx1sQ9agT82CLQCT,traitor,SOUR,6s84u2TUpR3wdUv4NgKA2j,False,,,,,,,,,,,,,,,,,,
4wcBRRpIfesgcyUtis7PEg,"1 step forward, 3 steps back",SOUR,6s84u2TUpR3wdUv4NgKA2j,False,,,,,,,,,,,,,,,,,,
6HU7h9RYOaPRFeh0R3UeAr,deja vu,SOUR,6s84u2TUpR3wdUv4NgKA2j,False,,,,,,,,,,,,,,,,,,
5XX9oGZfgKMXdHnEp4t2JB,Money On My Mind,In The Lonely Hour,08jWgM4vSkTose4blKBWov,False,,,,,,,,,,,,,,,,,,
6zHecELSAUYPCmYY8qHuOy,Good Thing,In The Lonely Hour,08jWgM4vSkTose4blKBWov,False,,,,,,,,,,,,,,,,,,
3b5LW3nS3WFQyS1e8ajGJN,Leave Your Lover,In The Lonely Hour,08jWgM4vSkTose4blKBWov,False,,,,,,,,,,,,,,,,,,
7795WJLVKJoAyVoOtCWqXN,I'm Not The Only One,In The Lonely Hour,08jWgM4vSkTose4blKBWov,False,,,,,,,,,,,,,,,,,,
5Aa7RD4Pdp14vII8SVsrSS,"At Night, Alone.","At Night, Alone.",6Phl1V5P0sPrWJytXHGFeO,False,,,,,,,,,,,,,,,,,,
7zzoxJbgjme3366mOp5UnH,I Took A Pill In Ibiza,"At Night, Alone.",6Phl1V5P0sPrWJytXHGFeO,False,,,,,,,,,,,,,,,,,,
5PW6M2W3QfmPY9F5eMLR0C,Not That Simple,"At Night, Alone.",6Phl1V5P0sPrWJytXHGFeO,False,,,,,,,,,,,,,,,,,,
1h4oQvTG0wZcW1afwjMHjV,Be As You Are,"At Night, Alone.",6Phl1V5P0sPrWJytXHGFeO,False,,,,,,,,,,,,,,,,,,
4OubRAjuXv4J6A3nymzSN1,In The Arms Of A Stranger,"At Night, Alone.",6Phl1V5P0sPrWJytXHGFeO,False,,,,,,,,,,,,,,,,,,
41RffU6OSMWONC8uTjyude,Uptown's First Finale (feat. Stevie Wonder & Andrew Wyatt),Uptown Special,3vLaOYCNCzngDf8QdBg2V1,False,,,,,,,,,,,,,,,,,,
3hoh1AoKwuC3VZ8CYj6YA9,Summer Breaking (feat. Kevin Parker),Uptown Special,3vLaOYCNCzngDf8QdBg2V1,False,,,,,,,,,,,,,,,,,,
2ENBaEOC0Jgi2au9Jt7y7d,Feel Right (feat. Mystikal),Uptown Special,3vLaOYCNCzngDf8QdBg2V1,False,,,,,,,,,,,,,,,,,,
2VNSUMHI1R3B6wVV8P7ZlG,I Can't Lose (feat. Keyone Starr),Uptown Special,3vLaOYCNCzngDf8QdBg2V1,False,,,,,,,,,,,,,,,,,,
39LmTF9RgyakzSYX8txrow,imagine,"thank u, next",2fYhqwDWXjbpjaIJPEfKFw,False,,,,,,,,,,,,,,,,,,
1TEL6MlSSVLSdhOSddidlJ,needy,"thank u, next",2fYhqwDWXjbpjaIJPEfKFw,False,,,,,,,,,,,,,,,,,,
4uTvPEr01pjTbZgl7jcKBD,NASA,"thank u, next",2fYhqwDWXjbpjaIJPEfKFw,False,,,,,,,,,,,,,,,,,,
2hloaUoRonYssMuqLCBLTX,bloodline,"thank u, next",2fYhqwDWXjbpjaIJPEfKFw,False,,,,,,,,,,,,,,,,,,
3wFLWP0FcIqHK1wb1CPthQ,fake smile,"thank u, next",2fYhqwDWXjbpjaIJPEfKFw,False,,,,,,,,,,,,,,,,,,
4K1vOdIFqskQv3zoI0FdAk,Say It First,The Thrill Of It All (Special Edition),3TJz2UBNYJtlEly0sPeNrQ,False,,,,,,,,,,,,,,,,,,
01uk7IzZyFNfQTDBXxx6NB,One Last Song,The Thrill Of It All (Special Edition),3TJz2UBNYJtlEly0sPeNrQ,False,,,,,,,,,,,,,,,,,,
1A85fOmviQuGgkF6Lww6Nd,Midnight Train,The Thrill Of It All (Special Edition),3TJz2UBNYJtlEly0sPeNrQ,False,,,,,,,,,,,,,,,,,,
2mb6YdoavL6db22p7XKJQZ,Burning,The Thrill Of It All (Special Edition),3TJz2UBNYJtlEly0sPeNrQ,False,,,,,,,,,,,,,,,,,,
60eVCXFCuw1WYswBuNZc4H,Jenny Was A Friend Of Mine,Hot Fuss,1ujPmNlTMp41h4EG6OOBGR,False,,,,,,,,,,,,,,,,,,
3KANrKOFYyAxfjQJHkgBdb,Smile Like You Mean It,Hot Fuss,1ujPmNlTMp41h4EG6OOBGR,False,,,,,,,,,,,,,,,,,,
6PwjJ58I4t7Mae9xfZ9l9v,Somebody Told Me,Hot Fuss,1ujPmNlTMp41h4EG6OOBGR,False,,,,,,,,,,,,,,,,,,
5vollujufHY0jMZxx77VWr,All These Things That I've Done,Hot Fuss,1ujPmNlTMp41h4EG6OOBGR,False,,,,,,,,,,,,,,,,,,
4G8gkOterJn0Ywt6uhqbhp,Radioactive,Night Visions,6nxDQi0FeEwccEPJeNySoS,False,,,,,,,,,,,,,,,,,,
3dw0A0cbqT6Oy2V8KfGwIT,Tiptoe,Night Visions,6nxDQi0FeEwccEPJeNySoS,False,,,,,,,,,,,,,,,,,,
6BtmXhTJMM9sBTHeYYASGz,It's Time,Night Visions,6nxDQi0FeEwccEPJeNySoS,False,,,,,,,,,,,,,,,,,,
6KuHjfXHkfnIjdmcIvt9r0,On Top Of The World,Night Visions,6nxDQi0FeEwccEPJeNySoS,False,,,,,,,,,,,,,,,,,,
757lWi81eSRf0wYT42eu5e,ShadyXV,SHADYXV,3CjuTytLZz3G9znXt2rJgU,False,,,,,,,,,,,,,,,,,,
41waH7ObCldjMZ90i6HY3A,Psychopath Killer,SHADYXV,3CjuTytLZz3G9znXt2rJgU,False,,,,,,,,,,,,,,,,,,
2gsWiAyssTMQS31PJ2Ih1K,Die Alone,SHADYXV,3CjuTytLZz3G9znXt2rJgU,False,,,,,,,,,,,,,,,,,,
0IG21pqbOajmplCfaWNJua,Vegas,SHADYXV,3CjuTytLZz3G9znXt2rJgU,False,,,,,,,,,,,,,,,,,,
7l3sjaDdNLDZ8paYkwgIot,Y'all Ready Know,SHADYXV,3CjuTytLZz3G9znXt2rJgU,False,,,,,,,,,,,,,,,,,,
0mtdxzBRDbueLFpiwpbHKO,Sola,VIDA,5C0YLr4OoRGFDaqdMQmkeH,False,,,,,,,,,,,,,,,,,,
4v4pC1y5UI5oHdcluJIJs8,Apaga La Luz,VIDA,5C0YLr4OoRGFDaqdMQmkeH,False,,,,,,,,,,,,,,,,,,
0oBLtIumLel0ODRz09MIbV,Le Pido Al Cielo,VIDA,5C0YLr4OoRGFDaqdMQmkeH,False,,,,,,,,,,,,,,,,,,
4cuGZb0iFyHtwaSKdKrJkF,Imposible,VIDA,5C0YLr4OoRGFDaqdMQmkeH,False,,,,,,,,,,,,,,,,,,
1s2VGd7q3D3UA3vuaHI7rw,Poco A Poco,VIDA,5C0YLr4OoRGFDaqdMQmkeH,False,,,,,,,,,,,,,,,,,,
38mQZ5tZ6IylQaJCCF90ox,The Top,El Dorado,270o30h7cAlEhBnbuSpFZq,False,,,,,,,,,,,,,,,,,,
3JVTsvTldB6arHVlmxmTnM,Company (feat. Future),El Dorado,270o30h7cAlEhBnbuSpFZq,False,,,,,,,,,,,,,,,,,,
5x4zsks09ZXriL8IFUExJe,Love Or Lust,El Dorado,270o30h7cAlEhBnbuSpFZq,False,,,,,,,,,,,,,,,,,,
3DwtzjXAKk8zS3tbdJHOsK,Outta Pocket,El Dorado,270o30h7cAlEhBnbuSpFZq,False,,,,,,,,,,,,,,,,,,
6MGRweoLPBAaPcXTMpMWsA,Coco (feat. DaBaby),El Dorado,270o30h7cAlEhBnbuSpFZq,False,,,,,,,,,,,,,,,,,,
3mC8VlVBwdVxCTq4cYZr64,Future Nostalgia,Future Nostalgia,5lKlFlReHOLShQKyRv6AL9,False,,,,,,,,,,,,,,,,,,
1AVtceapuF36oZqI9gzp0o,Don't Start Now,Future Nostalgia,5lKlFlReHOLShQKyRv6AL9,False,,,,,,,,,,,,,,,,,,
4GE0As8SVSjCMVYkRaaWwJ,Cool,Future Nostalgia,5lKlFlReHOLShQKyRv6AL9,False,,,,,,,,,,,,,,,,,,
7toYVidBIpAmM8Ife3LGrP,Physical,Future Nostalgia,5lKlFlReHOLShQKyRv6AL9,False,,,,,,,,,,,,,,,,,,
1dI77VhaLcQSgQLSnIs03D,Levitating,Future Nostalgia,5lKlFlReHOLShQKyRv6AL9,False,,,,,,,,,,,,,,,,,,
7JvmJDDMZMvWaWARsWK9Da,MONTERO (Call Me By Your Name) - SATAN'S EXTENDED VERSION,MONTERO (Call Me By Your Name),2Hjcfw8zHN4dJDZJGOzLd6,False,,,,,,,,,,,,,,,,,,
5E7yANAV3VdP9phPEHoSw1,MONTERO (Call Me By Your Name) - But Lil Nas X Is Silent The Entire Time,MONTERO (Call Me By Your Name),2Hjcfw8zHN4dJDZJGOzLd6,False,,,,,,,,,,,,,,,,,,
0lI3C7jXLDY88pQPRjUCLR,Whiskey Eyes,Jungle Rules,4c2p3TdN7NcQfCXyueCNnC,False,,,,,,,,,,,,,,,,,,
5paFScPOaRDDlQu6gzHzeL,Trippin,Jungle Rules,4c2p3TdN7NcQfCXyueCNnC,False,,,,,,,,,,,,,,,,,,
1vVNlXi8gf8tZ7OhnEs4VE,A Lie,Jungle Rules,4c2p3TdN7NcQfCXyueCNnC,False,,,,,,,,,,,,,,,,,,
58wSQNRC9QE70EkDF2BEtm,Jump,Jungle Rules,4c2p3TdN7NcQfCXyueCNnC,False,,,,,,,,,,,,,,,,,,
2aOPvzjpMwikBgngKcxsA9,Introduction (instructions),?,2Ti79nwTsont5ZHfdxIzAm,False,,,,,,,,,,,,,,,,,,
2oe6dDthgthqUkfL3czpEd,"ALONE, PART 3",?,2Ti79nwTsont5ZHfdxIzAm,False,,,,,,,,,,,,,,,,,,
3ee8Jmje8o58CHK66QrVC2,SAD!,?,2Ti79nwTsont5ZHfdxIzAm,False,,,,,,,,,,,,,,,,,,
4UKCKdYiLN6IMA5ZESUTL7,the remedy for a broken heart (why am I so in love),?,2Ti79nwTsont5ZHfdxIzAm,False,,,,,,,,,,,,,,,,,,
7AOtINPzQ4N4JVXk7ygZZz,Intro,Please Excuse Me for Being Antisocial,52u4anZbHd6UInnmHRFzba,False,,,,,,,,,,,,,,,,,,
7A20WnLkjtZU2d7hIB6Ziu,Start Wit Me (feat. Gunna),Please Excuse Me for Being Antisocial,52u4anZbHd6UInnmHRFzba,False,,,,,,,,,,,,,,,,,,
6kiIVIbmwEw6JvIZc7UG0E,Perfect Time,Please Excuse Me for Being Antisocial,52u4anZbHd6UInnmHRFzba,False,,,,,,,,,,,,,,,,,,
33NoCir8q4WA4HNmyrD3fu,Moonwalkin (feat. Lil Durk),Please Excuse Me for Being Antisocial,52u4anZbHd6UInnmHRFzba,False,,,,,,,,,,,,,,,,,,
5FVbvttjEvQ8r2BgUcJgNg,Life Goes On,BE,2qehskW9lYGWfYb0xPZkrS,False,,,,,,,,,,,,,,,,,,
1NHl9g36Ebu3g16y0vtUNV,Fly To My Room,BE,2qehskW9lYGWfYb0xPZkrS,False,,,,,,,,,,,,,,,,,,
7Ki0hse0IfXEcXUlpyECbJ,Blue & Grey,BE,2qehskW9lYGWfYb0xPZkrS,False,,,,,,,,,,,,,,,,,,
16SFlxZd0oH4YA7KvCQlsG,Skit,BE,2qehskW9lYGWfYb0xPZkrS,False,,,,,,,,,,,,,,,,,,
6Fnvi5QnVkTskSzeRvvQds,Telepathy,BE,2qehskW9lYGWfYb0xPZkrS,False,,,,,,,,,,,,,,,,,,
4bQHPFjRT6O1KdMCd4cD9u,Rock 'n' Roll Star - Remastered,Stop the Clocks,6lcZGrrlTM7c276ZTWh9Sx,False,,,,,,,,,,,,,,,,,,
1xxPQaR29dAf3yxaafByeD,Some Might Say - Remastered,Stop the Clocks,6lcZGrrlTM7c276ZTWh9Sx,False,,,,,,,,,,,,,,,,,,
2LNV0347QKt4AHxRSfCBij,Talk Tonight - Remastered,Stop the Clocks,6lcZGrrlTM7c276ZTWh9Sx,False,,,,,,,,,,,,,,,,,,
1XYLtiNehOF8D5NmlQknpI,Lyla,Stop the Clocks,6lcZGrrlTM7c276ZTWh9Sx,False,,,,,,,,,,,,,,,,,,
2RUfZnDBLgXeO2A1XOj0ss,The Importance Of Being Idle,Stop the Clocks,6lcZGrrlTM7c276ZTWh9Sx,False,,,,,,,,,,,,,,,,,,
6b8Be6ljOzmkOmFslEb23P,24K Magic,24K Magic,4PgleR09JVnm3zY1fW3XBA,False,,,,,,,,,,,,,,,,,,
0mBKv9DkYfQHjdMcw2jdyI,Chunky,24K Magic,4PgleR09JVnm3zY1fW3XBA,False,,,,,,,,,,,,,,,,,,
1I6pKIyaBp4OebTGLJpCCC,Perm,24K Magic,4PgleR09JVnm3zY1fW3XBA,False,,,,,,,,,,,,,,,,,,
0kN8xEmgMW9mh7UmDYHlJP,Versace on the Floor,24K Magic,4PgleR09JVnm3zY1fW3XBA,False,,,,,,,,,,,,,,,,,,
2AT8iROs4FQueDv2c8q2KE,R U Mine?,AM,78bpIziExqiI9qztvNFlQu,False,,,,,,,,,,,,,,,,,,
6wNUBZNWFxdUGof6vkaykE,One For The Road,AM,78bpIziExqiI9qztvNFlQu,False,,,,,,,,,,,,,,,,,,
7nzsY8vlnKdvGOEE0rjAXZ,Arabella,AM,78bpIziExqiI9qztvNFlQu,False,,,,,,,,,,,,,,,,,,
1j9rezdE3YeC7yktZXC1em,I Want It All,AM,78bpIziExqiI9qztvNFlQu,False,,,,,,,,,,,,,,,,,,
6MowG7MRVgPfGlCMsXKMJ2,Bird Set Free,This Is Acting,77jAfTh3KH9K2reMOmTgOh,False,,,,,,,,,,,,,,,,,,
25R5Tdr4K7ENb6umHzdCXn,Alive,This Is Acting,77jAfTh3KH9K2reMOmTgOh,False,,,,,,,,,,,,,,,,,,
1CGFyZ5fSRo0DhIJOLdHVM,One Million Bullets,This Is Acting,77jAfTh3KH9K2reMOmTgOh,False,,,,,,,,,,,,,,,,,,
73Mfgc0HTZeNCoNrDI46sJ,Move Your Body,This Is Acting,77jAfTh3KH9K2reMOmTgOh,False,,,,,,,,,,,,,,,,,,
1yvMUkIOTeUNtNWlWRgANS,Unstoppable,This Is Acting,77jAfTh3KH9K2reMOmTgOh,False,,,,,,,,,,,,,,,,,,
14hJ5tc1VCFMWhVn9axRTC,Life Of The Party,Handwritten,0CnQ0JQajNswRjPkNYVG8m,False,,,,,,,,,,,,,,,,,,
4LWIp8HAFxpfg37mnxHqCS,Never Be Alone,Handwritten,0CnQ0JQajNswRjPkNYVG8m,False,,,,,,,,,,,,,,,,,,
4Iz171BOalhbOxdlodJSJD,Kid In Love,Handwritten,0CnQ0JQajNswRjPkNYVG8m,False,,,,,,,,,,,,,,,,,,
1oiwANJpaXZxYkwvLWor4f,I Don't Even Know Your Name,Handwritten,0CnQ0JQajNswRjPkNYVG8m,False,,,,,,,,,,,,,,,,,,
7FUXL9fOmUeZFGXvL5cYkR,Ruin,Illuminate (Deluxe),3wBabo4pmzsYjALMSKY7Iq,False,,,,,,,,,,,,,,,,,,
0AS63m1wHv9n4VVRizK6Hc,Mercy,Illuminate (Deluxe),3wBabo4pmzsYjALMSKY7Iq,False,,,,,,,,,,,,,,,,,,
48DKpTEVJ2pAjxQbWTad3q,Treat You Better,Illuminate (Deluxe),3wBabo4pmzsYjALMSKY7Iq,False,,,,,,,,,,,,,,,,,,
1Tt5Leqvv6OawH2jth05Rw,Three Empty Words,Illuminate (Deluxe),3wBabo4pmzsYjALMSKY7Iq,False,,,,,,,,,,,,,,,,,,
0ttF21hZCPw2merE3GsHcP,Curtains Up - Skit,The Eminem Show,2cWBwpqMsDJC1ZUwz813lo,False,,,,,,,,,,,,,,,,,,
15qrWkkYCfmtu1uRpGf48L,White America,The Eminem Show,2cWBwpqMsDJC1ZUwz813lo,False,,,,,,,,,,,,,,,,,,
0x60P5taxdI5pcGbqbap6S,Business,The Eminem Show,2cWBwpqMsDJC1ZUwz813lo,False,,,,,,,,,,,,,,,,,,
7BMO7O7ImjV8HNTH74Tshv,Cleanin' Out My Closet,The Eminem Show,2cWBwpqMsDJC1ZUwz813lo,False,,,,,,,,,,,,,,,,,,
27mgDrExPa3obPAYXd3yQg,Square Dance,The Eminem Show,2cWBwpqMsDJC1ZUwz813lo,False,,,,,,,,,,,,,,,,,,
6m9RExR1U4qZZYAgOatzSn,Best 4 U,Red Pill Blues (Deluxe),1Li4rADxSxjT2g4xqUcMYh,False,,,,,,,,,,,,,,,,,,
2j5hsQvApottzvTn4pFJWF,What Lovers Do (feat. SZA),Red Pill Blues (Deluxe),1Li4rADxSxjT2g4xqUcMYh,False,,,,,,,,,,,,,,,,,,
6AvfZXpbb6r35DfF7gHPRq,Wait,Red Pill Blues (Deluxe),1Li4rADxSxjT2g4xqUcMYh,False,,,,,,,,,,,,,,,,,,
5ezKhlg0ZwDPgOtMCoQt1S,Lips On You,Red Pill Blues (Deluxe),1Li4rADxSxjT2g4xqUcMYh,False,,,,,,,,,,,,,,,,,,
7HCnuwV7xCMfqljSUcgGci,Bet My Heart,Red Pill Blues (Deluxe),1Li4rADxSxjT2g4xqUcMYh,False,,,,,,,,,,,,,,,,,,
5xRBYte8zzJNmRfBgYIWnX,Take the World By Storm,Lukas Graham,4rFrdkSWs0dtj0rWPzOk1v,False,,,,,,,,,,,,,,,,,,
5ArQzSBevAdXTxRY6Ulhbq,Mama Said,Lukas Graham,4rFrdkSWs0dtj0rWPzOk1v,False,,,,,,,,,,,,,,,,,,
3Vq1gRj4U2HQ4uLBbT9y9U,Happy Home,Lukas Graham,4rFrdkSWs0dtj0rWPzOk1v,False,,,,,,,,,,,,,,,,,,
3xi7d2yGx09UKMAAr7A3az,Drunk in the Morning,Lukas Graham,4rFrdkSWs0dtj0rWPzOk1v,False,,,,,,,,,,,,,,,,,,
0mtdxzBRDbueLFpiwpbHKO,Sola,VIDA,5C0YLr4OoRGFDaqdMQmkeH,False,,,,,,,,,,,,,,,,,,
4v4pC1y5UI5oHdcluJIJs8,Apaga La Luz,VIDA,5C0YLr4OoRGFDaqdMQmkeH,False,,,,,,,,,,,,,,,,,,
0oBLtIumLel0ODRz09MIbV,Le Pido Al Cielo,VIDA,5C0YLr4OoRGFDaqdMQmkeH,False,,,,,,,,,,,,,,,,,,
4cuGZb0iFyHtwaSKdKrJkF,Imposible,VIDA,5C0YLr4OoRGFDaqdMQmkeH,False,,,,,,,,,,,,,,,,,,
1s2VGd7q3D3UA3vuaHI7rw,Poco A Poco,VIDA,5C0YLr4OoRGFDaqdMQmkeH,False,,,,,,,,,,,,,,,,,,
6UdhIn5jito25nOYZ5jWlA,Make It Mine,We Sing. We Dance. We Steal Things.,04G0YylSjvDQZrjOfE5jA5,False,,,,,,,,,,,,,,,,,,
0IktbUcnAGrvD03AWnz3Q8,Lucky,We Sing. We Dance. We Steal Things.,04G0YylSjvDQZrjOfE5jA5,False,,,,,,,,,,,,,,,,,,
7rrmHHc1kY9vkIZnXrcH7T,Butterfly,We Sing. We Dance. We Steal Things.,04G0YylSjvDQZrjOfE5jA5,False,,,,,,,,,,,,,,,,,,
0XIVmUXrwk0IjQEOWFnyn1,Live High,We Sing. We Dance. We Steal Things.,04G0YylSjvDQZrjOfE5jA5,False,,,,,,,,,,,,,,,,,,
57crda5Lx9OVaYCzb4Wrnd,CAN'T STOP,BLAME IT ON BABY,623PL2MBg50Br5dLXC9E9e,False,,,,,,,,,,,,,,,,,,
5gNOINI5dXZVom2b36LMOd,PICK UP (feat. Quavo),BLAME IT ON BABY,623PL2MBg50Br5dLXC9E9e,False,,,,,,,,,,,,,,,,,,
16oi4OiKmkO51l60F5R9kR,LIGHTSKIN SH*T (feat. Future & jetsonmade),BLAME IT ON BABY,623PL2MBg50Br5dLXC9E9e,False,,,,,,,,,,,,,,,,,,
3QSLoxRguKgK0knOG7EGyn,TALK ABOUT IT,BLAME IT ON BABY,623PL2MBg50Br5dLXC9E9e,False,,,,,,,,,,,,,,,,,,
6ChpgWt7s2ksM1Y3l0D9sk,SAD SH*T,BLAME IT ON BABY,623PL2MBg50Br5dLXC9E9e,False,,,,,,,,,,,,,,,,,,
05jQUgTm40hzAw5uqOy0ob,Intro,2014 Forest Hills Drive,7viNUmZZ8ztn2UB4XB3jIL,False,,,,,,,,,,,,,,,,,,
6LBpGdlukUARutol7VgWIS,January 28th,2014 Forest Hills Drive,7viNUmZZ8ztn2UB4XB3jIL,False,,,,,,,,,,,,,,,,,,
4tqcoej1zPvwePZCzuAjJd,Wet Dreamz,2014 Forest Hills Drive,7viNUmZZ8ztn2UB4XB3jIL,False,,,,,,,,,,,,,,,,,,
11qa6plS660rrrkf6VJ3cX,03’ Adolescence,2014 Forest Hills Drive,7viNUmZZ8ztn2UB4XB3jIL,False,,,,,,,,,,,,,,,,,,
52A8OAP8lTQKZCj4Rce92B,A Tale Of 2 Citiez,2014 Forest Hills Drive,7viNUmZZ8ztn2UB4XB3jIL,False,,,,,,,,,,,,,,,,,,
4gbVRS8gloEluzf0GzDOFc,Maps,V,2Auw0pTT6EcQdvHNimhLQI,False,,,,,,,,,,,,,,,,,,
2bL2gyO6kBdLkNSkxXNh6x,Animals,V,2Auw0pTT6EcQdvHNimhLQI,False,,,,,,,,,,,,,,,,,,
2PLo8T3kGE9URFvBy3tUdt,It Was Always You,V,2Auw0pTT6EcQdvHNimhLQI,False,,,,,,,,,,,,,,,,,,
1m39XApxHXb2UkGItyyIUO,Unkiss Me,V,2Auw0pTT6EcQdvHNimhLQI,False,,,,,,,,,,,,,,,,,,
30HCB1FoE77IfGRyNv4eFq,In Bloom,Nevermind (Deluxe Edition),2uEf3r9i2bnxwJQsxQ0xQ7,False,,,,,,,,,,,,,,,,,,
4P5KoWXOxwuobLmHXLMobV,Come As You Are,Nevermind (Deluxe Edition),2uEf3r9i2bnxwJQsxQ0xQ7,False,,,,,,,,,,,,,,,,,,
5mJGLBNJM0GULqAoL5mb9C,Breed,Nevermind (Deluxe Edition),2uEf3r9i2bnxwJQsxQ0xQ7,False,,,,,,,,,,,,,,,,,,
2YodwKJnbPyNKe8XXSE9V7,Lithium,Nevermind (Deluxe Edition),2uEf3r9i2bnxwJQsxQ0xQ7,False,,,,,,,,,,,,,,,,,,
