track_id,track_name,album_name,album_id,popular,danceability,energy,key,loudness,speechiness,acousticness,instrumentalness,liveness,valence,tempo,duration
7qiZfU4dY1lWllzX7mPBI3,Shape of You,÷ (Deluxe),3T4tUhGYeRNVUGevb0wThu,True,0.825,0.652,1,-3.183,0.0802,0.581,0.0,0.0931,0.931,95.977,3.8952166666666668
0VjIjW4GlUZAMYd2vXMi3b,Blinding Lights,After Hours,4yP0hdKOZPNshxUOjY0cZj,True,0.514,0.73,1,-5.934,0.0598,0.00146,9.54e-05,0.0897,0.334,171.005,3.334
2XU0oxnq2qxCpomAAuJY8K,Dance Monkey,Dance Monkey (Stripped Back) / Dance Monkey,0UywfDKYlyiu1b38DRrzYD,True,0.824,0.588,6,-6.4,0.0924,0.692,0.000104,0.149,0.513,98.027,3.4906333333333337
7qEHsqek33rTcFNT9PFqLf,Someone You Loved,Divinely Uninspired To A Hellish Extent,5658aM19fA3JVwTK6eQX70,True,0.501,0.405,1,-5.679,0.0319,0.751,0.0,0.105,0.446,109.891,3.036016666666667
0e7ipj03S05BNilyu5bRzt,rockstar (feat. 21 Savage),beerbongs & bentleys,6trNtQUgC8cgbWcqoMYkOR,True,0.585,0.52,5,-6.136,0.0712,0.124,7.01e-05,0.131,0.129,159.801,3.6357833333333334
0RiRZpuVRbi7oqRdSMwhQY,Sunflower - Spider-Man: Into the Spider-Verse,Hollywood's Bleeding,4g1ZRSobMefqF6nelkgibi,True,0.755,0.522,2,-4.368,0.0575,0.533,0.0,0.0685,0.925,89.96,2.626
1zi7xx7UVEFkmKfv06H8x0,One Dance,Views,40GMAhriYJRO1rsY4YdrZb,True,0.792,0.625,1,-5.609,0.0536,0.00776,0.0018,0.329,0.37,103.967,2.899783333333333
7BKLCZ1jbUBVqRi2FVlTVw,Closer,Closer,0rSLgV8p5FzfnqlEk4GzxE,True,0.748,0.524,8,-5.599,0.0338,0.414,0.0,0.111,0.661,95.01,4.082666666666666
0pqnGHJpmpxLKifKRmU6WP,Believer,Evolve,33pt9HBdGlAbRGBHQgsZsU,True,0.776,0.78,10,-4.374,0.128,0.0622,0.0,0.081,0.666,124.949,3.4057833333333334
0TK2YIli7K1leLovkQiNik,Señorita,Señorita,2ZaX1FdZCwchXl1QZiD4O4,True,0.759,0.54,9,-6.039,0.0287,0.037,0.0,0.0945,0.75,116.947,3.182666666666667
5HCyWlXZPP0y6Gqq8TgA20,STAY (with Justin Bieber),STAY (with Justin Bieber),4QLAtpLNUsHEYrcHXmMIZZ,True,0.591,0.764,1,-5.484,0.0483,0.0383,0.0,0.103,0.478,169.928,2.3634333333333335
0tgVpDi06FyKpA1z0VMD4v,Perfect,÷ (Deluxe),3T4tUhGYeRNVUGevb0wThu,True,0.599,0.448,8,-6.312,0.0232,0.163,0.0,0.106,0.168,95.05,4.39
5uCax9HTNlzGybIStD3vDh,Say You Won't Let Go,Back from the Edge,7oiJYvEJHsmYtrgviAVIBD,True,0.358,0.557,10,-7.398,0.059,0.695,0.0,0.0902,0.494,85.043,3.5244500000000003
2Fxmhks0bxGSBdJ92vM42m,bad guy,"WHEN WE ALL FALL ASLEEP, WHERE DO WE GO?",0S0KGZnfBGSIssfF54WSJh,True,0.701,0.425,7,-10.965,0.375,0.328,0.13,0.1,0.562,135.128,3.2348
3USxtqRwSYz57Ewm6wWRMp,Heat Waves,Heat Waves,69K1zrf6TkXHdYUO8n2qVi,True,0.761,0.525,11,-6.9,0.0944,0.44,6.7e-06,0.0921,0.531,80.87,3.9800833333333334
34gCuhDGsG4bRPIf9bb02f,Thinking out Loud,x (Deluxe Edition),1xn54DMo2qIqBuMqHtUsFd,True,0.781,0.445,2,-6.061,0.0295,0.474,0.0,0.184,0.591,78.998,4.692666666666667
285pBltuF7vW8TeWk8hdRR,Lucid Dreams,Goodbye & Good Riddance,6tkjU4Umpo79wwkgPMV3nZ,True,0.511,0.566,6,-7.23,0.2,0.349,0.0,0.34,0.218,83.903,3.997266666666667
3PfIrDoz19wz7qK7tYeu62,Don't Start Now,Future Nostalgia,7fJJK56U9fHixgO0HQkhtI,True,0.793,0.793,11,-4.521,0.083,0.0123,0.0,0.0951,0.679,123.95,3.0548333333333333
6DCZcSspjsKoFjzjrWoCdn,God's Plan,Scorpion,1ATL5GLyefJaxhQzSPVrLX,True,0.754,0.449,7,-9.211,0.109,0.0332,8.29e-05,0.552,0.357,77.169,3.316216666666667
7MXVkk9YMctZqd1Srtv4MB,Starboy,Starboy,2ODvWsOgouMbaA5xf0RkJe,True,0.679,0.587,7,-7.015,0.276,0.141,6.35e-06,0.137,0.486,186.003,3.840883333333333
0u2P5u6lvoDfwTYjAADbn4,lovely (with Khalid),lovely (with Khalid),2sBB17RXTamvj7Ncps15AK,True,0.351,0.296,4,-10.109,0.0333,0.934,0.0,0.095,0.12,115.284,3.3364333333333334
6UelLqGlWMcVH1E5c4H7lY,Watermelon Sugar,Fine Line,7xV2TzoaVc0ycW7fwBwAml,True,0.548,0.816,0,-4.209,0.0465,0.122,0.0,0.335,0.557,95.39,2.9
1HNkqx9Ahdgi1Ixy2xkKkL,Photograph,x (Deluxe Edition),1xn54DMo2qIqBuMqHtUsFd,True,0.614,0.379,4,-10.48,0.0476,0.607,0.000464,0.0986,0.201,107.989,4.316450000000001
7tFiyTwD0nx5a1eklYtX2J,Bohemian Rhapsody - Remastered 2011,A Night At The Opera (2011 Remaster),1GbtB4zTqAsyfZEsm1RZfx,True,0.392,0.402,0,-9.961,0.0536,0.288,0.0,0.243,0.228,143.883,5.905333333333333
6RUKPb4LETWmmr3iAEQktW,Something Just Like This,Memories...Do Not Open,4JPguzRps3kuWDD5GS6oXr,True,0.617,0.635,11,-6.769,0.0317,0.0498,1.44e-05,0.164,0.446,103.019,4.1193333333333335
2VxeLyX666F8uXCJ0dZF8B,Shallow,A Star Is Born Soundtrack,4sLtOBOzn4s3GDUv3c5oJD,True,0.572,0.385,7,-6.362,0.0308,0.371,0.0,0.231,0.323,95.799,3.5955500000000002
3ee8Jmje8o58CHK66QrVC2,SAD!,?,2Ti79nwTsont5ZHfdxIzAm,True,0.74,0.613,8,-4.88,0.145,0.258,0.00372,0.123,0.473,75.023,2.7767666666666666
50kpGaPAhYJ3sGmk6vplg0,Love Yourself,Purpose (Deluxe),6Fr2rQkZ383FcMqFyT7yPr,True,0.609,0.378,4,-9.828,0.438,0.835,0.0,0.28,0.515,100.418,3.8953333333333333
21jGcNKet2qwijlDFuPiPb,Circles,Hollywood's Bleeding,4g1ZRSobMefqF6nelkgibi,True,0.695,0.762,0,-3.497,0.0395,0.192,0.00244,0.0863,0.553,120.042,3.588
3U4isOIWM3VvDubwSI3y7a,All of Me,Love In The Future (Expanded Edition),4OTAx9un4e6NfoHuVRiOrC,True,0.422,0.264,8,-7.064,0.0322,0.922,0.0,0.132,0.331,119.93,4.492666666666667
1CS7Sd1u5tWkstBhpssyjP,Take Me to Church,Hozier,0Uv83rRhY5QvHKkQoULRKk,True,0.566,0.664,4,-5.303,0.0464,0.634,0.0,0.116,0.437,128.945,4.028216666666667
1zB4vmk8tFRmM9UULNzbLB,Thunder,Evolve,33pt9HBdGlAbRGBHQgsZsU,True,0.605,0.822,0,-4.833,0.0438,0.00671,0.134,0.147,0.288,167.997,3.1191166666666663
6ocbgoVGwYJhOv1GgI9NsF,7 rings,"thank u, next",2fYhqwDWXjbpjaIJPEfKFw,True,0.778,0.317,1,-10.732,0.334,0.592,0.0,0.0881,0.327,140.048,2.977116666666667
2QjOHCTQ1Jl3zawyYOpxh6,Sweater Weather,I Love You.,4xkM0BwLM9H2IUcbYzpcBI,True,0.612,0.807,10,-2.81,0.0336,0.0495,0.0177,0.101,0.398,124.053,4.006666666666667
6gBFPUFcJLzWGx4lenP6h2,goosebumps,Birds In The Trap Sing McKnight,42WVQWuf1teDysXiOupIZt,True,0.841,0.728,7,-3.37,0.0484,0.0847,0.0,0.149,0.43,130.049,4.06395
7m9OqQk4RVRkw9JJdeAw96,Jocelyn Flores,17,5VdyJkLe3yvOs0l4xXbWp0,True,0.872,0.391,0,-9.144,0.242,0.469,4.13e-06,0.297,0.437,134.021,1.98555
1rfofaqEpACxVEHIZBJe6W,Havana (feat. Young Thug),Camila,2vD3zSQr8hNlg0obNel4TE,True,0.765,0.523,2,-4.333,0.03,0.184,3.56e-05,0.132,0.394,104.988,3.6217833333333336
7GX5flRQZVHRAGd6B4TmDO,XO Tour Llif3,Luv Is Rage 2,733e1ZfktLSwj96X5rsMeE,True,0.732,0.75,11,-6.366,0.231,0.00264,0.0,0.109,0.401,155.096,3.0451166666666665
3CRDbSIZ4r5MsZ0YwxuEkn,Stressed Out,Blurryface,3cQO7jp5S9qLBoIVtbkSM1,True,0.734,0.637,4,-5.677,0.141,0.0462,2.29e-05,0.0602,0.648,169.977,3.3722166666666666
2ekn2ttSfGqwhhate0LSR0,New Rules,Dua Lipa (Deluxe),01sfgrNbnnPUEyz6GZYlt9,True,0.762,0.7,9,-6.021,0.0694,0.00261,1.56e-05,0.153,0.608,116.073,3.4886666666666666
7BqHUALzNBTanL6OvsqmC1,Happier,Happier,78EicdHZr5XBWD7llEZ1Jh,True,0.687,0.792,5,-2.749,0.0452,0.191,0.0,0.167,0.671,100.011,3.5715
7KXjTSCq5nL1LoYtL7XAwS,HUMBLE.,DAMN.,4eLPsYPBmXABThSJ821sqY,True,0.908,0.621,1,-6.638,0.102,0.000282,5.39e-05,0.0958,0.421,150.011,2.95
2xLMifQCjDGFmkHkpNLD9h,SICKO MODE,ASTROWORLD,41GuZcammIkupMPKH2OJ6I,True,0.834,0.73,8,-3.714,0.222,0.00513,0.0,0.124,0.446,155.008,5.213666666666667
2tpWsVSb9UEmDRxAl1zhX1,Counting Stars,Native,20lOt6G8MHv8ZO7ViOmiP7,True,0.664,0.705,1,-4.972,0.0382,0.0654,0.0,0.118,0.477,122.016,4.2877833333333335
1KxwZYyzWNyZSRyErj2ojT,Let Her Go,All The Little Lights,2mylGx7w2Q3yhUyN8iEWOF,True,0.479,0.545,7,-7.346,0.0688,0.365,0.0,0.0963,0.243,74.897,4.2122166666666665
0nrRP2bk19rLc0orkWPQk2,Wake Me Up,TRUE,1s9tU91VJt4sU5owi29GD3,True,0.532,0.783,2,-5.697,0.0523,0.0038,0.0012,0.161,0.643,124.08,4.123783333333333
3JvrhDOgAt6p7K8mDyZwRd,Riptide,Dream Your Life Away,6rIbiUMmZJfqJRnXhVxFvg,True,0.484,0.731,1,-6.694,0.0379,0.431,0.0,0.151,0.51,101.654,3.4046666666666665
09CtPGIpYB4BrO8qb1RGsF,Sorry,Purpose (Deluxe),6Fr2rQkZ383FcMqFyT7yPr,True,0.654,0.76,0,-3.669,0.045,0.0797,0.0,0.299,0.41,99.945,3.34645
7fBv7CLKzipRk6EC6TWHOB,The Hills,Beauty Behind The Madness,0P3oVJBFOv3TDXlYRhGL7s,True,0.585,0.564,0,-7.063,0.0515,0.0671,0.0,0.135,0.137,113.003,4.03755
01aTsQoKoeXofSTvKuunzv,Lean On,Peace Is The Mission : Extended,2U0b5MfkMUgzdvRUI69mya,True,0.723,0.809,7,-3.081,0.0625,0.00346,0.00123,0.565,0.274,98.007,2.9426833333333335
0lYBSQXN6rCTvUZvg9S0lU,Let Me Love You,Encore,02sEJTj1sye1JaqxqpcSCp,True,0.649,0.716,8,-5.371,0.0349,0.0863,2.63e-05,0.135,0.163,99.988,3.4324500000000002
0zLCBJZSiELJf02ucPP9wb,Roses - Imanbek Remix,Roses (Imanbek Remix),3GqSdhWjmMypMwPLtzoFYs,True,0.769,0.719,8,-5.472,0.0474,0.0143,0.00777,0.359,0.863,121.955,2.947783333333333
3bidbhpOYeV4knp8AIu8Xn,Can't Hold Us (feat. Ray Dalton),The Heist,76FXHQhTuT4QMIxfL09gX8,True,0.641,0.922,2,-4.457,0.0786,0.0291,0.0,0.0862,0.847,146.078,4.305716666666667
4ZtFanR9U6ndgddUvNcjcG,good 4 u,SOUR,6s84u2TUpR3wdUv4NgKA2j,True,0.563,0.664,9,-5.044,0.154,0.335,0.0,0.0849,0.688,166.928,2.9691166666666664
7dt6x5M1jzdTEt8oCbisTK,Better Now,beerbongs & bentleys,6trNtQUgC8cgbWcqoMYkOR,True,0.68,0.578,10,-5.804,0.04,0.331,0.0,0.135,0.341,145.038,3.85445
3a1lNhkSLSkpJE4MSHpDu9,Congratulations,Stoney (Deluxe),5s0rmjP8XOPhP6HhqOhuyC,True,0.63,0.804,6,-4.183,0.0363,0.215,0.0,0.253,0.492,123.146,3.6715500000000003
698ItKASDavgwZ3WjaWjtz,Faded,Different World,3nzuGtN3nXARvvecier4K0,True,0.468,0.627,6,-5.085,0.0476,0.0281,7.97e-06,0.11,0.159,179.642,3.5351166666666667
7ef4DlsgrMEH11cDZd32M6,One Kiss (with Dua Lipa),One Kiss (with Dua Lipa),7GEzhoTiqcPYkOprWQu581,True,0.791,0.862,9,-3.24,0.11,0.037,2.19e-05,0.0814,0.592,123.994,3.5807833333333337
3QGsuHI8jO1Rx4JWLUh9jd,Treat You Better,Illuminate,1ne2D0NxoGyZd31gAM4HNd,True,0.444,0.819,10,-4.078,0.341,0.106,0.0,0.107,0.747,82.695,3.1328833333333335
5wANPM4fQCJwkGd4rN57mH,drivers license,SOUR,6s84u2TUpR3wdUv4NgKA2j,True,0.561,0.431,10,-8.81,0.0578,0.768,1.42e-05,0.106,0.137,143.875,4.03355
5Nm9ERjJZ5oyfXZTECKmRt,Stay With Me,In The Lonely Hour,08jWgM4vSkTose4blKBWov,True,0.418,0.42,0,-6.444,0.0414,0.588,6.39e-05,0.11,0.184,84.094,2.8787333333333334
1i1fxkWeaMmKEB4T7zqbzK,Don't Let Me Down,Don't Let Me Down,2SByipSK8eZ2pasaIwwzhf,True,0.532,0.869,11,-5.094,0.172,0.157,0.00508,0.136,0.422,159.803,3.4728833333333333
5p7ujcrUXASCNwRaWNHR1C,Without Me,Without Me,0zzrCTzvL4ZmR42xF46Afm,True,0.752,0.488,6,-7.05,0.0705,0.297,9.11e-06,0.0936,0.533,136.041,3.3610166666666665
0vbtURX4qv1l7besfwmnD8,I Took A Pill In Ibiza - Seeb Remix,"At Night, Alone.",6Phl1V5P0sPrWJytXHGFeO,True,0.664,0.714,7,-6.645,0.111,0.0353,8.42e-06,0.0843,0.71,101.969,3.2988833333333334
4Dvkj6JhhA12EX05fT7y2e,As It Was,As It Was,2pqdSWeJVsXAhHFuVLzuA8,True,0.52,0.731,6,-5.338,0.0557,0.342,0.00101,0.311,0.662,173.93,2.7883833333333334
32OlwWuMpZ6b0aN2RZOeMS,Uptown Funk (feat. Bruno Mars),Uptown Special,3vLaOYCNCzngDf8QdBg2V1,True,0.856,0.609,0,-7.223,0.0824,0.00801,8.15e-05,0.0344,0.928,114.988,4.4944500000000005
3HVWdVOQ0ZA45FuZGSfvns,I Don't Care (with Justin Bieber),I Don't Care (with Justin Bieber),5Nux7ozBJ5KJ02QYWwrneR,True,0.798,0.675,6,-5.041,0.0442,0.0912,0.0,0.0894,0.842,101.956,3.665783333333333
4cktbXiXOapiLBMprHFErI,Memories,Memories,3nR9B40hYLKLcR0Eph3Goc,True,0.775,0.327,11,-7.241,0.0557,0.841,0.0,0.0821,0.595,91.05,3.1580999999999997
3e9HZxeyfWwjeyPAMmWSSQ,"thank u, next","thank u, next",2fYhqwDWXjbpjaIJPEfKFw,True,0.717,0.653,1,-5.634,0.0658,0.229,0.0,0.101,0.412,106.966,3.4553333333333334
1mXVgsBdtIVeCLJnSnmtdV,Too Good At Goodbyes,The Thrill Of It All (Special Edition),3TJz2UBNYJtlEly0sPeNrQ,True,0.681,0.372,5,-8.237,0.0432,0.64,0.0,0.169,0.476,91.873,3.35
003vvx7Niy0yvhvHt4a68B,Mr. Brightside,Hot Fuss,1ujPmNlTMp41h4EG6OOBGR,True,0.352,0.911,1,-5.23,0.0747,0.00121,0.0,0.0995,0.236,148.033,3.716216666666667
27NovPIUIRrOZoCHxABJwK,INDUSTRY BABY (feat. Jack Harlow),INDUSTRY BABY (feat. Jack Harlow),622NFw5Yk0OReMJ2XWcXUh,True,0.736,0.704,3,-7.409,0.0615,0.0203,0.0,0.0501,0.894,149.995,3.533333333333333
3LlAyCYU26dvFZBDUIMb7a,Demons,Night Visions,6nxDQi0FeEwccEPJeNySoS,True,0.505,0.71,3,-3.015,0.0321,0.19,0.00025,0.329,0.428,89.938,2.9200000000000004
5Z01UMMf7V1o0MzF86s6WJ,Lose Yourself,SHADYXV,3CjuTytLZz3G9znXt2rJgU,True,0.692,0.744,2,-4.565,0.257,0.00868,0.000423,0.359,0.0612,171.374,5.441116666666667
1vnnXMrBeEWiRg3YCMCjQq,Despacito - Remix,VIDA,5C0YLr4OoRGFDaqdMQmkeH,True,0.649,0.798,2,-4.346,0.178,0.226,0.0,0.0711,0.857,177.899,3.840216666666667
4jPy3l0RUwlUI9T5XHBW2m,Mood (feat. iann dior),El Dorado,270o30h7cAlEhBnbuSpFZq,True,0.701,0.716,7,-3.671,0.0361,0.174,0.0,0.324,0.732,91.007,2.342216666666667
5nujrmhLynf4yMoMtj8AQF,Levitating (feat. DaBaby),Future Nostalgia,5lKlFlReHOLShQKyRv6AL9,True,0.702,0.825,6,-3.787,0.0601,0.00883,0.0,0.0674,0.915,102.977,3.3844
67BtfxlNbhBmCDR2L2l8qd,MONTERO (Call Me By Your Name),MONTERO (Call Me By Your Name),2Hjcfw8zHN4dJDZJGOzLd6,True,0.61,0.508,8,-6.682,0.152,0.297,0.0,0.384,0.758,178.818,2.2979333333333334
3B54sVLJ402zGa6Xm4YGNe,Unforgettable,Jungle Rules,4c2p3TdN7NcQfCXyueCNnC,True,0.726,0.769,6,-5.043,0.123,0.0293,0.0101,0.104,0.733,97.985,3.898366666666667
47EiUVwUp4C9fGccaPuUCS,DÁKITI,DÁKITI,43dl8hP5uNN9s6YeeJA5fv,True,0.731,0.573,4,-10.059,0.0544,0.401,5.22e-05,0.113,0.145,109.928,3.4181666666666666
0JP9xo3adEtGSdUEISiszL,Moonlight,?,2Ti79nwTsont5ZHfdxIzAm,True,0.921,0.537,9,-5.723,0.0804,0.556,0.00404,0.102,0.711,128.009,2.2515
0nbXyq5TXYPCO7pr3N8S4I,The Box,Please Excuse Me for Being Antisocial,52u4anZbHd6UInnmHRFzba,True,0.896,0.586,10,-6.687,0.0559,0.104,0.0,0.79,0.642,116.971,3.2775499999999997
5QDLhrAOJJdNAmCTJ8xMyW,Dynamite,BE,2qehskW9lYGWfYb0xPZkrS,True,0.746,0.765,6,-4.41,0.0993,0.0112,0.0,0.0936,0.737,114.044,3.3175666666666666
7ygpwy2qP3NbrxVkHvUhXY,Wonderwall - Remastered,Stop the Clocks,6lcZGrrlTM7c276ZTWh9Sx,True,0.375,0.893,2,-4.097,0.0406,0.000509,0.0,0.187,0.434,174.323,4.312883333333334
0KKkJNfGyhkQ5aFogxQAPU,That's What I Like,24K Magic,4PgleR09JVnm3zY1fW3XBA,True,0.853,0.56,1,-4.961,0.0406,0.013,0.0,0.0944,0.86,134.066,3.4448833333333337
5FVd6KXrgO9B3JPmC8OPst,Do I Wanna Know?,AM,78bpIziExqiI9qztvNFlQu,True,0.548,0.532,5,-7.596,0.0323,0.186,0.000263,0.217,0.405,85.03,4.5399
3S4px9f4lceWdKf0gWciFu,Cheap Thrills,This Is Acting,77jAfTh3KH9K2reMOmTgOh,True,0.628,0.698,6,-5.608,0.105,0.0472,0.00143,0.0907,0.732,89.976,3.5277833333333333
5jsw9uXEGuKyJzs0boZ1bT,Stitches,Handwritten,0CnQ0JQajNswRjPkNYVG8m,True,0.752,0.754,1,-6.684,0.0615,0.0151,0.0,0.0486,0.755,149.789,3.448
7JJmb5XwzOO8jgpou264Ml,There's Nothing Holdin' Me Back,Illuminate (Deluxe),3wBabo4pmzsYjALMSKY7Iq,True,0.866,0.813,11,-4.063,0.0554,0.38,0.0,0.0779,0.969,121.998,3.324
4xkOaSrkexMciUUogZKVTS,Till I Collapse,The Eminem Show,2cWBwpqMsDJC1ZUwz813lo,True,0.548,0.847,1,-3.237,0.186,0.0622,0.0,0.0816,0.1,171.447,4.963116666666667
2JzZzZUQj3Qff7wapcbKjc,See You Again (feat. Charlie Puth),See You Again (feat. Charlie Puth),5FXIqS1XqbpfOKNoi5VUwS,True,0.689,0.481,10,-7.503,0.0815,0.369,1.03e-06,0.0649,0.283,80.025,3.8254333333333337
0EcQcdcbQeVJn9fknj44Be,I Like Me Better,I Like Me Better,7l6fTSFvlumnPFpOSrbnDV,True,0.753,0.505,9,-7.621,0.255,0.534,2.58e-06,0.104,0.419,91.972,3.2906166666666667
6V1bu6o1Yo5ZXnsCJU8Ovk,Girls Like You (feat. Cardi B) - Cardi B Version,Red Pill Blues (Deluxe),1Li4rADxSxjT2g4xqUcMYh,True,0.851,0.541,0,-6.825,0.0505,0.568,0.0,0.13,0.448,124.959,3.9257500000000003
5kqIPrATaCc2LqxVWzQGbk,7 Years,Lukas Graham,4rFrdkSWs0dtj0rWPzOk1v,True,0.765,0.473,10,-5.829,0.0514,0.287,0.0,0.391,0.34,119.992,3.955
6habFhsOp2NvshLv26DqMb,Despacito,VIDA,5C0YLr4OoRGFDaqdMQmkeH,True,0.655,0.797,2,-4.787,0.153,0.198,0.0,0.067,0.839,177.928,3.822666666666667
1EzrEOXmMH3G43AXT1y7pA,I'm Yours,We Sing. We Dance. We Steal Things.,04G0YylSjvDQZrjOfE5jA5,True,0.703,0.444,11,-9.331,0.0417,0.559,0.0,0.0973,0.712,150.96,4.0491166666666665
7ytR5pFWmSjzHJIeQkgog4,ROCKSTAR (feat. Roddy Ricch),BLAME IT ON BABY,623PL2MBg50Br5dLXC9E9e,True,0.746,0.69,11,-7.956,0.164,0.247,0.0,0.101,0.497,89.977,3.0288833333333334
68Dni7IE4VyPkTOH9mRWHr,No Role Modelz,2014 Forest Hills Drive,7viNUmZZ8ztn2UB4XB3jIL,True,0.69,0.521,10,-8.492,0.339,0.324,0.0,0.0534,0.494,100.028,4.879983333333333
2iuZJX9X9P0GKaE93xcPjk,Sugar,V,2Auw0pTT6EcQdvHNimhLQI,True,0.748,0.788,1,-7.055,0.0334,0.0591,0.0,0.0863,0.884,120.076,3.9248833333333333
5ghIJDpPoe3CfHMGu71E6T,Smells Like Teen Spirit,Nevermind (Deluxe Edition),2uEf3r9i2bnxwJQsxQ0xQ7,True,0.502,0.912,1,-4.556,0.0564,2.55e-05,0.000173,0.106,0.72,116.761,5.032
7oolFzHipTMg2nL7shhdz2,Eraser,÷ (Deluxe),3T4tUhGYeRNVUGevb0wThu,,0.64,0.812,8,-5.647,0.0834,0.086,0.0,0.0509,0.914,86.013,3.79045
6PCUP3dWmTjcTtXY02oFdT,Castle on the Hill,÷ (Deluxe),3T4tUhGYeRNVUGevb0wThu,False,0.461,0.834,2,-4.868,0.0989,0.0232,1.14e-05,0.14,0.471,135.007,4.352566666666666
51ChrwmUPDJvedPQnIU8Ls,Dive,÷ (Deluxe),3T4tUhGYeRNVUGevb0wThu,False,0.761,0.386,4,-6.158,0.0399,0.355,0.0,0.0953,0.526,134.943,3.9739999999999998
6b5P51m8xx2XA6U7sdNZ5E,Alone Again,After Hours,4yP0hdKOZPNshxUOjY0cZj,False,0.218,0.652,4,-7.953,0.0641,0.033,0.111,0.172,0.0599,65.375,4.16755
2K9Ovn1o2bTGqbsABGC6m3,Too Late,After Hours,4yP0hdKOZPNshxUOjY0cZj,False,0.638,0.863,4,-5.221,0.132,0.052,5.46e-05,0.685,0.226,120.077,3.99955
6kWxIqQDsKFYCJGbU4AjCX,Hardest To Love,After Hours,4yP0hdKOZPNshxUOjY0cZj,False,0.467,0.608,10,-7.847,0.0707,0.0909,8.83e-05,0.125,0.108,80.957,3.5233333333333334
4BGZF4oLbTL0pWm7C18pbv,Scared To Live,After Hours,4yP0hdKOZPNshxUOjY0cZj,False,0.504,0.498,0,-8.24,0.0499,0.131,0.0,0.0929,0.196,87.221,3.1884500000000005
3WlbeuhfRSqU7ylK2Ui5U7,Snowchild,After Hours,4yP0hdKOZPNshxUOjY0cZj,False,0.55,0.611,0,-7.475,0.137,0.162,6.88e-05,0.121,0.243,148.062,4.119783333333333
1ooBIqsmV1ocRldBZrvLPD,Dance Monkey - Stripped Back,Dance Monkey (Stripped Back) / Dance Monkey,0UywfDKYlyiu1b38DRrzYD,False,0.664,0.212,6,-7.762,0.046,0.931,0.0,0.102,0.574,83.245,2.8576833333333336
0pEkK8MqbmGSX7fT8WLMbR,Grace,Divinely Uninspired To A Hellish Extent,5658aM19fA3JVwTK6eQX70,False,0.722,0.565,4,-5.848,0.0335,0.435,0.0,0.165,0.488,104.483,3.0943
4Of7rzpRpV1mWRbhp5rAqG,Bruises,Divinely Uninspired To A Hellish Extent,5658aM19fA3JVwTK6eQX70,False,0.736,0.308,4,-7.83,0.0677,0.946,0.0,0.186,0.361,111.202,3.674866666666667
60iSKGrGazRzICtMjADNSM,Hold Me While You Wait,Divinely Uninspired To A Hellish Extent,5658aM19fA3JVwTK6eQX70,False,0.688,0.53,11,-5.507,0.0333,0.443,0.0,0.0995,0.162,106.958,3.428116666666667
5HU2B0yEnvg5EUB8FWeoda,Maybe,Divinely Uninspired To A Hellish Extent,5658aM19fA3JVwTK6eQX70,False,0.681,0.636,4,-5.485,0.0409,0.65,0.0,0.258,0.341,96.966,3.5019333333333336
3fpVWegR6YOS1Yk5HSMYIq,Paranoid,beerbongs & bentleys,6trNtQUgC8cgbWcqoMYkOR,False,0.625,0.536,0,-5.428,0.0776,0.038,2.31e-05,0.167,0.253,159.914,3.69645
5VuxWXbt7XENQCtE9TzpTv,Spoil My Night (feat. Swae Lee),beerbongs & bentleys,6trNtQUgC8cgbWcqoMYkOR,False,0.672,0.717,1,-2.714,0.034,0.341,2.4e-05,0.106,0.225,160.981,3.2426666666666666
2VdT56BGpdqNHUgOe1j5vc,Rich & Sad,beerbongs & bentleys,6trNtQUgC8cgbWcqoMYkOR,False,0.599,0.571,2,-4.998,0.0665,0.198,0.0,0.0969,0.285,151.974,3.4408833333333333
5lZZmityu9TAjNvSY6GLhR,Zack And Codeine,beerbongs & bentleys,6trNtQUgC8cgbWcqoMYkOR,False,0.738,0.824,5,-5.165,0.0437,0.15,0.0,0.132,0.386,138.039,3.406
5ffntNJnJOeFv7b7DCd0Bw,Takin' Shots,beerbongs & bentleys,6trNtQUgC8cgbWcqoMYkOR,False,0.762,0.621,0,-6.24,0.0866,0.61,0.0,0.464,0.593,120.056,3.6124500000000004
7sWRlDoTDX8geTR8zzr2vt,Hollywood's Bleeding,Hollywood's Bleeding,4g1ZRSobMefqF6nelkgibi,False,0.405,0.646,4,-3.206,0.0476,0.331,0.0,0.103,0.17,130.218,2.60445
05mDaV9Vb3wrzjF6OPZnhq,Saint-Tropez,Hollywood's Bleeding,4g1ZRSobMefqF6nelkgibi,False,0.617,0.684,0,-3.618,0.0439,0.0545,0.0,0.104,0.295,132.113,2.5144499999999996
0Xek5rqai2jcOWCYWJfVCF,Enemies (feat. DaBaby),Hollywood's Bleeding,4g1ZRSobMefqF6nelkgibi,False,0.542,0.674,6,-4.169,0.21,0.0588,0.0,0.0955,0.667,76.388,3.279333333333333
1YscJ7yVTlFxW3eF6pv5ba,Allergic,Hollywood's Bleeding,4g1ZRSobMefqF6nelkgibi,False,0.665,0.741,0,-3.694,0.0787,0.154,3.02e-05,0.345,0.57,144.968,2.6148833333333332
2J0NXdHr6MYvKDSxB7k3V2,A Thousand Bad Times,Hollywood's Bleeding,4g1ZRSobMefqF6nelkgibi,False,0.632,0.732,6,-3.498,0.092,0.105,1.15e-05,0.111,0.317,159.0,3.6862166666666667
7sBwAWyXfiIgrYQ8BaJESH,Keep The Family Close,Views,40GMAhriYJRO1rsY4YdrZb,False,0.378,0.566,9,-7.685,0.0482,0.149,0.0,0.382,0.196,87.691,5.4817833333333335
1C7KSXR2GVxknex6I4ANco,9,Views,40GMAhriYJRO1rsY4YdrZb,False,0.68,0.712,10,-7.184,0.0453,0.000803,0.000612,0.237,0.0379,100.009,4.263116666666667
03L2AoiRbWhvt7BDMx1jUB,U With Me?,Views,40GMAhriYJRO1rsY4YdrZb,False,0.429,0.43,2,-11.373,0.165,0.338,1.18e-05,0.138,0.125,174.983,4.956216666666666
3cjF2OFRmip8spwZYQRKxP,Feel No Ways,Views,40GMAhriYJRO1rsY4YdrZb,False,0.582,0.677,7,-7.081,0.172,0.0312,6.6e-06,0.122,0.205,193.818,4.010883333333333
5NFYuqu8V6QXc6mzcLImd6,Hype,Views,40GMAhriYJRO1rsY4YdrZb,False,0.787,0.635,4,-8.271,0.155,0.0253,0.0,0.357,0.237,130.018,3.490216666666667
31VOknKjFrEX47bZXzqcoF,Next To Me,Evolve,33pt9HBdGlAbRGBHQgsZsU,False,0.301,0.672,2,-4.497,0.0623,0.28,3.1e-05,0.0609,0.384,169.497,3.83815
28heol5hhOGj6KYbJrRteJ,I Don’t Know Why,Evolve,33pt9HBdGlAbRGBHQgsZsU,False,0.639,0.641,2,-7.423,0.0609,0.0066,9.91e-06,0.185,0.0725,120.927,3.1686666666666667
6Qn5zhYkTa37e91HC1D7lb,Whatever It Takes,Evolve,33pt9HBdGlAbRGBHQgsZsU,False,0.672,0.655,10,-5.021,0.0311,0.0362,0.0,0.117,0.556,134.945,3.354
1y3bE5i57eUm3hfLAc7h08,Walking The Wire,Evolve,33pt9HBdGlAbRGBHQgsZsU,False,0.54,0.761,4,-5.339,0.0372,0.0163,0.0,0.0941,0.147,100.008,3.8817833333333334
0NPRq1Ti6JYKOqSyiVYWZT,Back from the Edge,Back from the Edge,7oiJYvEJHsmYtrgviAVIBD,False,0.486,0.726,7,-4.441,0.0539,0.091,0.0,0.122,0.474,73.102,3.90245
1wthp2KAndNsDPZxEGVNKK,Prisoner,Back from the Edge,7oiJYvEJHsmYtrgviAVIBD,False,0.601,0.85,10,-5.122,0.117,0.0288,0.0,0.183,0.759,135.947,3.969333333333333
0VhgEqMTNZwYL1ARDLLNCX,Can I Be Him,Back from the Edge,7oiJYvEJHsmYtrgviAVIBD,False,0.696,0.543,11,-6.164,0.0489,0.308,0.0,0.0939,0.479,107.969,4.1146666666666665
31YexNcOMVSFTEDGmQusSI,I Am,Back from the Edge,7oiJYvEJHsmYtrgviAVIBD,False,0.476,0.592,6,-5.181,0.0644,0.394,0.0,0.15,0.325,81.976,3.1846666666666668
0rQtoQXQfwpDW0c7Fw1NeM,!!!!!!!,"WHEN WE ALL FALL ASLEEP, WHERE DO WE GO?",0S0KGZnfBGSIssfF54WSJh,False,0.0,0.278,1,-21.63,0.0,0.768,0.0,0.669,0.0,0.0,0.2263
4QIo4oxwzzafcBWkKjDpXY,xanny,"WHEN WE ALL FALL ASLEEP, WHERE DO WE GO?",0S0KGZnfBGSIssfF54WSJh,False,0.521,0.125,9,-17.832,0.239,0.751,0.00207,0.265,0.0528,111.554,4.062083333333333
3XF5xLJHOQQRbWya6hBp7d,you should see me in a crown,"WHEN WE ALL FALL ASLEEP, WHERE DO WE GO?",0S0KGZnfBGSIssfF54WSJh,False,0.678,0.533,4,-10.485,0.186,0.462,0.219,0.139,0.323,150.455,3.0158833333333335
6IRdLKIyS4p7XNiP8r6rsx,all the good girls go to hell,"WHEN WE ALL FALL ASLEEP, WHERE DO WE GO?",0S0KGZnfBGSIssfF54WSJh,False,0.726,0.444,8,-8.922,0.372,0.283,0.143,0.177,0.569,185.044,2.814
5TvFfDlVoUWZvfqrhTJzD7,One,x (Deluxe Edition),1xn54DMo2qIqBuMqHtUsFd,False,0.464,0.321,2,-11.12,0.0418,0.877,0.0,0.0789,0.306,93.528,4.212666666666667
0xCA70t1ZA4fa9UOE0lIJm,I'm a Mess,x (Deluxe Edition),1xn54DMo2qIqBuMqHtUsFd,False,0.697,0.377,3,-7.755,0.0397,0.556,0.0,0.0999,0.336,138.754,4.076216666666666
6K8qKeWo5MsFED7wCR6Kop,Sing,x (Deluxe Edition),1xn54DMo2qIqBuMqHtUsFd,False,0.818,0.67,8,-4.451,0.0472,0.304,1.22e-06,0.0601,0.939,119.988,3.9230333333333336
1huvTbEYtgltjQRXzrNKGi,Don't,x (Deluxe Edition),1xn54DMo2qIqBuMqHtUsFd,False,0.806,0.608,1,-7.008,0.0659,0.0113,0.0,0.635,0.849,95.049,3.664
3GKSfF6c3Rv3a1knSjxnXa,Nina,x (Deluxe Edition),1xn54DMo2qIqBuMqHtUsFd,False,0.791,0.669,6,-7.189,0.146,0.175,0.0,0.33,0.809,92.013,3.758883333333334
7LoWAhcGbxSkT6trTqXQR6,Intro,Goodbye & Good Riddance,6tkjU4Umpo79wwkgPMV3nZ,False,0.558,0.384,6,-13.644,0.143,0.93,6.79e-05,0.604,0.829,75.956,1.2477666666666667
4VXIryQMWpIdGgYR4TrjT1,All Girls Are The Same,Goodbye & Good Riddance,6tkjU4Umpo79wwkgPMV3nZ,False,0.671,0.529,0,-7.226,0.307,0.0769,0.000335,0.0856,0.203,161.989,2.7636666666666665
1a7WZZZH7LzyvorhpOJFTe,Wasted (feat. Lil Uzi Vert),Goodbye & Good Riddance,6tkjU4Umpo79wwkgPMV3nZ,False,0.742,0.579,0,-5.024,0.202,0.0381,0.0,0.0952,0.502,144.994,4.307916666666667
5wujBwqG7INdStqGd4tRMX,Armed And Dangerous,Goodbye & Good Riddance,6tkjU4Umpo79wwkgPMV3nZ,False,0.736,0.67,10,-6.702,0.311,0.186,0.0,0.114,0.845,130.032,2.8333166666666667
6zrJLhslleCHby0wbUnvVy,Future Nostalgia,Future Nostalgia,7fJJK56U9fHixgO0HQkhtI,False,0.875,0.813,7,-4.502,0.0579,0.00618,0.0,0.321,0.859,114.993,3.081366666666667
2nMOodYNHBAQ3Kc1QNimZU,Cool,Future Nostalgia,7fJJK56U9fHixgO0HQkhtI,False,0.469,0.785,5,-4.015,0.0664,0.133,1.55e-06,0.0931,0.79,89.719,3.4930499999999998
3AzjcOeAmA57TIOr9zF1ZW,Physical,Future Nostalgia,7fJJK56U9fHixgO0HQkhtI,False,0.647,0.844,0,-3.756,0.0457,0.0137,0.000658,0.102,0.746,146.967,3.2304833333333334
39LLxExYz6ewLAcYrzQQyP,Levitating,Future Nostalgia,7fJJK56U9fHixgO0HQkhtI,False,0.695,0.884,6,-2.278,0.0753,0.0561,0.0,0.213,0.914,103.014,3.3968
2yg9UN4eo5eMVJ7OB4RWj3,Survival,Scorpion,1ATL5GLyefJaxhQzSPVrLX,False,0.555,0.596,9,-9.09,0.375,0.133,0.0,0.123,0.145,77.324,2.2697833333333337
0TlLq3lA83rQOYtrqBqSct,Nonstop,Scorpion,1ATL5GLyefJaxhQzSPVrLX,False,0.912,0.412,7,-8.074,0.123,0.0165,0.0126,0.104,0.423,154.983,3.9769
3szf2z1Cy1QMrtHrbn8rz9,Elevate,Scorpion,1ATL5GLyefJaxhQzSPVrLX,False,0.758,0.474,1,-8.72,0.147,0.0152,0.0,0.116,0.0542,76.061,3.082666666666667
5Psnhdkyanjpgc2P8A5TSM,Emotionless,Scorpion,1ATL5GLyefJaxhQzSPVrLX,False,0.414,0.677,1,-5.12,0.254,0.0248,0.0,0.0793,0.0853,172.521,5.036216666666666
4F7A0DXBrmUAkp32uenhZt,Party Monster,Starboy,2ODvWsOgouMbaA5xf0RkJe,False,0.573,0.63,1,-8.389,0.105,0.189,2.31e-05,0.259,0.218,77.525,4.15355
4oeaIftdpT3JuZLcCkKmVE,False Alarm,Starboy,2ODvWsOgouMbaA5xf0RkJe,False,0.517,0.677,8,-6.373,0.0746,0.0324,3.37e-05,0.189,0.192,173.978,3.6717833333333334
37F0uwRSrdzkBiuj0D5UHI,Reminder,Starboy,2ODvWsOgouMbaA5xf0RkJe,False,0.706,0.505,8,-6.923,0.193,0.142,0.0,0.164,0.388,160.053,3.648
36YCdzT57us0LhDmCYtrNE,Rockin’,Starboy,2ODvWsOgouMbaA5xf0RkJe,False,0.738,0.885,9,-5.547,0.206,0.0133,0.0,0.0821,0.752,112.878,3.881333333333333
45S5WTQEGOB1VHr1Q4FuPl,Golden,Fine Line,7xV2TzoaVc0ycW7fwBwAml,False,0.448,0.838,4,-5.257,0.0557,0.21,0.000131,0.131,0.254,139.863,3.4817833333333335
3jjujdWJ72nww5eGnfs2E7,Adore You,Fine Line,7xV2TzoaVc0ycW7fwBwAml,False,0.676,0.771,8,-3.675,0.0483,0.0237,7e-06,0.102,0.569,99.048,3.4522166666666667
4jAIqgrPjKLTY9Gbez25Qb,Lights Up,Fine Line,7xV2TzoaVc0ycW7fwBwAml,False,0.575,0.621,10,-8.165,0.032,0.0392,0.0045,0.141,0.27,101.987,2.8702166666666664
2IOFZdYYkFxEHVz1w34PoL,Cherry,Fine Line,7xV2TzoaVc0ycW7fwBwAml,False,0.53,0.512,7,-9.261,0.0259,0.615,0.00453,0.129,0.411,95.946,4.3197833333333335
4J0kN8QS2esY6cWBsFjtW9,Death On Two Legs (Dedicated To...) - Remastered 2011,A Night At The Opera (2011 Remaster),1GbtB4zTqAsyfZEsm1RZfx,False,0.395,0.698,2,-6.244,0.0573,0.334,6.44e-05,0.155,0.455,124.66,3.71955
12TZzfqJyY3UvtZ3lq1WmY,Lazing On A Sunday Afternoon - Remastered 2011,A Night At The Opera (2011 Remaster),1GbtB4zTqAsyfZEsm1RZfx,False,0.643,0.579,3,-9.165,0.0555,0.445,0.00107,0.109,0.712,131.901,1.1233333333333335
1EID0aupOLdv4ZDQu2Jbrz,I'm In Love With My Car - Remastered 2011,A Night At The Opera (2011 Remaster),1GbtB4zTqAsyfZEsm1RZfx,False,0.299,0.818,4,-8.542,0.0683,0.0129,8.74e-06,0.202,0.34,143.583,3.08155
4OKf7CcYuw5H2HptkcKxcP,You're My Best Friend - Remastered 2011,A Night At The Opera (2011 Remaster),1GbtB4zTqAsyfZEsm1RZfx,False,0.518,0.761,0,-7.025,0.0452,0.158,0.00765,0.0715,0.576,118.738,2.8466666666666667
0kIpcu3DQacQObHVyra9Jx,'39 - Remastered 2011,A Night At The Opera (2011 Remaster),1GbtB4zTqAsyfZEsm1RZfx,False,0.519,0.584,8,-9.67,0.027,0.0275,0.0,0.111,0.336,101.632,3.5133333333333336
0wfbD5rAksdXUzRvMfM3x5,The One,Memories...Do Not Open,4JPguzRps3kuWDD5GS6oXr,False,0.76,0.303,2,-11.362,0.0284,0.238,8.09e-06,0.294,0.15,99.991,2.95955
6cPyTS0Kk2sc4xQwC93kOg,Break Up Every Night,Memories...Do Not Open,4JPguzRps3kuWDD5GS6oXr,False,0.624,0.806,1,-5.957,0.0437,0.00411,0.0,0.0872,0.528,149.999,3.458666666666667
26AuyrZGzWWiYZPSd3XBIg,Bloodstream,Memories...Do Not Open,4JPguzRps3kuWDD5GS6oXr,False,0.62,0.627,9,-5.889,0.0259,0.0317,0.0,0.172,0.164,90.955,3.738
1pJQAHpD51J7GYaFrrFO9S,Don't Say,Memories...Do Not Open,4JPguzRps3kuWDD5GS6oXr,False,0.567,0.464,5,-9.66,0.0302,0.0199,9.31e-06,0.269,0.309,99.806,3.8080000000000003
4HUqrGAZ5f0gHRor7z9BFc,Black Eyes,A Star Is Born Soundtrack,4sLtOBOzn4s3GDUv3c5oJD,False,0.373,0.937,11,-2.133,0.0834,0.000811,6.37e-05,0.815,0.46,150.242,3.062883333333333
4fIdH1l3SS0qdYRJiHwUnO,Somewhere Over The Rainbow - Dialogue,A Star Is Born Soundtrack,4sLtOBOzn4s3GDUv3c5oJD,False,0.283,0.22,5,-22.951,0.443,0.953,2.35e-06,0.79,0.334,150.884,0.7006666666666667
4ta4r7V0QkZ15H4uyFCKGs,Fabulous French - Dialogue,A Star Is Born Soundtrack,4sLtOBOzn4s3GDUv3c5oJD,False,0.514,0.7,7,-11.251,0.724,0.807,0.0,0.796,0.863,101.59,0.32488333333333336
3WKnfkgwrARwElktHSU5Ik,La Vie En Rose,A Star Is Born Soundtrack,4sLtOBOzn4s3GDUv3c5oJD,False,0.276,0.405,8,-7.296,0.0329,0.758,0.0,0.706,0.335,76.18,2.996
2aOPvzjpMwikBgngKcxsA9,Introduction (instructions),?,2Ti79nwTsont5ZHfdxIzAm,False,0.678,0.481,10,-20.18,0.92,0.868,0.0,0.431,0.0684,88.828,1.95805
2oe6dDthgthqUkfL3czpEd,"ALONE, PART 3",?,2Ti79nwTsont5ZHfdxIzAm,False,0.61,0.258,0,-12.758,0.0331,0.883,0.0145,0.103,0.164,127.08,1.8331000000000002
4UKCKdYiLN6IMA5ZESUTL7,the remedy for a broken heart (why am I so in love),?,2Ti79nwTsont5ZHfdxIzAm,False,0.699,0.304,1,-11.192,0.0993,0.779,0.000993,0.137,0.271,119.705,2.6697333333333333
2SnNaoNhMjC1WRMTWD8qTX,Mark My Words,Purpose (Deluxe),6Fr2rQkZ383FcMqFyT7yPr,False,0.383,0.256,0,-8.572,0.0332,0.88,2.69e-06,0.169,0.519,114.188,2.239116666666667
0SNIAtRCPVVLoGEPcuHSIc,I'll Show You,Purpose (Deluxe),6Fr2rQkZ383FcMqFyT7yPr,False,0.361,0.608,9,-6.757,0.098,0.05,7.96e-05,0.183,0.0789,191.812,3.33245
4B0JvthVoAAuygILe3n4Bs,What Do You Mean?,Purpose (Deluxe),6Fr2rQkZ383FcMqFyT7yPr,False,0.845,0.567,5,-8.118,0.0956,0.59,0.00142,0.0811,0.793,125.02,3.428
1DM0p3WrhjLh6sddmLK0c9,Love In The Future (Intro),Love In The Future (Expanded Edition),4OTAx9un4e6NfoHuVRiOrC,False,0.302,0.373,4,-7.998,0.0336,0.943,0.384,0.349,0.359,76.674,0.6737833333333333
6KLgKZwCJp8GWo35KEOF3S,The Beginning...,Love In The Future (Expanded Edition),4OTAx9un4e6NfoHuVRiOrC,False,0.516,0.834,11,-5.453,0.242,0.492,0.00221,0.273,0.566,171.829,3.41755
03YrTPLMgGXQOlKTTBwgiO,Open Your Eyes,Love In The Future (Expanded Edition),4OTAx9un4e6NfoHuVRiOrC,False,0.663,0.699,4,-5.505,0.0287,0.576,6.06e-06,0.237,0.611,97.046,3.1133333333333337
1G2Ya2ubnlS7xFfs1CfY3j,Made to Love,Love In The Future (Expanded Edition),4OTAx9un4e6NfoHuVRiOrC,False,0.607,0.639,3,-6.099,0.0285,0.0348,0.00785,0.0927,0.359,107.006,4.0057833333333335
2scd9lw4ljzDwMfG3WW4gD,Who Do We Think We Are (feat. Rick Ross),Love In The Future (Expanded Edition),4OTAx9un4e6NfoHuVRiOrC,False,0.477,0.846,8,-5.108,0.0965,0.0283,3.84e-06,0.379,0.581,161.3,4.8773333333333335
6JmSfynzr6E0QllQZNEXEb,Angel of Small Death and the Codeine Scene,Hozier,0Uv83rRhY5QvHKkQoULRKk,False,0.364,0.64,4,-5.757,0.0506,0.201,7.25e-05,0.12,0.386,93.507,3.65355
4JpazKcfOhbwqZrsYhzHee,Jackie and Wilson,Hozier,0Uv83rRhY5QvHKkQoULRKk,False,0.555,0.727,6,-4.202,0.0388,0.0579,7.52e-06,0.0937,0.739,82.142,3.7186666666666666
2DNXgvkyv35vTWvdgjs7qn,Someone New,Hozier,0Uv83rRhY5QvHKkQoULRKk,False,0.443,0.533,7,-5.956,0.0473,0.429,3.66e-06,0.332,0.596,183.791,3.71355
1XJQ7xI6jzcZybuHemxsPP,To Be Alone,Hozier,0Uv83rRhY5QvHKkQoULRKk,False,0.559,0.443,0,-6.52,0.0259,0.403,0.000183,0.141,0.264,67.05,5.394
39LmTF9RgyakzSYX8txrow,imagine,"thank u, next",2fYhqwDWXjbpjaIJPEfKFw,False,0.729,0.475,8,-4.985,0.0364,0.378,0.0,0.12,0.371,62.52,3.537783333333333
1TEL6MlSSVLSdhOSddidlJ,needy,"thank u, next",2fYhqwDWXjbpjaIJPEfKFw,False,0.647,0.309,7,-7.948,0.0366,0.78,7.41e-06,0.202,0.195,87.045,2.85955
4uTvPEr01pjTbZgl7jcKBD,NASA,"thank u, next",2fYhqwDWXjbpjaIJPEfKFw,False,0.747,0.458,6,-6.891,0.303,0.451,0.0,0.252,0.47,75.029,3.033333333333333
2hloaUoRonYssMuqLCBLTX,bloodline,"thank u, next",2fYhqwDWXjbpjaIJPEfKFw,False,0.758,0.665,2,-5.188,0.0774,0.0815,0.000157,0.216,0.643,151.976,3.6148833333333332
3wFLWP0FcIqHK1wb1CPthQ,fake smile,"thank u, next",2fYhqwDWXjbpjaIJPEfKFw,False,0.45,0.619,9,-7.412,0.372,0.329,0.0,0.319,0.427,83.3,3.481333333333333
6mAuw7R6u4vlNneuBgnC8K,How,I Love You.,4xkM0BwLM9H2IUcbYzpcBI,False,0.382,0.749,7,-5.683,0.0379,0.00206,0.687,0.0668,0.0572,151.883,5.247116666666667
7brQHA2CgQpcMBiOlfiXYb,Afraid,I Love You.,4xkM0BwLM9H2IUcbYzpcBI,False,0.464,0.701,6,-5.693,0.0411,0.00892,0.309,0.335,0.356,83.996,4.18645
0yyyapBjZ9Ek1vcpp3e9bj,Everybody's Watching Me (Uh Oh),I Love You.,4xkM0BwLM9H2IUcbYzpcBI,False,0.491,0.944,4,-2.879,0.0558,0.0904,0.565,0.0963,0.493,150.105,3.967116666666667
6cWpj6c5pNZYEk5KYjNBji,Let It Go,I Love You.,4xkM0BwLM9H2IUcbYzpcBI,False,0.49,0.79,5,-4.833,0.0699,0.0156,0.00118,0.219,0.285,149.903,3.287783333333333
33zbOXJSwW7uf4VXXWow2O,the ends,Birds In The Trap Sing McKnight,42WVQWuf1teDysXiOupIZt,False,0.585,0.737,4,-4.121,0.191,0.0661,0.0,0.0904,0.0497,171.853,3.3543833333333333
2Zy7XVdxyZQB8xp5xbpJdl,way back,Birds In The Trap Sing McKnight,42WVQWuf1teDysXiOupIZt,False,0.396,0.554,0,-5.048,0.0488,0.222,0.0,0.612,0.17,117.384,4.541683333333334
7pas6O1LYbaeChEFQBhPFU,coordinate,Birds In The Trap Sing McKnight,42WVQWuf1teDysXiOupIZt,False,0.688,0.658,1,-4.155,0.0695,0.105,1.89e-06,0.335,0.28,75.615,3.773283333333333
1Ci4wASMY4xtKVMeHA6Sd5,through the late night,Birds In The Trap Sing McKnight,42WVQWuf1teDysXiOupIZt,False,0.744,0.589,5,-1.218,0.0359,0.36,0.0,0.119,0.242,127.051,4.7706
0ESJlaM8CE1jRWaNtwSNj8,beibs in the trap,Birds In The Trap Sing McKnight,42WVQWuf1teDysXiOupIZt,False,0.743,0.571,7,-6.054,0.145,0.24,0.0,0.291,0.495,119.054,3.5643833333333332
0VJYhKhrHgJ7fgjGaC2k07,The Explanation,17,5VdyJkLe3yvOs0l4xXbWp0,False,0.597,0.113,0,-34.475,0.954,0.461,0.000393,0.148,0.313,81.311,0.8458
2H3wWrnO758y0fPH7Ilerg,Depression & Obsession,17,5VdyJkLe3yvOs0l4xXbWp0,False,0.769,0.156,11,-10.7,0.035,0.585,0.015,0.102,0.527,105.95,2.4122166666666667
3GVkPk8mqxz0itaAriG1L7,Everybody Dies In Their Nightmares,17,5VdyJkLe3yvOs0l4xXbWp0,False,0.734,0.57,7,-7.066,0.133,0.847,2.14e-05,0.112,0.689,129.953,1.5911166666666667
5TXDeTFVRVY7Cvt0Dw4vWW,Revenge,17,5VdyJkLe3yvOs0l4xXbWp0,False,0.746,0.251,11,-16.169,0.259,0.782,0.00203,0.106,0.18,139.999,2.00045
4eWQlBRaTjPPUlzacqEeoQ,Never Be the Same,Camila,2vD3zSQr8hNlg0obNel4TE,False,0.637,0.713,0,-4.333,0.0747,0.181,0.000637,0.137,0.243,129.923,3.7828833333333334
4XLu3tTSZiPFVC9mmuR6Zp,All These Years,Camila,2vD3zSQr8hNlg0obNel4TE,False,0.732,0.436,1,-7.409,0.117,0.609,0.0,0.108,0.475,94.852,2.73955
5HwnezK198pJCEj1l2Adjy,She Loves Control,Camila,2vD3zSQr8hNlg0obNel4TE,False,0.65,0.758,2,-4.02,0.116,0.166,0.0,0.0889,0.663,94.9,2.9526666666666666
5xi2SXmF3A5AIsuGXiUIZu,Inside Out,Camila,2vD3zSQr8hNlg0obNel4TE,False,0.737,0.697,8,-5.31,0.0895,0.43,0.000382,0.0821,0.655,94.101,3.042666666666667
65kp3OFn7JXbCvkm3m2Ui2,Two®,Luv Is Rage 2,733e1ZfktLSwj96X5rsMeE,False,0.266,0.642,7,-5.133,0.0694,0.424,0.0,0.0943,0.0371,75.022,3.0879333333333334
1QgTBfRN5m81a5K01qens6,444+222,Luv Is Rage 2,733e1ZfktLSwj96X5rsMeE,False,0.791,0.513,10,-6.568,0.269,0.0235,2.83e-05,0.101,0.481,76.997,4.12245
1uL78kFWxhz3umTMWJu8n5,Sauce It Up,Luv Is Rage 2,733e1ZfktLSwj96X5rsMeE,False,0.813,0.528,6,-6.305,0.313,0.0715,0.0,0.125,0.131,79.532,3.4506500000000004
0QV16pno66L6K3fn4W13b7,No Sleep Leak,Luv Is Rage 2,733e1ZfktLSwj96X5rsMeE,False,0.788,0.689,8,-7.211,0.13,0.0112,0.0,0.22,0.681,136.045,3.153833333333333
2eAZfqOm4EnOF9VvN50Tyc,The Way Life Goes (feat. Oh Wonder),Luv Is Rage 2,733e1ZfktLSwj96X5rsMeE,False,0.703,0.757,1,-3.612,0.05,0.617,0.0,0.106,0.696,82.008,3.6957833333333334
7i9763l5SSfOnqZ35VOcfy,Heavydirtysoul,Blurryface,3cQO7jp5S9qLBoIVtbkSM1,False,0.613,0.873,7,-6.376,0.0449,0.00397,0.00111,0.367,0.392,129.989,3.9135500000000003
2Z8WuEywRWYTKe1NybPQEW,Ride,Blurryface,3cQO7jp5S9qLBoIVtbkSM1,False,0.645,0.713,6,-5.355,0.0393,0.00835,0.0,0.113,0.566,74.989,3.5751166666666667
1s9xuJxhYM0LdVqksjegcg,Fairly Local,Blurryface,3cQO7jp5S9qLBoIVtbkSM1,False,0.715,0.723,6,-5.993,0.0569,0.0396,8.57e-05,0.084,0.479,114.985,3.4526666666666666
3bnVBN67NBEzedqQuWrpP4,Tear in My Heart,Blurryface,3cQO7jp5S9qLBoIVtbkSM1,False,0.655,0.632,2,-4.802,0.0489,0.0189,0.0,0.0722,0.447,120.113,3.14155
4P76CEIXrrWT2cgS1YrTMr,Genesis,Dua Lipa (Deluxe),01sfgrNbnnPUEyz6GZYlt9,False,0.715,0.572,7,-6.853,0.0745,0.0244,0.0,0.26,0.429,113.02,3.4286666666666665
2OWKDTonST8HNko3dBlPPp,Lost In Your Light (feat. Miguel),Dua Lipa (Deluxe),01sfgrNbnnPUEyz6GZYlt9,False,0.646,0.772,2,-3.826,0.0564,0.000402,0.0,0.102,0.414,117.097,3.39615
5eTNdkstwKaNahHf41fJ9u,Hotter Than Hell,Dua Lipa (Deluxe),01sfgrNbnnPUEyz6GZYlt9,False,0.532,0.868,3,-4.23,0.0908,0.011,0.0,0.0584,0.529,110.127,3.132633333333333
7FCfMXYTIiQ9b4hDYs4Iol,Be the One,Dua Lipa (Deluxe),01sfgrNbnnPUEyz6GZYlt9,False,0.661,0.651,7,-3.771,0.0499,0.117,1.32e-05,0.056,0.368,87.46,3.3819166666666667
76cy1WJvNGJTj78UqeA5zr,IDGAF,Dua Lipa (Deluxe),01sfgrNbnnPUEyz6GZYlt9,False,0.836,0.544,7,-5.975,0.0943,0.0403,0.0,0.0824,0.51,97.028,3.63245
1n4jwRVXdkK2U34nBDUKKT,BLOOD.,DAMN.,4eLPsYPBmXABThSJ821sqY,False,0.357,0.238,8,-16.78,0.265,0.142,0.0859,0.55,0.494,156.907,1.9677833333333334
6HZILIRieu8S0iqY8kIKhj,DNA.,DAMN.,4eLPsYPBmXABThSJ821sqY,False,0.638,0.523,1,-6.664,0.357,0.00454,0.0,0.0842,0.422,139.913,3.0991166666666667
4BHSjbYylfOH5WAGusDyni,YAH.,DAMN.,4eLPsYPBmXABThSJ821sqY,False,0.67,0.7,1,-7.893,0.196,0.576,5.34e-06,0.226,0.648,69.986,2.6715500000000003
1EaKU4dMbesXXd3BrLCtYG,ELEMENT.,DAMN.,4eLPsYPBmXABThSJ821sqY,False,0.748,0.705,4,-4.547,0.485,0.204,0.0,0.246,0.483,189.891,3.4788833333333335
2LTlO3NuNVN70lp2ZbVswF,FEEL.,DAMN.,4eLPsYPBmXABThSJ821sqY,False,0.746,0.798,0,-8.382,0.349,0.137,0.0,0.139,0.553,109.968,3.58045
7wBJfHzpfI3032CSD7CE2m,STARGAZING,ASTROWORLD,41GuZcammIkupMPKH2OJ6I,False,0.487,0.789,8,-3.69,0.044,0.00947,4.05e-06,0.189,0.0564,150.007,4.511916666666667
7KZ5MMVgBVox9ycroB2UrI,CAROUSEL,ASTROWORLD,41GuZcammIkupMPKH2OJ6I,False,0.428,0.403,5,-5.914,0.209,0.229,0.0,0.22,0.133,95.387,3.00305
4SZepBIPDRwPaHIjAKwRDb,R.I.P. SCREW,ASTROWORLD,41GuZcammIkupMPKH2OJ6I,False,0.607,0.609,0,-5.978,0.291,0.389,1.6e-05,0.111,0.556,74.946,3.0935
1xYpVRspgaLxdJLOTQkTjg,STOP TRYING TO BE GOD,ASTROWORLD,41GuZcammIkupMPKH2OJ6I,False,0.588,0.567,4,-3.738,0.0628,0.221,0.0,0.135,0.113,150.009,5.640633333333333
5xS9R5yNeVsB9shSR60eX3,If I Lose Myself,Native,20lOt6G8MHv8ZO7ViOmiP7,False,0.491,0.688,2,-6.05,0.0453,0.0849,0.0,0.111,0.279,140.072,4.02755
1nE1VjP943pIuFdNWcLgYM,Feel Again,Native,20lOt6G8MHv8ZO7ViOmiP7,False,0.471,0.822,7,-8.017,0.0538,0.0201,0.0,0.105,0.363,140.007,3.0846666666666667
0ILXYaWxMQVEXnKq2eTmjW,What You Wanted,Native,20lOt6G8MHv8ZO7ViOmiP7,False,0.553,0.843,0,-7.424,0.0404,0.00255,0.184,0.108,0.219,119.988,4.01845
3IQF4xCQUPicbA4hWfTxPo,I Lived,Native,20lOt6G8MHv8ZO7ViOmiP7,False,0.593,0.851,9,-5.456,0.0446,0.0683,0.0,0.271,0.344,119.987,3.909116666666667
4Ry1k3dG0gXTnJ7MRBgZ4n,Things That Stop You Dreaming,All The Little Lights,2mylGx7w2Q3yhUyN8iEWOF,False,0.453,0.517,4,-8.528,0.0416,0.389,3.1e-06,0.107,0.191,89.202,3.589116666666667
0VcdgrMOVRozDwCsBw86Cb,Staring At The Stars,All The Little Lights,2mylGx7w2Q3yhUyN8iEWOF,False,0.432,0.552,5,-7.558,0.0323,0.371,1.54e-05,0.368,0.464,133.665,3.4071166666666666
1WLvHbIiY91oEzXxUBWPnW,All The Little Lights,All The Little Lights,2mylGx7w2Q3yhUyN8iEWOF,False,0.34,0.428,2,-11.494,0.0402,0.88,1.23e-05,0.106,0.228,86.926,3.9306666666666668
2ir7ESj8NjGTyoM4d3UEc1,The Wrong Direction,All The Little Lights,2mylGx7w2Q3yhUyN8iEWOF,False,0.678,0.661,5,-6.357,0.0435,0.361,1.05e-06,0.102,0.792,127.982,3.6873333333333336
52RK8UVEDgUAgpecOpTQM3,You Make Me,TRUE,1s9tU91VJt4sU5owi29GD3,False,0.586,0.727,6,-4.799,0.039,0.00247,0.0107,0.152,0.496,124.99,3.8891166666666668
4lhqb6JvbHId48OUJGwymk,Hey Brother,TRUE,1s9tU91VJt4sU5owi29GD3,False,0.545,0.78,7,-4.867,0.0436,0.0309,4.64e-05,0.0828,0.458,125.014,4.25155
4eDYMhIin1pSLIG96f1aD0,Addicted To You,TRUE,1s9tU91VJt4sU5owi29GD3,False,0.569,0.785,1,-4.057,0.0457,0.0505,1.12e-06,0.086,0.303,128.031,2.473116666666667
4yTeQK2XThWYeEW8D72XmU,Dear Boy,TRUE,1s9tU91VJt4sU5owi29GD3,False,0.686,0.581,9,-5.911,0.112,0.000276,0.1,0.3,0.253,124.995,7.988883333333334
7JXxssBpAnroZOMR4vpOuc,Winds of Change,Dream Your Life Away,6rIbiUMmZJfqJRnXhVxFvg,False,0.597,0.581,7,-6.611,0.0281,0.614,0.000171,0.116,0.495,106.944,2.2637833333333335
29jtZGdgpE2lWm2mkIt6HS,Mess Is Mine,Dream Your Life Away,6rIbiUMmZJfqJRnXhVxFvg,False,0.595,0.723,7,-8.256,0.0349,0.047,0.0286,0.0995,0.272,108.043,3.7273333333333336
4hjJBjxN6IT0sDyTGlo5tA,Wasted Time,Dream Your Life Away,6rIbiUMmZJfqJRnXhVxFvg,False,0.602,0.603,9,-6.981,0.0328,0.408,0.00188,0.157,0.454,112.021,5.016216666666667
55pbyBpxfZXq3vijkpu086,Who Am I,Dream Your Life Away,6rIbiUMmZJfqJRnXhVxFvg,False,0.622,0.694,9,-6.636,0.0596,0.561,0.000379,0.123,0.605,127.786,2.6599999999999997
03j354P848KtNU2FVSwkDG,Real Life,Beauty Behind The Madness,0P3oVJBFOv3TDXlYRhGL7s,False,0.581,0.652,11,-5.039,0.0496,0.439,0.0,0.351,0.358,90.634,3.7228833333333333
1bAvtmTl0F9loyz9AwPwp7,Losers,Beauty Behind The Madness,0P3oVJBFOv3TDXlYRhGL7s,False,0.666,0.485,0,-9.85,0.053,0.0355,0.000599,0.504,0.287,91.007,4.685783333333333
1mhVXWduD8ReDwusfaHNwU,Tell Your Friends,Beauty Behind The Madness,0P3oVJBFOv3TDXlYRhGL7s,False,0.583,0.454,1,-11.091,0.0425,0.265,0.0,0.181,0.309,74.64,5.572216666666667
4PhsKqMdgMEUSstTDAmMpg,Often,Beauty Behind The Madness,0P3oVJBFOv3TDXlYRhGL7s,False,0.572,0.631,7,-9.836,0.0476,0.222,0.0,0.135,0.0713,134.078,4.150666666666667
1DlW1PeiL0QsA13dTCSQG7,Be Together,Peace Is The Mission : Extended,2U0b5MfkMUgzdvRUI69mya,False,0.494,0.627,6,-6.141,0.0324,0.00142,0.0,0.619,0.197,79.961,3.8835166666666665
2brlJDvGkO57WiBe2te5eO,Too Original,Peace Is The Mission : Extended,2U0b5MfkMUgzdvRUI69mya,False,0.685,0.944,0,-3.038,0.166,0.0458,9.39e-06,0.822,0.532,128.014,3.4565833333333336
0t7HKmZDWnOIRDVT9hqyuQ,Blaze Up The Fire,Peace Is The Mission : Extended,2U0b5MfkMUgzdvRUI69mya,False,0.637,0.967,6,-3.616,0.0546,0.00607,5.89e-05,0.502,0.797,145.0,3.581933333333333
3Q6T5Xwf39j9HTQwUZERMT,Powerful (feat. Ellie Goulding & Tarrus Riley),Peace Is The Mission : Extended,2U0b5MfkMUgzdvRUI69mya,False,0.6,0.792,11,-4.044,0.0645,0.121,0.0,0.158,0.718,97.522,3.4387833333333333
21yo11TFsfpDtuYyCbqhZS,Intro (A86),Encore,02sEJTj1sye1JaqxqpcSCp,False,0.376,0.391,9,-7.907,0.0313,0.756,2.11e-06,0.147,0.124,98.911,1.3900000000000001
0g5EKLgdKvNlln7TNqBByK,Middle,Encore,02sEJTj1sye1JaqxqpcSCp,False,0.583,0.695,9,-5.336,0.0423,0.0141,0.0,0.0527,0.224,104.879,3.676216666666667
5GokpIAufFJxKqkJgRtdKD,Sahara,Encore,02sEJTj1sye1JaqxqpcSCp,False,0.582,0.929,9,-1.345,0.034,0.00067,0.36,0.0795,0.0839,102.985,4.305783333333333
6NsxPxFzZ18TKBcTgxX3dh,Sober,Encore,02sEJTj1sye1JaqxqpcSCp,False,0.577,0.934,0,-3.519,0.178,0.0555,0.0,0.103,0.393,125.923,3.4444500000000002
6GTxdh4FiA8XyCLFK1vvgG,Pigalle,Encore,02sEJTj1sye1JaqxqpcSCp,False,0.603,0.867,11,-4.942,0.0524,0.000277,0.00132,0.1,0.124,135.029,4.385116666666667
0dlxqODS4xOn7pwjKXZZuc,Ten Thousand Hours,The Heist,76FXHQhTuT4QMIxfL09gX8,False,0.357,0.748,3,-7.491,0.223,0.144,0.0,0.0686,0.544,82.57,4.1647
37rKwjBHaZurlyPYy3Nqvz,Thrift Shop (feat. Wanz),The Heist,76FXHQhTuT4QMIxfL09gX8,False,0.747,0.525,6,-7.164,0.313,0.0531,0.0,0.039,0.699,94.949,3.93305
7kugTkQLsvtjM7esCEI8Ee,Thin Line (feat. Buffalo Madonna),The Heist,76FXHQhTuT4QMIxfL09gX8,False,0.727,0.821,1,-6.519,0.244,0.635,6.75e-06,0.122,0.11,104.873,4.2602166666666665
01uqI4H13Gsd8Lyl1EYd8H,Same Love (feat. Mary Lambert),The Heist,76FXHQhTuT4QMIxfL09gX8,False,0.688,0.473,8,-9.059,0.167,0.716,4.46e-05,0.104,0.299,84.958,5.308750000000001
6SRsiMl7w1USE4mFqrOhHC,brutal,SOUR,6s84u2TUpR3wdUv4NgKA2j,False,0.672,0.526,4,-6.446,0.0599,0.0311,1.37e-06,0.28,0.28,123.999,2.3957833333333336
5CZ40GBx1sQ9agT82CLQCT,traitor,SOUR,6s84u2TUpR3wdUv4NgKA2j,False,0.38,0.339,3,-7.885,0.0338,0.691,0.0,0.12,0.0849,100.607,3.82045
4wcBRRpIfesgcyUtis7PEg,"1 step forward, 3 steps back",SOUR,6s84u2TUpR3wdUv4NgKA2j,False,0.561,0.203,2,-12.627,0.102,0.941,0.0,0.126,0.419,168.884,2.7264500000000003
6HU7h9RYOaPRFeh0R3UeAr,deja vu,SOUR,6s84u2TUpR3wdUv4NgKA2j,False,0.561,0.612,2,-7.222,0.112,0.584,5.7e-06,0.37,0.178,180.917,3.5917833333333333
5BoOzegGrg5XFRR8UBDtkF,Broken Whiskey Glass,Stoney (Deluxe),5s0rmjP8XOPhP6HhqOhuyC,False,0.561,0.673,0,-7.359,0.0523,0.289,3.04e-06,0.126,0.11,99.84,3.8968833333333337
02opp1cycqiFNDpLd2o1J3,Big Lie,Stoney (Deluxe),5s0rmjP8XOPhP6HhqOhuyC,False,0.561,0.684,6,-4.888,0.168,0.191,0.0,0.0725,0.218,170.861,3.4613333333333336
0H8XeaJunhvpBdBFIYi6Sh,Deja Vu,Stoney (Deluxe),5s0rmjP8XOPhP6HhqOhuyC,False,0.561,0.69,7,-6.508,0.0493,0.0931,0.0,0.131,0.331,133.935,3.90355
6M0IsaUX4GNyto4niSegfI,No Option,Stoney (Deluxe),5s0rmjP8XOPhP6HhqOhuyC,False,0.561,0.734,2,-4.949,0.057,0.0757,0.0,0.241,0.494,83.986,2.9971166666666664
1QWmKmqhv5zcsS3v45FNl0,Cold,Stoney (Deluxe),5s0rmjP8XOPhP6HhqOhuyC,False,0.561,0.572,4,-7.312,0.0415,0.647,4.72e-06,0.104,0.259,132.98,4.482216666666667
0lG6QM1jjbbX5UUn3DPmrZ,Lost Control,Different World,3nzuGtN3nXARvvecier4K0,False,0.561,0.555,4,-4.689,0.0757,0.0345,0.000157,0.0798,0.323,91.997,3.7053333333333334
7kVDkZkZc8qBUBsF6klUoY,I Don't Wanna Go,Different World,3nzuGtN3nXARvvecier4K0,False,0.561,0.751,11,-5.632,0.272,0.136,0.0,0.243,0.522,148.773,2.6944500000000002
0lks2Kt9veMOFEAPN0fsqN,Lily,Different World,3nzuGtN3nXARvvecier4K0,False,0.561,0.634,6,-5.877,0.0578,0.196,0.0,0.189,0.467,150.978,3.2640000000000002
6HMT7AzGA5wmn5m2t1BuZR,Lonely (feat. ISÁK & Omar Noir),Different World,3nzuGtN3nXARvvecier4K0,False,0.561,0.819,6,-7.267,0.0413,0.00911,0.00227,0.086,0.184,89.952,3.6008833333333334
6rKr29yPKnQNhOxXMYvE9Y,Ruin,Illuminate,1ne2D0NxoGyZd31gAM4HNd,False,0.561,0.382,2,-6.68,0.0314,0.382,0.0,0.109,0.527,125.024,4.03155
6EKvI1Beyh29HJoLJOdfw2,Mercy,Illuminate,1ne2D0NxoGyZd31gAM4HNd,False,0.561,0.662,11,-4.952,0.0827,0.125,0.0,0.111,0.356,148.128,3.4788833333333335
1vfLwrJnjFAVo9wE78zKYs,Three Empty Words,Illuminate,1ne2D0NxoGyZd31gAM4HNd,False,0.561,0.414,7,-9.826,0.0304,0.798,0.0,0.135,0.536,95.776,3.3168833333333336
5XX9oGZfgKMXdHnEp4t2JB,Money On My Mind,In The Lonely Hour,08jWgM4vSkTose4blKBWov,False,0.561,0.841,2,-5.217,0.179,0.204,0.000295,0.229,0.743,133.912,3.2111666666666667
6zHecELSAUYPCmYY8qHuOy,Good Thing,In The Lonely Hour,08jWgM4vSkTose4blKBWov,False,0.561,0.311,1,-10.708,0.0529,0.634,0.00267,0.336,0.27,129.634,3.3514500000000003
3b5LW3nS3WFQyS1e8ajGJN,Leave Your Lover,In The Lonely Hour,08jWgM4vSkTose4blKBWov,False,0.561,0.264,4,-8.741,0.0475,0.948,6.31e-06,0.106,0.357,92.879,3.139616666666667
7795WJLVKJoAyVoOtCWqXN,I'm Not The Only One,In The Lonely Hour,08jWgM4vSkTose4blKBWov,False,0.561,0.485,5,-5.795,0.0361,0.529,2.04e-05,0.0766,0.493,82.001,3.9886166666666667
5Aa7RD4Pdp14vII8SVsrSS,"At Night, Alone.","At Night, Alone.",6Phl1V5P0sPrWJytXHGFeO,False,0.561,0.0319,6,-30.674,0.0,0.332,0.0,0.217,0.0,0.0,0.17311666666666667
7zzoxJbgjme3366mOp5UnH,I Took A Pill In Ibiza,"At Night, Alone.",6Phl1V5P0sPrWJytXHGFeO,False,0.561,0.318,10,-10.07,0.0716,0.622,1.58e-06,0.125,0.383,74.11,4.680000000000001
5PW6M2W3QfmPY9F5eMLR0C,Not That Simple,"At Night, Alone.",6Phl1V5P0sPrWJytXHGFeO,False,0.561,0.271,9,-10.342,0.0279,0.527,3.78e-05,0.121,0.337,84.96,3.9017833333333334
1h4oQvTG0wZcW1afwjMHjV,Be As You Are,"At Night, Alone.",6Phl1V5P0sPrWJytXHGFeO,False,0.561,0.428,4,-9.45,0.0348,0.224,1.25e-06,0.108,0.348,144.958,3.893116666666667
4OubRAjuXv4J6A3nymzSN1,In The Arms Of A Stranger,"At Night, Alone.",6Phl1V5P0sPrWJytXHGFeO,False,0.561,0.495,0,-7.732,0.029,0.357,0.0,0.0713,0.524,95.0,3.794
41RffU6OSMWONC8uTjyude,Uptown's First Finale (feat. Stevie Wonder & Andrew Wyatt),Uptown Special,3vLaOYCNCzngDf8QdBg2V1,False,0.561,0.411,11,-9.1,0.0349,0.706,0.265,0.157,0.105,80.012,1.6471166666666666
3hoh1AoKwuC3VZ8CYj6YA9,Summer Breaking (feat. Kevin Parker),Uptown Special,3vLaOYCNCzngDf8QdBg2V1,False,0.561,0.764,9,-8.109,0.0267,0.0237,0.0507,0.169,0.944,114.077,3.12155
2ENBaEOC0Jgi2au9Jt7y7d,Feel Right (feat. Mystikal),Uptown Special,3vLaOYCNCzngDf8QdBg2V1,False,0.561,0.798,11,-5.876,0.0642,0.087,0.000187,0.0271,0.861,110.111,3.7091166666666666
2VNSUMHI1R3B6wVV8P7ZlG,I Can't Lose (feat. Keyone Starr),Uptown Special,3vLaOYCNCzngDf8QdBg2V1,False,0.561,0.761,8,-5.903,0.0344,0.000962,0.0171,0.0179,0.843,111.909,3.2744500000000003
4K1vOdIFqskQv3zoI0FdAk,Say It First,The Thrill Of It All (Special Edition),3TJz2UBNYJtlEly0sPeNrQ,False,0.561,0.407,0,-10.293,0.0914,0.766,0.000185,0.111,0.156,119.781,4.125916666666667
01uk7IzZyFNfQTDBXxx6NB,One Last Song,The Thrill Of It All (Special Edition),3TJz2UBNYJtlEly0sPeNrQ,False,0.561,0.53,1,-6.43,0.0284,0.367,0.0,0.321,0.485,103.326,3.2153666666666667
1A85fOmviQuGgkF6Lww6Nd,Midnight Train,The Thrill Of It All (Special Edition),3TJz2UBNYJtlEly0sPeNrQ,False,0.561,0.597,4,-7.117,0.0692,0.377,2.86e-05,0.179,0.399,96.06,3.4527333333333337
2mb6YdoavL6db22p7XKJQZ,Burning,The Thrill Of It All (Special Edition),3TJz2UBNYJtlEly0sPeNrQ,False,0.561,0.224,6,-9.383,0.0417,0.885,0.0,0.282,0.365,86.936,3.3881666666666663
60eVCXFCuw1WYswBuNZc4H,Jenny Was A Friend Of Mine,Hot Fuss,1ujPmNlTMp41h4EG6OOBGR,False,0.561,0.961,11,-5.606,0.0518,0.000128,0.00119,0.286,0.472,114.048,4.06555
3KANrKOFYyAxfjQJHkgBdb,Smile Like You Mean It,Hot Fuss,1ujPmNlTMp41h4EG6OOBGR,False,0.561,0.965,3,-4.255,0.146,0.000461,0.012,0.214,0.384,125.043,3.9017833333333334
6PwjJ58I4t7Mae9xfZ9l9v,Somebody Told Me,Hot Fuss,1ujPmNlTMp41h4EG6OOBGR,False,0.561,0.97,10,-4.851,0.0836,9.04e-05,0.000674,0.101,0.689,138.081,3.286666666666667
5vollujufHY0jMZxx77VWr,All These Things That I've Done,Hot Fuss,1ujPmNlTMp41h4EG6OOBGR,False,0.561,0.702,6,-7.291,0.0436,0.00245,2.37e-05,0.117,0.206,118.106,5.031116666666667
4G8gkOterJn0Ywt6uhqbhp,Radioactive,Night Visions,6nxDQi0FeEwccEPJeNySoS,False,0.561,0.784,9,-3.686,0.0627,0.106,0.000108,0.668,0.236,136.245,3.1135500000000005
3dw0A0cbqT6Oy2V8KfGwIT,Tiptoe,Night Visions,6nxDQi0FeEwccEPJeNySoS,False,0.561,0.82,6,-5.855,0.0325,0.00157,1.88e-05,0.0882,0.25,120.041,3.216666666666667
6BtmXhTJMM9sBTHeYYASGz,It's Time,Night Visions,6nxDQi0FeEwccEPJeNySoS,False,0.561,0.884,2,-4.748,0.0372,0.0162,0.0,0.145,0.86,105.009,3.96645
6KuHjfXHkfnIjdmcIvt9r0,On Top Of The World,Night Visions,6nxDQi0FeEwccEPJeNySoS,False,0.561,0.926,0,-5.589,0.151,0.0893,4.53e-06,0.0928,0.761,100.048,3.164
757lWi81eSRf0wYT42eu5e,ShadyXV,SHADYXV,3CjuTytLZz3G9znXt2rJgU,False,0.561,0.778,7,-3.659,0.35,0.154,0.0,0.371,0.586,95.029,5.026666666666667
41waH7ObCldjMZ90i6HY3A,Psychopath Killer,SHADYXV,3CjuTytLZz3G9znXt2rJgU,False,0.561,0.85,8,-4.385,0.271,0.0999,0.0,0.107,0.191,119.929,5.331550000000001
2gsWiAyssTMQS31PJ2Ih1K,Die Alone,SHADYXV,3CjuTytLZz3G9znXt2rJgU,False,0.561,0.698,1,-6.525,0.173,0.0289,0.0,0.142,0.448,119.994,3.608
0IG21pqbOajmplCfaWNJua,Vegas,SHADYXV,3CjuTytLZz3G9znXt2rJgU,False,0.561,0.856,7,-5.559,0.218,0.0286,0.0,0.387,0.686,120.019,5.600883333333333
7l3sjaDdNLDZ8paYkwgIot,Y'all Ready Know,SHADYXV,3CjuTytLZz3G9znXt2rJgU,False,0.561,0.854,0,-3.103,0.293,0.388,0.0,0.669,0.655,95.017,3.855116666666667
0mtdxzBRDbueLFpiwpbHKO,Sola,VIDA,5C0YLr4OoRGFDaqdMQmkeH,False,0.561,0.525,6,-6.677,0.25,0.509,0.0,0.0608,0.483,127.97,3.41755
4v4pC1y5UI5oHdcluJIJs8,Apaga La Luz,VIDA,5C0YLr4OoRGFDaqdMQmkeH,False,0.561,0.79,8,-4.534,0.0602,0.135,0.0,0.323,0.791,106.93,3.53845
0oBLtIumLel0ODRz09MIbV,Le Pido Al Cielo,VIDA,5C0YLr4OoRGFDaqdMQmkeH,False,0.561,0.548,8,-6.358,0.0521,0.258,0.0,0.279,0.358,165.697,4.125333333333334
4cuGZb0iFyHtwaSKdKrJkF,Imposible,VIDA,5C0YLr4OoRGFDaqdMQmkeH,False,0.561,0.738,11,-4.078,0.0741,0.127,0.0,0.127,0.925,90.976,2.7422166666666667
1s2VGd7q3D3UA3vuaHI7rw,Poco A Poco,VIDA,5C0YLr4OoRGFDaqdMQmkeH,False,0.561,0.528,10,-6.562,0.0907,0.12,0.0,0.093,0.654,95.007,2.92955
38mQZ5tZ6IylQaJCCF90ox,The Top,El Dorado,270o30h7cAlEhBnbuSpFZq,False,0.561,0.711,6,-3.842,0.072,0.336,0.0,0.128,0.27,138.031,3.272883333333333
3JVTsvTldB6arHVlmxmTnM,Company (feat. Future),El Dorado,270o30h7cAlEhBnbuSpFZq,False,0.561,0.727,8,-3.657,0.169,0.447,0.0,0.111,0.703,125.068,3.5513333333333335
5x4zsks09ZXriL8IFUExJe,Love Or Lust,El Dorado,270o30h7cAlEhBnbuSpFZq,False,0.561,0.651,8,-3.593,0.131,0.113,0.0,0.101,0.719,144.032,2.9395499999999997
3DwtzjXAKk8zS3tbdJHOsK,Outta Pocket,El Dorado,270o30h7cAlEhBnbuSpFZq,False,0.561,0.689,4,-3.077,0.0399,0.097,0.0,0.359,0.48,92.993,2.444666666666667
6MGRweoLPBAaPcXTMpMWsA,Coco (feat. DaBaby),El Dorado,270o30h7cAlEhBnbuSpFZq,False,0.561,0.783,7,-4.356,0.0876,0.158,0.0,0.151,0.528,98.068,2.3666666666666667
7JvmJDDMZMvWaWARsWK9Da,MONTERO (Call Me By Your Name) - SATAN'S EXTENDED VERSION,MONTERO (Call Me By Your Name),2Hjcfw8zHN4dJDZJGOzLd6,False,0.561,0.54,8,-6.402,0.174,0.191,0.0,0.377,0.711,119.248,2.83425
5E7yANAV3VdP9phPEHoSw1,MONTERO (Call Me By Your Name) - But Lil Nas X Is Silent The Entire Time,MONTERO (Call Me By Your Name),2Hjcfw8zHN4dJDZJGOzLd6,False,0.561,0.545,8,-7.652,0.668,0.168,0.886,0.344,0.14,178.997,2.8005166666666668
0lI3C7jXLDY88pQPRjUCLR,Whiskey Eyes,Jungle Rules,4c2p3TdN7NcQfCXyueCNnC,False,0.561,0.797,0,-6.736,0.566,0.0573,0.0,0.392,0.364,169.694,4.738383333333333
5paFScPOaRDDlQu6gzHzeL,Trippin,Jungle Rules,4c2p3TdN7NcQfCXyueCNnC,False,0.561,0.576,7,-7.669,0.0418,0.153,0.000368,0.125,0.248,127.993,2.934966666666667
1vVNlXi8gf8tZ7OhnEs4VE,A Lie,Jungle Rules,4c2p3TdN7NcQfCXyueCNnC,False,0.561,0.792,1,-5.38,0.216,0.0235,0.0,0.404,0.524,121.189,3.7798333333333334
58wSQNRC9QE70EkDF2BEtm,Jump,Jungle Rules,4c2p3TdN7NcQfCXyueCNnC,False,0.561,0.494,0,-5.76,0.0409,0.0375,0.0,0.102,0.175,111.979,3.6972833333333335
7A20WnLkjtZU2d7hIB6Ziu,Start Wit Me (feat. Gunna),Please Excuse Me for Being Antisocial,52u4anZbHd6UInnmHRFzba,False,0.561,0.479,4,-8.054,0.334,0.077,0.0,0.135,0.408,130.029,2.6448666666666667
6kiIVIbmwEw6JvIZc7UG0E,Perfect Time,Please Excuse Me for Being Antisocial,52u4anZbHd6UInnmHRFzba,False,0.561,0.734,8,-8.484,0.432,0.171,0.0,0.12,0.254,94.122,2.3785000000000003
33NoCir8q4WA4HNmyrD3fu,Moonwalkin (feat. Lil Durk),Please Excuse Me for Being Antisocial,52u4anZbHd6UInnmHRFzba,False,0.561,0.58,1,-7.594,0.284,0.0178,0.0,0.15,0.299,160.243,2.7975166666666667
5FVbvttjEvQ8r2BgUcJgNg,Life Goes On,BE,2qehskW9lYGWfYb0xPZkrS,False,0.561,0.716,1,-5.733,0.0424,0.00691,0.0,0.37,0.45,81.068,3.4580166666666665
1NHl9g36Ebu3g16y0vtUNV,Fly To My Room,BE,2qehskW9lYGWfYb0xPZkrS,False,0.561,0.526,11,-7.355,0.212,0.0484,0.0,0.0718,0.588,114.91,3.70405
7Ki0hse0IfXEcXUlpyECbJ,Blue & Grey,BE,2qehskW9lYGWfYb0xPZkrS,False,0.561,0.605,8,-6.755,0.0415,0.42,0.0,0.125,0.364,121.953,4.2491666666666665
16SFlxZd0oH4YA7KvCQlsG,Skit,BE,2qehskW9lYGWfYb0xPZkrS,False,0.561,0.321,4,-13.135,0.884,0.864,0.0,0.908,0.544,114.822,2.9924666666666666
6Fnvi5QnVkTskSzeRvvQds,Telepathy,BE,2qehskW9lYGWfYb0xPZkrS,False,0.561,0.669,5,-4.333,0.0428,0.00782,0.0,0.123,0.57,104.994,3.371883333333334
4bQHPFjRT6O1KdMCd4cD9u,Rock 'n' Roll Star - Remastered,Stop the Clocks,6lcZGrrlTM7c276ZTWh9Sx,False,0.561,0.97,4,-3.245,0.068,0.000392,0.00255,0.435,0.481,138.206,5.38245
1xxPQaR29dAf3yxaafByeD,Some Might Say - Remastered,Stop the Clocks,6lcZGrrlTM7c276ZTWh9Sx,False,0.561,0.927,0,-2.277,0.092,0.165,0.013,0.287,0.0734,110.156,5.465333333333334
2LNV0347QKt4AHxRSfCBij,Talk Tonight - Remastered,Stop the Clocks,6lcZGrrlTM7c276ZTWh9Sx,False,0.561,0.423,4,-8.499,0.0242,0.54,1.23e-05,0.361,0.299,85.213,4.395783333333333
1XYLtiNehOF8D5NmlQknpI,Lyla,Stop the Clocks,6lcZGrrlTM7c276ZTWh9Sx,False,0.561,0.951,11,-2.57,0.0483,0.00014,0.000117,0.147,0.332,120.879,5.174
2RUfZnDBLgXeO2A1XOj0ss,The Importance Of Being Idle,Stop the Clocks,6lcZGrrlTM7c276ZTWh9Sx,False,0.561,0.87,9,-2.258,0.0332,0.0459,0.0,0.12,0.585,109.819,3.6637833333333334
6b8Be6ljOzmkOmFslEb23P,24K Magic,24K Magic,4PgleR09JVnm3zY1fW3XBA,False,0.818,0.803,1,-4.282,0.0797,0.034,0.0,0.153,0.632,106.97,3.766383333333333
0mBKv9DkYfQHjdMcw2jdyI,Chunky,24K Magic,4PgleR09JVnm3zY1fW3XBA,False,0.571,0.539,5,-4.446,0.116,0.0208,0.0,0.125,0.727,202.103,3.116216666666667
1I6pKIyaBp4OebTGLJpCCC,Perm,24K Magic,4PgleR09JVnm3zY1fW3XBA,False,0.853,0.871,8,-3.715,0.0851,0.0145,6.84e-05,0.198,0.863,124.021,3.5008833333333333
0kN8xEmgMW9mh7UmDYHlJP,Versace on the Floor,24K Magic,4PgleR09JVnm3zY1fW3XBA,False,0.578,0.574,2,-6.209,0.0454,0.196,0.0,0.083,0.301,174.152,4.354
2AT8iROs4FQueDv2c8q2KE,R U Mine?,AM,78bpIziExqiI9qztvNFlQu,False,0.288,0.758,6,-5.692,0.0371,0.00616,0.0,0.303,0.619,97.094,3.3621
6wNUBZNWFxdUGof6vkaykE,One For The Road,AM,78bpIziExqiI9qztvNFlQu,False,0.415,0.668,0,-6.849,0.036,0.212,0.0615,0.27,0.842,180.048,3.4341999999999997
7nzsY8vlnKdvGOEE0rjAXZ,Arabella,AM,78bpIziExqiI9qztvNFlQu,False,0.579,0.558,2,-6.986,0.0895,0.0202,1.26e-06,0.212,0.506,179.949,3.45595
1j9rezdE3YeC7yktZXC1em,I Want It All,AM,78bpIziExqiI9qztvNFlQu,False,0.499,0.81,5,-5.579,0.0347,0.000637,0.0748,0.0625,0.288,131.052,3.0901
6MowG7MRVgPfGlCMsXKMJ2,Bird Set Free,This Is Acting,77jAfTh3KH9K2reMOmTgOh,False,0.438,0.805,5,-4.284,0.0728,0.0115,0.000667,0.133,0.31,150.174,4.207333333333334
25R5Tdr4K7ENb6umHzdCXn,Alive,This Is Acting,77jAfTh3KH9K2reMOmTgOh,False,0.508,0.762,6,-4.217,0.0489,0.254,0.000122,0.108,0.444,99.963,4.3919999999999995
1CGFyZ5fSRo0DhIJOLdHVM,One Million Bullets,This Is Acting,77jAfTh3KH9K2reMOmTgOh,False,0.365,0.717,9,-4.113,0.0521,0.102,0.0,0.467,0.204,171.827,4.201116666666667
73Mfgc0HTZeNCoNrDI46sJ,Move Your Body,This Is Acting,77jAfTh3KH9K2reMOmTgOh,False,0.617,0.842,10,-4.062,0.034,0.00117,0.261,0.131,0.36,127.955,4.120216666666667
1yvMUkIOTeUNtNWlWRgANS,Unstoppable,This Is Acting,77jAfTh3KH9K2reMOmTgOh,False,0.468,0.779,9,-4.839,0.0779,0.112,0.000373,0.101,0.26,173.799,3.629116666666667
14hJ5tc1VCFMWhVn9axRTC,Life Of The Party,Handwritten,0CnQ0JQajNswRjPkNYVG8m,False,0.666,0.615,10,-4.995,0.0314,0.0663,0.0,0.111,0.161,113.978,3.5755500000000002
4LWIp8HAFxpfg37mnxHqCS,Never Be Alone,Handwritten,0CnQ0JQajNswRjPkNYVG8m,False,0.377,0.466,10,-6.927,0.0353,0.514,5.63e-05,0.0781,0.276,199.853,3.5968833333333334
4Iz171BOalhbOxdlodJSJD,Kid In Love,Handwritten,0CnQ0JQajNswRjPkNYVG8m,False,0.529,0.598,7,-7.085,0.0403,0.0268,0.0,0.15,0.373,169.959,3.7637833333333335
1oiwANJpaXZxYkwvLWor4f,I Don't Even Know Your Name,Handwritten,0CnQ0JQajNswRjPkNYVG8m,False,0.626,0.524,3,-5.944,0.0422,0.0127,0.0,0.099,0.56,84.866,3.006666666666667
0ttF21hZCPw2merE3GsHcP,Curtains Up - Skit,The Eminem Show,2cWBwpqMsDJC1ZUwz813lo,False,0.378,0.122,2,-19.785,0.036,0.00697,0.958,0.125,0.0313,81.519,0.4971166666666667
15qrWkkYCfmtu1uRpGf48L,White America,The Eminem Show,2cWBwpqMsDJC1ZUwz813lo,False,0.558,0.615,1,-5.641,0.229,0.0103,0.0,0.105,0.16,76.673,5.409116666666667
0x60P5taxdI5pcGbqbap6S,Business,The Eminem Show,2cWBwpqMsDJC1ZUwz813lo,False,0.901,0.813,7,-4.509,0.199,0.0325,1.09e-05,0.144,0.502,96.442,4.195333333333333
7BMO7O7ImjV8HNTH74Tshv,Cleanin' Out My Closet,The Eminem Show,2cWBwpqMsDJC1ZUwz813lo,False,0.908,0.758,9,-4.753,0.174,0.0687,0.0,0.0783,0.87,148.015,4.964
27mgDrExPa3obPAYXd3yQg,Square Dance,The Eminem Show,2cWBwpqMsDJC1ZUwz813lo,False,0.763,0.675,5,-1.797,0.223,0.0307,0.0,0.0876,0.724,82.0,5.395333333333334
6m9RExR1U4qZZYAgOatzSn,Best 4 U,Red Pill Blues (Deluxe),1Li4rADxSxjT2g4xqUcMYh,False,0.526,0.608,10,-5.776,0.169,0.127,0.0,0.113,0.372,93.311,3.99585
2j5hsQvApottzvTn4pFJWF,What Lovers Do (feat. SZA),Red Pill Blues (Deluxe),1Li4rADxSxjT2g4xqUcMYh,False,0.799,0.597,5,-5.131,0.0611,0.0788,5.66e-06,0.1,0.419,110.001,3.3308166666666668
6AvfZXpbb6r35DfF7gHPRq,Wait,Red Pill Blues (Deluxe),1Li4rADxSxjT2g4xqUcMYh,False,0.655,0.603,8,-5.014,0.0555,0.0959,0.0,0.107,0.452,126.088,3.1773833333333332
5ezKhlg0ZwDPgOtMCoQt1S,Lips On You,Red Pill Blues (Deluxe),1Li4rADxSxjT2g4xqUcMYh,False,0.652,0.555,9,-6.608,0.032,0.137,2.18e-05,0.09,0.107,103.043,3.6155166666666667
7HCnuwV7xCMfqljSUcgGci,Bet My Heart,Red Pill Blues (Deluxe),1Li4rADxSxjT2g4xqUcMYh,False,0.759,0.604,8,-6.663,0.051,0.141,0.0,0.149,0.418,121.096,3.2686833333333336
5xRBYte8zzJNmRfBgYIWnX,Take the World By Storm,Lukas Graham,4rFrdkSWs0dtj0rWPzOk1v,False,0.589,0.865,10,-4.162,0.0838,0.0387,0.0,0.114,0.467,86.337,3.1959999999999997
5ArQzSBevAdXTxRY6Ulhbq,Mama Said,Lukas Graham,4rFrdkSWs0dtj0rWPzOk1v,False,0.712,0.799,7,-4.564,0.0703,0.0447,6.4e-05,0.37,0.591,83.996,3.448383333333333
3Vq1gRj4U2HQ4uLBbT9y9U,Happy Home,Lukas Graham,4rFrdkSWs0dtj0rWPzOk1v,False,0.754,0.322,3,-8.568,0.0476,0.392,0.0,0.101,0.475,128.108,3.64555
3xi7d2yGx09UKMAAr7A3az,Drunk in the Morning,Lukas Graham,4rFrdkSWs0dtj0rWPzOk1v,False,0.768,0.744,2,-4.721,0.0426,0.0614,0.0,0.177,0.691,93.537,3.384666666666667
6UdhIn5jito25nOYZ5jWlA,Make It Mine,We Sing. We Dance. We Steal Things.,04G0YylSjvDQZrjOfE5jA5,False,0.665,0.794,4,-5.198,0.0492,0.164,0.0,0.159,0.641,149.997,3.12955
0IktbUcnAGrvD03AWnz3Q8,Lucky,We Sing. We Dance. We Steal Things.,04G0YylSjvDQZrjOfE5jA5,False,0.625,0.414,0,-8.7,0.0369,0.294,0.0,0.151,0.669,130.088,3.1602166666666665
7rrmHHc1kY9vkIZnXrcH7T,Butterfly,We Sing. We Dance. We Steal Things.,04G0YylSjvDQZrjOfE5jA5,False,0.718,0.658,10,-7.207,0.0664,0.146,0.0,0.202,0.804,108.103,4.98445
0XIVmUXrwk0IjQEOWFnyn1,Live High,We Sing. We Dance. We Steal Things.,04G0YylSjvDQZrjOfE5jA5,False,0.612,0.52,2,-9.665,0.0473,0.148,0.0,0.695,0.636,86.031,4.242216666666667
57crda5Lx9OVaYCzb4Wrnd,CAN'T STOP,BLAME IT ON BABY,623PL2MBg50Br5dLXC9E9e,False,0.732,0.707,11,-5.849,0.304,0.0348,0.0,0.399,0.832,140.04,2.8062166666666664
5gNOINI5dXZVom2b36LMOd,PICK UP (feat. Quavo),BLAME IT ON BABY,623PL2MBg50Br5dLXC9E9e,False,0.915,0.612,1,-4.535,0.407,0.0944,0.0,0.115,0.758,129.93,1.9757833333333332
16oi4OiKmkO51l60F5R9kR,LIGHTSKIN SH*T (feat. Future & jetsonmade),BLAME IT ON BABY,623PL2MBg50Br5dLXC9E9e,False,0.932,0.578,9,-4.478,0.366,0.115,0.0,0.115,0.623,129.991,1.8528833333333334
3QSLoxRguKgK0knOG7EGyn,TALK ABOUT IT,BLAME IT ON BABY,623PL2MBg50Br5dLXC9E9e,False,0.951,0.638,1,-5.614,0.308,0.00206,0.0,0.113,0.439,123.948,2.65155
6ChpgWt7s2ksM1Y3l0D9sk,SAD SH*T,BLAME IT ON BABY,623PL2MBg50Br5dLXC9E9e,False,0.835,0.466,6,-8.949,0.391,0.195,0.0,0.372,0.562,124.885,3.6244500000000004
6LBpGdlukUARutol7VgWIS,January 28th,2014 Forest Hills Drive,7viNUmZZ8ztn2UB4XB3jIL,False,0.597,0.568,5,-8.559,0.342,0.242,0.0,0.0838,0.342,84.052,4.044966666666666
4tqcoej1zPvwePZCzuAjJd,Wet Dreamz,2014 Forest Hills Drive,7viNUmZZ8ztn2UB4XB3jIL,False,0.495,0.722,6,-8.108,0.357,0.0697,0.0,0.113,0.539,175.627,3.9877833333333332
11qa6plS660rrrkf6VJ3cX,03’ Adolescence,2014 Forest Hills Drive,7viNUmZZ8ztn2UB4XB3jIL,False,0.528,0.811,1,-6.181,0.59,0.395,0.0,0.274,0.26,70.58,4.40355
52A8OAP8lTQKZCj4Rce92B,A Tale Of 2 Citiez,2014 Forest Hills Drive,7viNUmZZ8ztn2UB4XB3jIL,False,0.771,0.536,11,-8.534,0.323,0.553,1.05e-06,0.294,0.343,94.995,4.49535
4gbVRS8gloEluzf0GzDOFc,Maps,V,2Auw0pTT6EcQdvHNimhLQI,False,0.742,0.713,1,-5.522,0.0303,0.0205,0.0,0.059,0.879,120.032,3.166
2bL2gyO6kBdLkNSkxXNh6x,Animals,V,2Auw0pTT6EcQdvHNimhLQI,False,0.279,0.742,4,-6.46,0.0898,0.000185,0.0,0.593,0.328,189.868,3.850216666666667
2PLo8T3kGE9URFvBy3tUdt,It Was Always You,V,2Auw0pTT6EcQdvHNimhLQI,False,0.613,0.765,11,-6.582,0.0441,0.082,1.25e-06,0.092,0.299,103.951,3.998666666666667
1m39XApxHXb2UkGItyyIUO,Unkiss Me,V,2Auw0pTT6EcQdvHNimhLQI,False,0.532,0.599,6,-6.543,0.0333,0.00784,0.0,0.14,0.113,130.019,3.97
30HCB1FoE77IfGRyNv4eFq,In Bloom,Nevermind (Deluxe Edition),2uEf3r9i2bnxwJQsxQ0xQ7,False,0.436,0.876,10,-4.902,0.0647,3.33e-05,0.000104,0.205,0.512,157.044,4.251333333333333
4P5KoWXOxwuobLmHXLMobV,Come As You Are,Nevermind (Deluxe Edition),2uEf3r9i2bnxwJQsxQ0xQ7,False,0.5,0.824,4,-5.846,0.0388,0.00016,0.00161,0.0916,0.539,120.125,3.6486666666666667
5mJGLBNJM0GULqAoL5mb9C,Breed,Nevermind (Deluxe Edition),2uEf3r9i2bnxwJQsxQ0xQ7,False,0.262,0.969,4,-4.675,0.0894,3.69e-06,0.00213,0.133,0.263,158.433,3.067333333333333
2YodwKJnbPyNKe8XXSE9V7,Lithium,Nevermind (Deluxe Edition),2uEf3r9i2bnxwJQsxQ0xQ7,False,0.678,0.656,7,-6.41,0.0381,0.00174,0.0,0.0631,0.485,123.207,4.284216666666667
