track_id,track_name,album_name,album_id
7qiZfU4dY1lWllzX7mPBI3,Shape of You,÷ (Deluxe),3T4tUhGYeRNVUGevb0wThu
0VjIjW4GlUZAMYd2vXMi3b,Blinding Lights,After Hours,4yP0hdKOZPNshxUOjY0cZj
2XU0oxnq2qxCpomAAuJY8K,Dance Monkey,Dance Monkey (Stripped Back) / Dance Monkey,0UywfDKYlyiu1b38DRrzYD
7qEHsqek33rTcFNT9PFqLf,Someone You Loved,Divinely Uninspired To A Hellish Extent,5658aM19fA3JVwTK6eQX70
0e7ipj03S05BNilyu5bRzt,rockstar (feat. 21 Savage),beerbongs & bentleys,6trNtQUgC8cgbWcqoMYkOR
0RiRZpuVRbi7oqRdSMwhQY,Sunflower - Spider-Man: Into the Spider-Verse,Hollywood's Bleeding,4g1ZRSobMefqF6nelkgibi
1zi7xx7UVEFkmKfv06H8x0,One Dance,Views,40GMAhriYJRO1rsY4YdrZb
7BKLCZ1jbUBVqRi2FVlTVw,Closer,Closer,0rSLgV8p5FzfnqlEk4GzxE
0pqnGHJpmpxLKifKRmU6WP,Believer,Evolve,33pt9HBdGlAbRGBHQgsZsU
0TK2YIli7K1leLovkQiNik,Señorita,Señorita,2ZaX1FdZCwchXl1QZiD4O4
5HCyWlXZPP0y6Gqq8TgA20,STAY (with Justin Bieber),STAY (with Justin Bieber),4QLAtpLNUsHEYrcHXmMIZZ
0tgVpDi06FyKpA1z0VMD4v,Perfect,÷ (Deluxe),3T4tUhGYeRNVUGevb0wThu
5uCax9HTNlzGybIStD3vDh,Say You Won't Let Go,Back from the Edge,7oiJYvEJHsmYtrgviAVIBD
2Fxmhks0bxGSBdJ92vM42m,bad guy,"WHEN WE ALL FALL ASLEEP, WHERE DO WE GO?",0S0KGZnfBGSIssfF54WSJh
3USxtqRwSYz57Ewm6wWRMp,Heat Waves,Heat Waves,69K1zrf6TkXHdYUO8n2qVi
34gCuhDGsG4bRPIf9bb02f,Thinking out Loud,x (Deluxe Edition),1xn54DMo2qIqBuMqHtUsFd
285pBltuF7vW8TeWk8hdRR,Lucid Dreams,Goodbye & Good Riddance,6tkjU4Umpo79wwkgPMV3nZ
3PfIrDoz19wz7qK7tYeu62,Don't Start Now,Future Nostalgia,7fJJK56U9fHixgO0HQkhtI
6DCZcSspjsKoFjzjrWoCdn,God's Plan,Scorpion,1ATL5GLyefJaxhQzSPVrLX
7MXVkk9YMctZqd1Srtv4MB,Starboy,Starboy,2ODvWsOgouMbaA5xf0RkJe
0u2P5u6lvoDfwTYjAADbn4,lovely (with Khalid),lovely (with Khalid),2sBB17RXTamvj7Ncps15AK
6UelLqGlWMcVH1E5c4H7lY,Watermelon Sugar,Fine Line,7xV2TzoaVc0ycW7fwBwAml
1HNkqx9Ahdgi1Ixy2xkKkL,Photograph,x (Deluxe Edition),1xn54DMo2qIqBuMqHtUsFd
7tFiyTwD0nx5a1eklYtX2J,Bohemian Rhapsody - Remastered 2011,A Night At The Opera (2011 Remaster),1GbtB4zTqAsyfZEsm1RZfx
6RUKPb4LETWmmr3iAEQktW,Something Just Like This,Memories...Do Not Open,4JPguzRps3kuWDD5GS6oXr
2VxeLyX666F8uXCJ0dZF8B,Shallow,A Star Is Born Soundtrack,4sLtOBOzn4s3GDUv3c5oJD
3ee8Jmje8o58CHK66QrVC2,SAD!,?,2Ti79nwTsont5ZHfdxIzAm
50kpGaPAhYJ3sGmk6vplg0,Love Yourself,Purpose (Deluxe),6Fr2rQkZ383FcMqFyT7yPr
21jGcNKet2qwijlDFuPiPb,Circles,Hollywood's Bleeding,4g1ZRSobMefqF6nelkgibi
3U4isOIWM3VvDubwSI3y7a,All of Me,Love In The Future (Expanded Edition),4OTAx9un4e6NfoHuVRiOrC
1CS7Sd1u5tWkstBhpssyjP,Take Me to Church,Hozier,0Uv83rRhY5QvHKkQoULRKk
1zB4vmk8tFRmM9UULNzbLB,Thunder,Evolve,33pt9HBdGlAbRGBHQgsZsU
6ocbgoVGwYJhOv1GgI9NsF,7 rings,"thank u, next",2fYhqwDWXjbpjaIJPEfKFw
2QjOHCTQ1Jl3zawyYOpxh6,Sweater Weather,I Love You.,4xkM0BwLM9H2IUcbYzpcBI
6gBFPUFcJLzWGx4lenP6h2,goosebumps,Birds In The Trap Sing McKnight,42WVQWuf1teDysXiOupIZt
7m9OqQk4RVRkw9JJdeAw96,Jocelyn Flores,17,5VdyJkLe3yvOs0l4xXbWp0
1rfofaqEpACxVEHIZBJe6W,Havana (feat. Young Thug),Camila,2vD3zSQr8hNlg0obNel4TE
7GX5flRQZVHRAGd6B4TmDO,XO Tour Llif3,Luv Is Rage 2,733e1ZfktLSwj96X5rsMeE
3CRDbSIZ4r5MsZ0YwxuEkn,Stressed Out,Blurryface,3cQO7jp5S9qLBoIVtbkSM1
2ekn2ttSfGqwhhate0LSR0,New Rules,Dua Lipa (Deluxe),01sfgrNbnnPUEyz6GZYlt9
7BqHUALzNBTanL6OvsqmC1,Happier,Happier,78EicdHZr5XBWD7llEZ1Jh
7KXjTSCq5nL1LoYtL7XAwS,HUMBLE.,DAMN.,4eLPsYPBmXABThSJ821sqY
2xLMifQCjDGFmkHkpNLD9h,SICKO MODE,ASTROWORLD,41GuZcammIkupMPKH2OJ6I
2tpWsVSb9UEmDRxAl1zhX1,Counting Stars,Native,20lOt6G8MHv8ZO7ViOmiP7
1KxwZYyzWNyZSRyErj2ojT,Let Her Go,All The Little Lights,2mylGx7w2Q3yhUyN8iEWOF
0nrRP2bk19rLc0orkWPQk2,Wake Me Up,True,1s9tU91VJt4sU5owi29GD3
3JvrhDOgAt6p7K8mDyZwRd,Riptide,Dream Your Life Away,6rIbiUMmZJfqJRnXhVxFvg
09CtPGIpYB4BrO8qb1RGsF,Sorry,Purpose (Deluxe),6Fr2rQkZ383FcMqFyT7yPr
7fBv7CLKzipRk6EC6TWHOB,The Hills,Beauty Behind The Madness,0P3oVJBFOv3TDXlYRhGL7s
01aTsQoKoeXofSTvKuunzv,Lean On,Peace Is The Mission : Extended,2U0b5MfkMUgzdvRUI69mya
0lYBSQXN6rCTvUZvg9S0lU,Let Me Love You,Encore,02sEJTj1sye1JaqxqpcSCp
0zLCBJZSiELJf02ucPP9wb,Roses - Imanbek Remix,Roses (Imanbek Remix),3GqSdhWjmMypMwPLtzoFYs
3bidbhpOYeV4knp8AIu8Xn,Can't Hold Us (feat. Ray Dalton),The Heist,76FXHQhTuT4QMIxfL09gX8
4ZtFanR9U6ndgddUvNcjcG,good 4 u,SOUR,6s84u2TUpR3wdUv4NgKA2j
7dt6x5M1jzdTEt8oCbisTK,Better Now,beerbongs & bentleys,6trNtQUgC8cgbWcqoMYkOR
3a1lNhkSLSkpJE4MSHpDu9,Congratulations,Stoney (Deluxe),5s0rmjP8XOPhP6HhqOhuyC
698ItKASDavgwZ3WjaWjtz,Faded,Different World,3nzuGtN3nXARvvecier4K0
7ef4DlsgrMEH11cDZd32M6,One Kiss (with Dua Lipa),One Kiss (with Dua Lipa),7GEzhoTiqcPYkOprWQu581
3QGsuHI8jO1Rx4JWLUh9jd,Treat You Better,Illuminate,1ne2D0NxoGyZd31gAM4HNd
5wANPM4fQCJwkGd4rN57mH,drivers license,SOUR,6s84u2TUpR3wdUv4NgKA2j
5Nm9ERjJZ5oyfXZTECKmRt,Stay With Me,In The Lonely Hour,08jWgM4vSkTose4blKBWov
1i1fxkWeaMmKEB4T7zqbzK,Don't Let Me Down,Don't Let Me Down,2SByipSK8eZ2pasaIwwzhf
5p7ujcrUXASCNwRaWNHR1C,Without Me,Without Me,0zzrCTzvL4ZmR42xF46Afm
0vbtURX4qv1l7besfwmnD8,I Took A Pill In Ibiza - Seeb Remix,"At Night, Alone.",6Phl1V5P0sPrWJytXHGFeO
4Dvkj6JhhA12EX05fT7y2e,As It Was,As It Was,2pqdSWeJVsXAhHFuVLzuA8
32OlwWuMpZ6b0aN2RZOeMS,Uptown Funk (feat. Bruno Mars),Uptown Special,3vLaOYCNCzngDf8QdBg2V1
3HVWdVOQ0ZA45FuZGSfvns,I Don't Care (with Justin Bieber),I Don't Care (with Justin Bieber),5Nux7ozBJ5KJ02QYWwrneR
4cktbXiXOapiLBMprHFErI,Memories,Memories,3nR9B40hYLKLcR0Eph3Goc
3e9HZxeyfWwjeyPAMmWSSQ,"thank u, next","thank u, next",2fYhqwDWXjbpjaIJPEfKFw
1mXVgsBdtIVeCLJnSnmtdV,Too Good At Goodbyes,The Thrill Of It All (Special Edition),3TJz2UBNYJtlEly0sPeNrQ
003vvx7Niy0yvhvHt4a68B,Mr. Brightside,Hot Fuss,1ujPmNlTMp41h4EG6OOBGR
27NovPIUIRrOZoCHxABJwK,INDUSTRY BABY (feat. Jack Harlow),INDUSTRY BABY (feat. Jack Harlow),622NFw5Yk0OReMJ2XWcXUh
3LlAyCYU26dvFZBDUIMb7a,Demons,Night Visions,6nxDQi0FeEwccEPJeNySoS
5Z01UMMf7V1o0MzF86s6WJ,Lose Yourself,SHADYXV,3CjuTytLZz3G9znXt2rJgU
1vnnXMrBeEWiRg3YCMCjQq,Despacito - Remix,VIDA,5C0YLr4OoRGFDaqdMQmkeH
4jPy3l0RUwlUI9T5XHBW2m,Mood (feat. iann dior),El Dorado,270o30h7cAlEhBnbuSpFZq
5nujrmhLynf4yMoMtj8AQF,Levitating (feat. DaBaby),Future Nostalgia,5lKlFlReHOLShQKyRv6AL9
67BtfxlNbhBmCDR2L2l8qd,MONTERO (Call Me By Your Name),MONTERO (Call Me By Your Name),2Hjcfw8zHN4dJDZJGOzLd6
3B54sVLJ402zGa6Xm4YGNe,Unforgettable,Jungle Rules,4c2p3TdN7NcQfCXyueCNnC
47EiUVwUp4C9fGccaPuUCS,DÁKITI,DÁKITI,43dl8hP5uNN9s6YeeJA5fv
0JP9xo3adEtGSdUEISiszL,Moonlight,?,2Ti79nwTsont5ZHfdxIzAm
0nbXyq5TXYPCO7pr3N8S4I,The Box,Please Excuse Me for Being Antisocial,52u4anZbHd6UInnmHRFzba
5QDLhrAOJJdNAmCTJ8xMyW,Dynamite,BE,2qehskW9lYGWfYb0xPZkrS
7ygpwy2qP3NbrxVkHvUhXY,Wonderwall - Remastered,Stop the Clocks,6lcZGrrlTM7c276ZTWh9Sx
0KKkJNfGyhkQ5aFogxQAPU,That's What I Like,24K Magic,4PgleR09JVnm3zY1fW3XBA
5FVd6KXrgO9B3JPmC8OPst,Do I Wanna Know?,AM,78bpIziExqiI9qztvNFlQu
3S4px9f4lceWdKf0gWciFu,Cheap Thrills,This Is Acting,77jAfTh3KH9K2reMOmTgOh
5jsw9uXEGuKyJzs0boZ1bT,Stitches,Handwritten,0CnQ0JQajNswRjPkNYVG8m
7JJmb5XwzOO8jgpou264Ml,There's Nothing Holdin' Me Back,Illuminate (Deluxe),3wBabo4pmzsYjALMSKY7Iq
4xkOaSrkexMciUUogZKVTS,Till I Collapse,The Eminem Show,2cWBwpqMsDJC1ZUwz813lo
2JzZzZUQj3Qff7wapcbKjc,See You Again (feat. Charlie Puth),See You Again (feat. Charlie Puth),5FXIqS1XqbpfOKNoi5VUwS
0EcQcdcbQeVJn9fknj44Be,I Like Me Better,I Like Me Better,7l6fTSFvlumnPFpOSrbnDV
6V1bu6o1Yo5ZXnsCJU8Ovk,Girls Like You (feat. Cardi B) - Cardi B Version,Red Pill Blues (Deluxe),1Li4rADxSxjT2g4xqUcMYh
5kqIPrATaCc2LqxVWzQGbk,7 Years,Lukas Graham,4rFrdkSWs0dtj0rWPzOk1v
6habFhsOp2NvshLv26DqMb,Despacito,VIDA,5C0YLr4OoRGFDaqdMQmkeH
1EzrEOXmMH3G43AXT1y7pA,I'm Yours,We Sing. We Dance. We Steal Things.,04G0YylSjvDQZrjOfE5jA5
7ytR5pFWmSjzHJIeQkgog4,ROCKSTAR (feat. Roddy Ricch),BLAME IT ON BABY,623PL2MBg50Br5dLXC9E9e
68Dni7IE4VyPkTOH9mRWHr,No Role Modelz,2014 Forest Hills Drive,7viNUmZZ8ztn2UB4XB3jIL
2iuZJX9X9P0GKaE93xcPjk,Sugar,V,2Auw0pTT6EcQdvHNimhLQI
5ghIJDpPoe3CfHMGu71E6T,Smells Like Teen Spirit,Nevermind (Deluxe Edition),2uEf3r9i2bnxwJQsxQ0xQ7
7oolFzHipTMg2nL7shhdz2,Eraser,÷ (Deluxe),3T4tUhGYeRNVUGevb0wThu
6PCUP3dWmTjcTtXY02oFdT,Castle on the Hill,÷ (Deluxe),3T4tUhGYeRNVUGevb0wThu
51ChrwmUPDJvedPQnIU8Ls,Dive,÷ (Deluxe),3T4tUhGYeRNVUGevb0wThu
7qiZfU4dY1lWllzX7mPBI3,Shape of You,÷ (Deluxe),3T4tUhGYeRNVUGevb0wThu
0tgVpDi06FyKpA1z0VMD4v,Perfect,÷ (Deluxe),3T4tUhGYeRNVUGevb0wThu
6b5P51m8xx2XA6U7sdNZ5E,Alone Again,After Hours,4yP0hdKOZPNshxUOjY0cZj
2K9Ovn1o2bTGqbsABGC6m3,Too Late,After Hours,4yP0hdKOZPNshxUOjY0cZj
6kWxIqQDsKFYCJGbU4AjCX,Hardest To Love,After Hours,4yP0hdKOZPNshxUOjY0cZj
4BGZF4oLbTL0pWm7C18pbv,Scared To Live,After Hours,4yP0hdKOZPNshxUOjY0cZj
3WlbeuhfRSqU7ylK2Ui5U7,Snowchild,After Hours,4yP0hdKOZPNshxUOjY0cZj
1ooBIqsmV1ocRldBZrvLPD,Dance Monkey - Stripped Back,Dance Monkey (Stripped Back) / Dance Monkey,0UywfDKYlyiu1b38DRrzYD
2XU0oxnq2qxCpomAAuJY8K,Dance Monkey,Dance Monkey (Stripped Back) / Dance Monkey,0UywfDKYlyiu1b38DRrzYD
0pEkK8MqbmGSX7fT8WLMbR,Grace,Divinely Uninspired To A Hellish Extent,5658aM19fA3JVwTK6eQX70
4Of7rzpRpV1mWRbhp5rAqG,Bruises,Divinely Uninspired To A Hellish Extent,5658aM19fA3JVwTK6eQX70
60iSKGrGazRzICtMjADNSM,Hold Me While You Wait,Divinely Uninspired To A Hellish Extent,5658aM19fA3JVwTK6eQX70
7qEHsqek33rTcFNT9PFqLf,Someone You Loved,Divinely Uninspired To A Hellish Extent,5658aM19fA3JVwTK6eQX70
5HU2B0yEnvg5EUB8FWeoda,Maybe,Divinely Uninspired To A Hellish Extent,5658aM19fA3JVwTK6eQX70
3fpVWegR6YOS1Yk5HSMYIq,Paranoid,beerbongs & bentleys,6trNtQUgC8cgbWcqoMYkOR
5VuxWXbt7XENQCtE9TzpTv,Spoil My Night (feat. Swae Lee),beerbongs & bentleys,6trNtQUgC8cgbWcqoMYkOR
2VdT56BGpdqNHUgOe1j5vc,Rich & Sad,beerbongs & bentleys,6trNtQUgC8cgbWcqoMYkOR
5lZZmityu9TAjNvSY6GLhR,Zack And Codeine,beerbongs & bentleys,6trNtQUgC8cgbWcqoMYkOR
5ffntNJnJOeFv7b7DCd0Bw,Takin' Shots,beerbongs & bentleys,6trNtQUgC8cgbWcqoMYkOR
7sWRlDoTDX8geTR8zzr2vt,Hollywood's Bleeding,Hollywood's Bleeding,4g1ZRSobMefqF6nelkgibi
05mDaV9Vb3wrzjF6OPZnhq,Saint-Tropez,Hollywood's Bleeding,4g1ZRSobMefqF6nelkgibi
0Xek5rqai2jcOWCYWJfVCF,Enemies (feat. DaBaby),Hollywood's Bleeding,4g1ZRSobMefqF6nelkgibi
1YscJ7yVTlFxW3eF6pv5ba,Allergic,Hollywood's Bleeding,4g1ZRSobMefqF6nelkgibi
2J0NXdHr6MYvKDSxB7k3V2,A Thousand Bad Times,Hollywood's Bleeding,4g1ZRSobMefqF6nelkgibi
7sBwAWyXfiIgrYQ8BaJESH,Keep The Family Close,Views,40GMAhriYJRO1rsY4YdrZb
1C7KSXR2GVxknex6I4ANco,9,Views,40GMAhriYJRO1rsY4YdrZb
03L2AoiRbWhvt7BDMx1jUB,U With Me?,Views,40GMAhriYJRO1rsY4YdrZb
3cjF2OFRmip8spwZYQRKxP,Feel No Ways,Views,40GMAhriYJRO1rsY4YdrZb
5NFYuqu8V6QXc6mzcLImd6,Hype,Views,40GMAhriYJRO1rsY4YdrZb
7BKLCZ1jbUBVqRi2FVlTVw,Closer,Closer,0rSLgV8p5FzfnqlEk4GzxE
31VOknKjFrEX47bZXzqcoF,Next To Me,Evolve,33pt9HBdGlAbRGBHQgsZsU
28heol5hhOGj6KYbJrRteJ,I Don’t Know Why,Evolve,33pt9HBdGlAbRGBHQgsZsU
6Qn5zhYkTa37e91HC1D7lb,Whatever It Takes,Evolve,33pt9HBdGlAbRGBHQgsZsU
0pqnGHJpmpxLKifKRmU6WP,Believer,Evolve,33pt9HBdGlAbRGBHQgsZsU
1y3bE5i57eUm3hfLAc7h08,Walking The Wire,Evolve,33pt9HBdGlAbRGBHQgsZsU
0TK2YIli7K1leLovkQiNik,Señorita,Señorita,2ZaX1FdZCwchXl1QZiD4O4
5HCyWlXZPP0y6Gqq8TgA20,STAY (with Justin Bieber),STAY (with Justin Bieber),4QLAtpLNUsHEYrcHXmMIZZ
7oolFzHipTMg2nL7shhdz2,Eraser,÷ (Deluxe),3T4tUhGYeRNVUGevb0wThu
6PCUP3dWmTjcTtXY02oFdT,Castle on the Hill,÷ (Deluxe),3T4tUhGYeRNVUGevb0wThu
51ChrwmUPDJvedPQnIU8Ls,Dive,÷ (Deluxe),3T4tUhGYeRNVUGevb0wThu
7qiZfU4dY1lWllzX7mPBI3,Shape of You,÷ (Deluxe),3T4tUhGYeRNVUGevb0wThu
0tgVpDi06FyKpA1z0VMD4v,Perfect,÷ (Deluxe),3T4tUhGYeRNVUGevb0wThu
0NPRq1Ti6JYKOqSyiVYWZT,Back from the Edge,Back from the Edge,7oiJYvEJHsmYtrgviAVIBD
5uCax9HTNlzGybIStD3vDh,Say You Won't Let Go,Back from the Edge,7oiJYvEJHsmYtrgviAVIBD
1wthp2KAndNsDPZxEGVNKK,Prisoner,Back from the Edge,7oiJYvEJHsmYtrgviAVIBD
0VhgEqMTNZwYL1ARDLLNCX,Can I Be Him,Back from the Edge,7oiJYvEJHsmYtrgviAVIBD
31YexNcOMVSFTEDGmQusSI,I Am,Back from the Edge,7oiJYvEJHsmYtrgviAVIBD
0rQtoQXQfwpDW0c7Fw1NeM,!!!!!!!,"WHEN WE ALL FALL ASLEEP, WHERE DO WE GO?",0S0KGZnfBGSIssfF54WSJh
2Fxmhks0bxGSBdJ92vM42m,bad guy,"WHEN WE ALL FALL ASLEEP, WHERE DO WE GO?",0S0KGZnfBGSIssfF54WSJh
4QIo4oxwzzafcBWkKjDpXY,xanny,"WHEN WE ALL FALL ASLEEP, WHERE DO WE GO?",0S0KGZnfBGSIssfF54WSJh
3XF5xLJHOQQRbWya6hBp7d,you should see me in a crown,"WHEN WE ALL FALL ASLEEP, WHERE DO WE GO?",0S0KGZnfBGSIssfF54WSJh
6IRdLKIyS4p7XNiP8r6rsx,all the good girls go to hell,"WHEN WE ALL FALL ASLEEP, WHERE DO WE GO?",0S0KGZnfBGSIssfF54WSJh
3USxtqRwSYz57Ewm6wWRMp,Heat Waves,Heat Waves,69K1zrf6TkXHdYUO8n2qVi
5TvFfDlVoUWZvfqrhTJzD7,One,x (Deluxe Edition),1xn54DMo2qIqBuMqHtUsFd
0xCA70t1ZA4fa9UOE0lIJm,I'm a Mess,x (Deluxe Edition),1xn54DMo2qIqBuMqHtUsFd
6K8qKeWo5MsFED7wCR6Kop,Sing,x (Deluxe Edition),1xn54DMo2qIqBuMqHtUsFd
1huvTbEYtgltjQRXzrNKGi,Don't,x (Deluxe Edition),1xn54DMo2qIqBuMqHtUsFd
3GKSfF6c3Rv3a1knSjxnXa,Nina,x (Deluxe Edition),1xn54DMo2qIqBuMqHtUsFd
7LoWAhcGbxSkT6trTqXQR6,Intro,Goodbye & Good Riddance,6tkjU4Umpo79wwkgPMV3nZ
4VXIryQMWpIdGgYR4TrjT1,All Girls Are The Same,Goodbye & Good Riddance,6tkjU4Umpo79wwkgPMV3nZ
285pBltuF7vW8TeWk8hdRR,Lucid Dreams,Goodbye & Good Riddance,6tkjU4Umpo79wwkgPMV3nZ
1a7WZZZH7LzyvorhpOJFTe,Wasted (feat. Lil Uzi Vert),Goodbye & Good Riddance,6tkjU4Umpo79wwkgPMV3nZ
5wujBwqG7INdStqGd4tRMX,Armed And Dangerous,Goodbye & Good Riddance,6tkjU4Umpo79wwkgPMV3nZ
6zrJLhslleCHby0wbUnvVy,Future Nostalgia,Future Nostalgia,7fJJK56U9fHixgO0HQkhtI
3PfIrDoz19wz7qK7tYeu62,Don't Start Now,Future Nostalgia,7fJJK56U9fHixgO0HQkhtI
2nMOodYNHBAQ3Kc1QNimZU,Cool,Future Nostalgia,7fJJK56U9fHixgO0HQkhtI
3AzjcOeAmA57TIOr9zF1ZW,Physical,Future Nostalgia,7fJJK56U9fHixgO0HQkhtI
39LLxExYz6ewLAcYrzQQyP,Levitating,Future Nostalgia,7fJJK56U9fHixgO0HQkhtI
2yg9UN4eo5eMVJ7OB4RWj3,Survival,Scorpion,1ATL5GLyefJaxhQzSPVrLX
0TlLq3lA83rQOYtrqBqSct,Nonstop,Scorpion,1ATL5GLyefJaxhQzSPVrLX
3szf2z1Cy1QMrtHrbn8rz9,Elevate,Scorpion,1ATL5GLyefJaxhQzSPVrLX
5Psnhdkyanjpgc2P8A5TSM,Emotionless,Scorpion,1ATL5GLyefJaxhQzSPVrLX
6DCZcSspjsKoFjzjrWoCdn,God's Plan,Scorpion,1ATL5GLyefJaxhQzSPVrLX
7MXVkk9YMctZqd1Srtv4MB,Starboy,Starboy,2ODvWsOgouMbaA5xf0RkJe
4F7A0DXBrmUAkp32uenhZt,Party Monster,Starboy,2ODvWsOgouMbaA5xf0RkJe
4oeaIftdpT3JuZLcCkKmVE,False Alarm,Starboy,2ODvWsOgouMbaA5xf0RkJe
37F0uwRSrdzkBiuj0D5UHI,Reminder,Starboy,2ODvWsOgouMbaA5xf0RkJe
36YCdzT57us0LhDmCYtrNE,Rockin’,Starboy,2ODvWsOgouMbaA5xf0RkJe
0u2P5u6lvoDfwTYjAADbn4,lovely (with Khalid),lovely (with Khalid),2sBB17RXTamvj7Ncps15AK
45S5WTQEGOB1VHr1Q4FuPl,Golden,Fine Line,7xV2TzoaVc0ycW7fwBwAml
6UelLqGlWMcVH1E5c4H7lY,Watermelon Sugar,Fine Line,7xV2TzoaVc0ycW7fwBwAml
3jjujdWJ72nww5eGnfs2E7,Adore You,Fine Line,7xV2TzoaVc0ycW7fwBwAml
4jAIqgrPjKLTY9Gbez25Qb,Lights Up,Fine Line,7xV2TzoaVc0ycW7fwBwAml
2IOFZdYYkFxEHVz1w34PoL,Cherry,Fine Line,7xV2TzoaVc0ycW7fwBwAml
5TvFfDlVoUWZvfqrhTJzD7,One,x (Deluxe Edition),1xn54DMo2qIqBuMqHtUsFd
0xCA70t1ZA4fa9UOE0lIJm,I'm a Mess,x (Deluxe Edition),1xn54DMo2qIqBuMqHtUsFd
6K8qKeWo5MsFED7wCR6Kop,Sing,x (Deluxe Edition),1xn54DMo2qIqBuMqHtUsFd
1huvTbEYtgltjQRXzrNKGi,Don't,x (Deluxe Edition),1xn54DMo2qIqBuMqHtUsFd
3GKSfF6c3Rv3a1knSjxnXa,Nina,x (Deluxe Edition),1xn54DMo2qIqBuMqHtUsFd
4J0kN8QS2esY6cWBsFjtW9,Death On Two Legs (Dedicated To...) - Remastered 2011,A Night At The Opera (2011 Remaster),1GbtB4zTqAsyfZEsm1RZfx
12TZzfqJyY3UvtZ3lq1WmY,Lazing On A Sunday Afternoon - Remastered 2011,A Night At The Opera (2011 Remaster),1GbtB4zTqAsyfZEsm1RZfx
1EID0aupOLdv4ZDQu2Jbrz,I'm In Love With My Car - Remastered 2011,A Night At The Opera (2011 Remaster),1GbtB4zTqAsyfZEsm1RZfx
4OKf7CcYuw5H2HptkcKxcP,You're My Best Friend - Remastered 2011,A Night At The Opera (2011 Remaster),1GbtB4zTqAsyfZEsm1RZfx
0kIpcu3DQacQObHVyra9Jx,'39 - Remastered 2011,A Night At The Opera (2011 Remaster),1GbtB4zTqAsyfZEsm1RZfx
0wfbD5rAksdXUzRvMfM3x5,The One,Memories...Do Not Open,4JPguzRps3kuWDD5GS6oXr
6cPyTS0Kk2sc4xQwC93kOg,Break Up Every Night,Memories...Do Not Open,4JPguzRps3kuWDD5GS6oXr
26AuyrZGzWWiYZPSd3XBIg,Bloodstream,Memories...Do Not Open,4JPguzRps3kuWDD5GS6oXr
1pJQAHpD51J7GYaFrrFO9S,Don't Say,Memories...Do Not Open,4JPguzRps3kuWDD5GS6oXr
6RUKPb4LETWmmr3iAEQktW,Something Just Like This,Memories...Do Not Open,4JPguzRps3kuWDD5GS6oXr
69iiDrtnLNPWviEvaaRuvC,Intro,A Star Is Born Soundtrack,4sLtOBOzn4s3GDUv3c5oJD
4HUqrGAZ5f0gHRor7z9BFc,Black Eyes,A Star Is Born Soundtrack,4sLtOBOzn4s3GDUv3c5oJD
4fIdH1l3SS0qdYRJiHwUnO,Somewhere Over The Rainbow - Dialogue,A Star Is Born Soundtrack,4sLtOBOzn4s3GDUv3c5oJD
4ta4r7V0QkZ15H4uyFCKGs,Fabulous French - Dialogue,A Star Is Born Soundtrack,4sLtOBOzn4s3GDUv3c5oJD
3WKnfkgwrARwElktHSU5Ik,La Vie En Rose,A Star Is Born Soundtrack,4sLtOBOzn4s3GDUv3c5oJD
2aOPvzjpMwikBgngKcxsA9,Introduction (instructions),?,2Ti79nwTsont5ZHfdxIzAm
2oe6dDthgthqUkfL3czpEd,"ALONE, PART 3",?,2Ti79nwTsont5ZHfdxIzAm
0JP9xo3adEtGSdUEISiszL,Moonlight,?,2Ti79nwTsont5ZHfdxIzAm
3ee8Jmje8o58CHK66QrVC2,SAD!,?,2Ti79nwTsont5ZHfdxIzAm
4UKCKdYiLN6IMA5ZESUTL7,the remedy for a broken heart (why am I so in love),?,2Ti79nwTsont5ZHfdxIzAm
2SnNaoNhMjC1WRMTWD8qTX,Mark My Words,Purpose (Deluxe),6Fr2rQkZ383FcMqFyT7yPr
0SNIAtRCPVVLoGEPcuHSIc,I'll Show You,Purpose (Deluxe),6Fr2rQkZ383FcMqFyT7yPr
4B0JvthVoAAuygILe3n4Bs,What Do You Mean?,Purpose (Deluxe),6Fr2rQkZ383FcMqFyT7yPr
09CtPGIpYB4BrO8qb1RGsF,Sorry,Purpose (Deluxe),6Fr2rQkZ383FcMqFyT7yPr
50kpGaPAhYJ3sGmk6vplg0,Love Yourself,Purpose (Deluxe),6Fr2rQkZ383FcMqFyT7yPr
7sWRlDoTDX8geTR8zzr2vt,Hollywood's Bleeding,Hollywood's Bleeding,4g1ZRSobMefqF6nelkgibi
05mDaV9Vb3wrzjF6OPZnhq,Saint-Tropez,Hollywood's Bleeding,4g1ZRSobMefqF6nelkgibi
0Xek5rqai2jcOWCYWJfVCF,Enemies (feat. DaBaby),Hollywood's Bleeding,4g1ZRSobMefqF6nelkgibi
1YscJ7yVTlFxW3eF6pv5ba,Allergic,Hollywood's Bleeding,4g1ZRSobMefqF6nelkgibi
2J0NXdHr6MYvKDSxB7k3V2,A Thousand Bad Times,Hollywood's Bleeding,4g1ZRSobMefqF6nelkgibi
1DM0p3WrhjLh6sddmLK0c9,Love In The Future (Intro),Love In The Future (Expanded Edition),4OTAx9un4e6NfoHuVRiOrC
6KLgKZwCJp8GWo35KEOF3S,The Beginning...,Love In The Future (Expanded Edition),4OTAx9un4e6NfoHuVRiOrC
03YrTPLMgGXQOlKTTBwgiO,Open Your Eyes,Love In The Future (Expanded Edition),4OTAx9un4e6NfoHuVRiOrC
1G2Ya2ubnlS7xFfs1CfY3j,Made to Love,Love In The Future (Expanded Edition),4OTAx9un4e6NfoHuVRiOrC
2scd9lw4ljzDwMfG3WW4gD,Who Do We Think We Are (feat. Rick Ross),Love In The Future (Expanded Edition),4OTAx9un4e6NfoHuVRiOrC
1CS7Sd1u5tWkstBhpssyjP,Take Me to Church,Hozier,0Uv83rRhY5QvHKkQoULRKk
6JmSfynzr6E0QllQZNEXEb,Angel of Small Death and the Codeine Scene,Hozier,0Uv83rRhY5QvHKkQoULRKk
4JpazKcfOhbwqZrsYhzHee,Jackie and Wilson,Hozier,0Uv83rRhY5QvHKkQoULRKk
2DNXgvkyv35vTWvdgjs7qn,Someone New,Hozier,0Uv83rRhY5QvHKkQoULRKk
1XJQ7xI6jzcZybuHemxsPP,To Be Alone,Hozier,0Uv83rRhY5QvHKkQoULRKk
31VOknKjFrEX47bZXzqcoF,Next To Me,Evolve,33pt9HBdGlAbRGBHQgsZsU
28heol5hhOGj6KYbJrRteJ,I Don’t Know Why,Evolve,33pt9HBdGlAbRGBHQgsZsU
6Qn5zhYkTa37e91HC1D7lb,Whatever It Takes,Evolve,33pt9HBdGlAbRGBHQgsZsU
0pqnGHJpmpxLKifKRmU6WP,Believer,Evolve,33pt9HBdGlAbRGBHQgsZsU
1y3bE5i57eUm3hfLAc7h08,Walking The Wire,Evolve,33pt9HBdGlAbRGBHQgsZsU
39LmTF9RgyakzSYX8txrow,imagine,"thank u, next",2fYhqwDWXjbpjaIJPEfKFw
1TEL6MlSSVLSdhOSddidlJ,needy,"thank u, next",2fYhqwDWXjbpjaIJPEfKFw
4uTvPEr01pjTbZgl7jcKBD,NASA,"thank u, next",2fYhqwDWXjbpjaIJPEfKFw
2hloaUoRonYssMuqLCBLTX,bloodline,"thank u, next",2fYhqwDWXjbpjaIJPEfKFw
3wFLWP0FcIqHK1wb1CPthQ,fake smile,"thank u, next",2fYhqwDWXjbpjaIJPEfKFw
6mAuw7R6u4vlNneuBgnC8K,How,I Love You.,4xkM0BwLM9H2IUcbYzpcBI
7brQHA2CgQpcMBiOlfiXYb,Afraid,I Love You.,4xkM0BwLM9H2IUcbYzpcBI
0yyyapBjZ9Ek1vcpp3e9bj,Everybody's Watching Me (Uh Oh),I Love You.,4xkM0BwLM9H2IUcbYzpcBI
2QjOHCTQ1Jl3zawyYOpxh6,Sweater Weather,I Love You.,4xkM0BwLM9H2IUcbYzpcBI
6cWpj6c5pNZYEk5KYjNBji,Let It Go,I Love You.,4xkM0BwLM9H2IUcbYzpcBI
33zbOXJSwW7uf4VXXWow2O,the ends,Birds In The Trap Sing McKnight,42WVQWuf1teDysXiOupIZt
2Zy7XVdxyZQB8xp5xbpJdl,way back,Birds In The Trap Sing McKnight,42WVQWuf1teDysXiOupIZt
7pas6O1LYbaeChEFQBhPFU,coordinate,Birds In The Trap Sing McKnight,42WVQWuf1teDysXiOupIZt
1Ci4wASMY4xtKVMeHA6Sd5,through the late night,Birds In The Trap Sing McKnight,42WVQWuf1teDysXiOupIZt
0ESJlaM8CE1jRWaNtwSNj8,beibs in the trap,Birds In The Trap Sing McKnight,42WVQWuf1teDysXiOupIZt
0VJYhKhrHgJ7fgjGaC2k07,The Explanation,17,5VdyJkLe3yvOs0l4xXbWp0
7m9OqQk4RVRkw9JJdeAw96,Jocelyn Flores,17,5VdyJkLe3yvOs0l4xXbWp0
2H3wWrnO758y0fPH7Ilerg,Depression & Obsession,17,5VdyJkLe3yvOs0l4xXbWp0
3GVkPk8mqxz0itaAriG1L7,Everybody Dies In Their Nightmares,17,5VdyJkLe3yvOs0l4xXbWp0
5TXDeTFVRVY7Cvt0Dw4vWW,Revenge,17,5VdyJkLe3yvOs0l4xXbWp0
4eWQlBRaTjPPUlzacqEeoQ,Never Be the Same,Camila,2vD3zSQr8hNlg0obNel4TE
4XLu3tTSZiPFVC9mmuR6Zp,All These Years,Camila,2vD3zSQr8hNlg0obNel4TE
5HwnezK198pJCEj1l2Adjy,She Loves Control,Camila,2vD3zSQr8hNlg0obNel4TE
1rfofaqEpACxVEHIZBJe6W,Havana (feat. Young Thug),Camila,2vD3zSQr8hNlg0obNel4TE
5xi2SXmF3A5AIsuGXiUIZu,Inside Out,Camila,2vD3zSQr8hNlg0obNel4TE
65kp3OFn7JXbCvkm3m2Ui2,Two®,Luv Is Rage 2,733e1ZfktLSwj96X5rsMeE
1QgTBfRN5m81a5K01qens6,444+222,Luv Is Rage 2,733e1ZfktLSwj96X5rsMeE
1uL78kFWxhz3umTMWJu8n5,Sauce It Up,Luv Is Rage 2,733e1ZfktLSwj96X5rsMeE
0QV16pno66L6K3fn4W13b7,No Sleep Leak,Luv Is Rage 2,733e1ZfktLSwj96X5rsMeE
2eAZfqOm4EnOF9VvN50Tyc,The Way Life Goes (feat. Oh Wonder),Luv Is Rage 2,733e1ZfktLSwj96X5rsMeE
7i9763l5SSfOnqZ35VOcfy,Heavydirtysoul,Blurryface,3cQO7jp5S9qLBoIVtbkSM1
3CRDbSIZ4r5MsZ0YwxuEkn,Stressed Out,Blurryface,3cQO7jp5S9qLBoIVtbkSM1
2Z8WuEywRWYTKe1NybPQEW,Ride,Blurryface,3cQO7jp5S9qLBoIVtbkSM1
1s9xuJxhYM0LdVqksjegcg,Fairly Local,Blurryface,3cQO7jp5S9qLBoIVtbkSM1
3bnVBN67NBEzedqQuWrpP4,Tear in My Heart,Blurryface,3cQO7jp5S9qLBoIVtbkSM1
4P76CEIXrrWT2cgS1YrTMr,Genesis,Dua Lipa (Deluxe),01sfgrNbnnPUEyz6GZYlt9
2OWKDTonST8HNko3dBlPPp,Lost In Your Light (feat. Miguel),Dua Lipa (Deluxe),01sfgrNbnnPUEyz6GZYlt9
5eTNdkstwKaNahHf41fJ9u,Hotter Than Hell,Dua Lipa (Deluxe),01sfgrNbnnPUEyz6GZYlt9
7FCfMXYTIiQ9b4hDYs4Iol,Be the One,Dua Lipa (Deluxe),01sfgrNbnnPUEyz6GZYlt9
76cy1WJvNGJTj78UqeA5zr,IDGAF,Dua Lipa (Deluxe),01sfgrNbnnPUEyz6GZYlt9
7BqHUALzNBTanL6OvsqmC1,Happier,Happier,78EicdHZr5XBWD7llEZ1Jh
1n4jwRVXdkK2U34nBDUKKT,BLOOD.,DAMN.,4eLPsYPBmXABThSJ821sqY
6HZILIRieu8S0iqY8kIKhj,DNA.,DAMN.,4eLPsYPBmXABThSJ821sqY
4BHSjbYylfOH5WAGusDyni,YAH.,DAMN.,4eLPsYPBmXABThSJ821sqY
1EaKU4dMbesXXd3BrLCtYG,ELEMENT.,DAMN.,4eLPsYPBmXABThSJ821sqY
2LTlO3NuNVN70lp2ZbVswF,FEEL.,DAMN.,4eLPsYPBmXABThSJ821sqY
7wBJfHzpfI3032CSD7CE2m,STARGAZING,ASTROWORLD,41GuZcammIkupMPKH2OJ6I
7KZ5MMVgBVox9ycroB2UrI,CAROUSEL,ASTROWORLD,41GuZcammIkupMPKH2OJ6I
2xLMifQCjDGFmkHkpNLD9h,SICKO MODE,ASTROWORLD,41GuZcammIkupMPKH2OJ6I
4SZepBIPDRwPaHIjAKwRDb,R.I.P. SCREW,ASTROWORLD,41GuZcammIkupMPKH2OJ6I
1xYpVRspgaLxdJLOTQkTjg,STOP TRYING TO BE GOD,ASTROWORLD,41GuZcammIkupMPKH2OJ6I
2tpWsVSb9UEmDRxAl1zhX1,Counting Stars,Native,20lOt6G8MHv8ZO7ViOmiP7
5xS9R5yNeVsB9shSR60eX3,If I Lose Myself,Native,20lOt6G8MHv8ZO7ViOmiP7
1nE1VjP943pIuFdNWcLgYM,Feel Again,Native,20lOt6G8MHv8ZO7ViOmiP7
0ILXYaWxMQVEXnKq2eTmjW,What You Wanted,Native,20lOt6G8MHv8ZO7ViOmiP7
3IQF4xCQUPicbA4hWfTxPo,I Lived,Native,20lOt6G8MHv8ZO7ViOmiP7
4Ry1k3dG0gXTnJ7MRBgZ4n,Things That Stop You Dreaming,All The Little Lights,2mylGx7w2Q3yhUyN8iEWOF
1KxwZYyzWNyZSRyErj2ojT,Let Her Go,All The Little Lights,2mylGx7w2Q3yhUyN8iEWOF
0VcdgrMOVRozDwCsBw86Cb,Staring At The Stars,All The Little Lights,2mylGx7w2Q3yhUyN8iEWOF
1WLvHbIiY91oEzXxUBWPnW,All The Little Lights,All The Little Lights,2mylGx7w2Q3yhUyN8iEWOF
2ir7ESj8NjGTyoM4d3UEc1,The Wrong Direction,All The Little Lights,2mylGx7w2Q3yhUyN8iEWOF
0nrRP2bk19rLc0orkWPQk2,Wake Me Up,True,1s9tU91VJt4sU5owi29GD3
52RK8UVEDgUAgpecOpTQM3,You Make Me,True,1s9tU91VJt4sU5owi29GD3
4lhqb6JvbHId48OUJGwymk,Hey Brother,True,1s9tU91VJt4sU5owi29GD3
4eDYMhIin1pSLIG96f1aD0,Addicted To You,True,1s9tU91VJt4sU5owi29GD3
4yTeQK2XThWYeEW8D72XmU,Dear Boy,True,1s9tU91VJt4sU5owi29GD3
7JXxssBpAnroZOMR4vpOuc,Winds of Change,Dream Your Life Away,6rIbiUMmZJfqJRnXhVxFvg
29jtZGdgpE2lWm2mkIt6HS,Mess Is Mine,Dream Your Life Away,6rIbiUMmZJfqJRnXhVxFvg
4hjJBjxN6IT0sDyTGlo5tA,Wasted Time,Dream Your Life Away,6rIbiUMmZJfqJRnXhVxFvg
3JvrhDOgAt6p7K8mDyZwRd,Riptide,Dream Your Life Away,6rIbiUMmZJfqJRnXhVxFvg
55pbyBpxfZXq3vijkpu086,Who Am I,Dream Your Life Away,6rIbiUMmZJfqJRnXhVxFvg
2SnNaoNhMjC1WRMTWD8qTX,Mark My Words,Purpose (Deluxe),6Fr2rQkZ383FcMqFyT7yPr
0SNIAtRCPVVLoGEPcuHSIc,I'll Show You,Purpose (Deluxe),6Fr2rQkZ383FcMqFyT7yPr
4B0JvthVoAAuygILe3n4Bs,What Do You Mean?,Purpose (Deluxe),6Fr2rQkZ383FcMqFyT7yPr
09CtPGIpYB4BrO8qb1RGsF,Sorry,Purpose (Deluxe),6Fr2rQkZ383FcMqFyT7yPr
50kpGaPAhYJ3sGmk6vplg0,Love Yourself,Purpose (Deluxe),6Fr2rQkZ383FcMqFyT7yPr
03j354P848KtNU2FVSwkDG,Real Life,Beauty Behind The Madness,0P3oVJBFOv3TDXlYRhGL7s
1bAvtmTl0F9loyz9AwPwp7,Losers,Beauty Behind The Madness,0P3oVJBFOv3TDXlYRhGL7s
1mhVXWduD8ReDwusfaHNwU,Tell Your Friends,Beauty Behind The Madness,0P3oVJBFOv3TDXlYRhGL7s
4PhsKqMdgMEUSstTDAmMpg,Often,Beauty Behind The Madness,0P3oVJBFOv3TDXlYRhGL7s
7fBv7CLKzipRk6EC6TWHOB,The Hills,Beauty Behind The Madness,0P3oVJBFOv3TDXlYRhGL7s
1DlW1PeiL0QsA13dTCSQG7,Be Together,Peace Is The Mission : Extended,2U0b5MfkMUgzdvRUI69mya
2brlJDvGkO57WiBe2te5eO,Too Original,Peace Is The Mission : Extended,2U0b5MfkMUgzdvRUI69mya
0t7HKmZDWnOIRDVT9hqyuQ,Blaze Up The Fire,Peace Is The Mission : Extended,2U0b5MfkMUgzdvRUI69mya
01aTsQoKoeXofSTvKuunzv,Lean On,Peace Is The Mission : Extended,2U0b5MfkMUgzdvRUI69mya
3Q6T5Xwf39j9HTQwUZERMT,Powerful (feat. Ellie Goulding & Tarrus Riley),Peace Is The Mission : Extended,2U0b5MfkMUgzdvRUI69mya
21yo11TFsfpDtuYyCbqhZS,Intro (A86),Encore,02sEJTj1sye1JaqxqpcSCp
0g5EKLgdKvNlln7TNqBByK,Middle,Encore,02sEJTj1sye1JaqxqpcSCp
5GokpIAufFJxKqkJgRtdKD,Sahara,Encore,02sEJTj1sye1JaqxqpcSCp
6NsxPxFzZ18TKBcTgxX3dh,Sober,Encore,02sEJTj1sye1JaqxqpcSCp
6GTxdh4FiA8XyCLFK1vvgG,Pigalle,Encore,02sEJTj1sye1JaqxqpcSCp
0zLCBJZSiELJf02ucPP9wb,Roses - Imanbek Remix,Roses (Imanbek Remix),3GqSdhWjmMypMwPLtzoFYs
0dlxqODS4xOn7pwjKXZZuc,Ten Thousand Hours,The Heist,76FXHQhTuT4QMIxfL09gX8
3bidbhpOYeV4knp8AIu8Xn,Can't Hold Us (feat. Ray Dalton),The Heist,76FXHQhTuT4QMIxfL09gX8
37rKwjBHaZurlyPYy3Nqvz,Thrift Shop (feat. Wanz),The Heist,76FXHQhTuT4QMIxfL09gX8
7kugTkQLsvtjM7esCEI8Ee,Thin Line (feat. Buffalo Madonna),The Heist,76FXHQhTuT4QMIxfL09gX8
01uqI4H13Gsd8Lyl1EYd8H,Same Love (feat. Mary Lambert),The Heist,76FXHQhTuT4QMIxfL09gX8
6SRsiMl7w1USE4mFqrOhHC,brutal,SOUR,6s84u2TUpR3wdUv4NgKA2j
5CZ40GBx1sQ9agT82CLQCT,traitor,SOUR,6s84u2TUpR3wdUv4NgKA2j
5wANPM4fQCJwkGd4rN57mH,drivers license,SOUR,6s84u2TUpR3wdUv4NgKA2j
4wcBRRpIfesgcyUtis7PEg,"1 step forward, 3 steps back",SOUR,6s84u2TUpR3wdUv4NgKA2j
6HU7h9RYOaPRFeh0R3UeAr,deja vu,SOUR,6s84u2TUpR3wdUv4NgKA2j
3fpVWegR6YOS1Yk5HSMYIq,Paranoid,beerbongs & bentleys,6trNtQUgC8cgbWcqoMYkOR
5VuxWXbt7XENQCtE9TzpTv,Spoil My Night (feat. Swae Lee),beerbongs & bentleys,6trNtQUgC8cgbWcqoMYkOR
2VdT56BGpdqNHUgOe1j5vc,Rich & Sad,beerbongs & bentleys,6trNtQUgC8cgbWcqoMYkOR
5lZZmityu9TAjNvSY6GLhR,Zack And Codeine,beerbongs & bentleys,6trNtQUgC8cgbWcqoMYkOR
5ffntNJnJOeFv7b7DCd0Bw,Takin' Shots,beerbongs & bentleys,6trNtQUgC8cgbWcqoMYkOR
5BoOzegGrg5XFRR8UBDtkF,Broken Whiskey Glass,Stoney (Deluxe),5s0rmjP8XOPhP6HhqOhuyC
02opp1cycqiFNDpLd2o1J3,Big Lie,Stoney (Deluxe),5s0rmjP8XOPhP6HhqOhuyC
0H8XeaJunhvpBdBFIYi6Sh,Deja Vu,Stoney (Deluxe),5s0rmjP8XOPhP6HhqOhuyC
6M0IsaUX4GNyto4niSegfI,No Option,Stoney (Deluxe),5s0rmjP8XOPhP6HhqOhuyC
1QWmKmqhv5zcsS3v45FNl0,Cold,Stoney (Deluxe),5s0rmjP8XOPhP6HhqOhuyC
7dcmZskqXONZuIuqGRLJ1C,Intro,Different World,3nzuGtN3nXARvvecier4K0
0lG6QM1jjbbX5UUn3DPmrZ,Lost Control,Different World,3nzuGtN3nXARvvecier4K0
7kVDkZkZc8qBUBsF6klUoY,I Don't Wanna Go,Different World,3nzuGtN3nXARvvecier4K0
0lks2Kt9veMOFEAPN0fsqN,Lily,Different World,3nzuGtN3nXARvvecier4K0
6HMT7AzGA5wmn5m2t1BuZR,Lonely (feat. ISÁK & Omar Noir),Different World,3nzuGtN3nXARvvecier4K0
7ef4DlsgrMEH11cDZd32M6,One Kiss (with Dua Lipa),One Kiss (with Dua Lipa),7GEzhoTiqcPYkOprWQu581
3bBknFVxhFjBIFX91HcneQ,There's Nothing Holdin' Me Back,Illuminate,1ne2D0NxoGyZd31gAM4HNd
6rKr29yPKnQNhOxXMYvE9Y,Ruin,Illuminate,1ne2D0NxoGyZd31gAM4HNd
6EKvI1Beyh29HJoLJOdfw2,Mercy,Illuminate,1ne2D0NxoGyZd31gAM4HNd
3QGsuHI8jO1Rx4JWLUh9jd,Treat You Better,Illuminate,1ne2D0NxoGyZd31gAM4HNd
1vfLwrJnjFAVo9wE78zKYs,Three Empty Words,Illuminate,1ne2D0NxoGyZd31gAM4HNd
6SRsiMl7w1USE4mFqrOhHC,brutal,SOUR,6s84u2TUpR3wdUv4NgKA2j
5CZ40GBx1sQ9agT82CLQCT,traitor,SOUR,6s84u2TUpR3wdUv4NgKA2j
5wANPM4fQCJwkGd4rN57mH,drivers license,SOUR,6s84u2TUpR3wdUv4NgKA2j
4wcBRRpIfesgcyUtis7PEg,"1 step forward, 3 steps back",SOUR,6s84u2TUpR3wdUv4NgKA2j
6HU7h9RYOaPRFeh0R3UeAr,deja vu,SOUR,6s84u2TUpR3wdUv4NgKA2j
5XX9oGZfgKMXdHnEp4t2JB,Money On My Mind,In The Lonely Hour,08jWgM4vSkTose4blKBWov
6zHecELSAUYPCmYY8qHuOy,Good Thing,In The Lonely Hour,08jWgM4vSkTose4blKBWov
5Nm9ERjJZ5oyfXZTECKmRt,Stay With Me,In The Lonely Hour,08jWgM4vSkTose4blKBWov
3b5LW3nS3WFQyS1e8ajGJN,Leave Your Lover,In The Lonely Hour,08jWgM4vSkTose4blKBWov
7795WJLVKJoAyVoOtCWqXN,I'm Not The Only One,In The Lonely Hour,08jWgM4vSkTose4blKBWov
1i1fxkWeaMmKEB4T7zqbzK,Don't Let Me Down,Don't Let Me Down,2SByipSK8eZ2pasaIwwzhf
5p7ujcrUXASCNwRaWNHR1C,Without Me,Without Me,0zzrCTzvL4ZmR42xF46Afm
5Aa7RD4Pdp14vII8SVsrSS,"At Night, Alone.","At Night, Alone.",6Phl1V5P0sPrWJytXHGFeO
7zzoxJbgjme3366mOp5UnH,I Took A Pill In Ibiza,"At Night, Alone.",6Phl1V5P0sPrWJytXHGFeO
5PW6M2W3QfmPY9F5eMLR0C,Not That Simple,"At Night, Alone.",6Phl1V5P0sPrWJytXHGFeO
1h4oQvTG0wZcW1afwjMHjV,Be As You Are,"At Night, Alone.",6Phl1V5P0sPrWJytXHGFeO
4OubRAjuXv4J6A3nymzSN1,In The Arms Of A Stranger,"At Night, Alone.",6Phl1V5P0sPrWJytXHGFeO
4Dvkj6JhhA12EX05fT7y2e,As It Was,As It Was,2pqdSWeJVsXAhHFuVLzuA8
41RffU6OSMWONC8uTjyude,Uptown's First Finale (feat. Stevie Wonder & Andrew Wyatt),Uptown Special,3vLaOYCNCzngDf8QdBg2V1
3hoh1AoKwuC3VZ8CYj6YA9,Summer Breaking (feat. Kevin Parker),Uptown Special,3vLaOYCNCzngDf8QdBg2V1
2ENBaEOC0Jgi2au9Jt7y7d,Feel Right (feat. Mystikal),Uptown Special,3vLaOYCNCzngDf8QdBg2V1
32OlwWuMpZ6b0aN2RZOeMS,Uptown Funk (feat. Bruno Mars),Uptown Special,3vLaOYCNCzngDf8QdBg2V1
2VNSUMHI1R3B6wVV8P7ZlG,I Can't Lose (feat. Keyone Starr),Uptown Special,3vLaOYCNCzngDf8QdBg2V1
3HVWdVOQ0ZA45FuZGSfvns,I Don't Care (with Justin Bieber),I Don't Care (with Justin Bieber),5Nux7ozBJ5KJ02QYWwrneR
4cktbXiXOapiLBMprHFErI,Memories,Memories,3nR9B40hYLKLcR0Eph3Goc
39LmTF9RgyakzSYX8txrow,imagine,"thank u, next",2fYhqwDWXjbpjaIJPEfKFw
1TEL6MlSSVLSdhOSddidlJ,needy,"thank u, next",2fYhqwDWXjbpjaIJPEfKFw
4uTvPEr01pjTbZgl7jcKBD,NASA,"thank u, next",2fYhqwDWXjbpjaIJPEfKFw
2hloaUoRonYssMuqLCBLTX,bloodline,"thank u, next",2fYhqwDWXjbpjaIJPEfKFw
3wFLWP0FcIqHK1wb1CPthQ,fake smile,"thank u, next",2fYhqwDWXjbpjaIJPEfKFw
1mXVgsBdtIVeCLJnSnmtdV,Too Good At Goodbyes,The Thrill Of It All (Special Edition),3TJz2UBNYJtlEly0sPeNrQ
4K1vOdIFqskQv3zoI0FdAk,Say It First,The Thrill Of It All (Special Edition),3TJz2UBNYJtlEly0sPeNrQ
01uk7IzZyFNfQTDBXxx6NB,One Last Song,The Thrill Of It All (Special Edition),3TJz2UBNYJtlEly0sPeNrQ
1A85fOmviQuGgkF6Lww6Nd,Midnight Train,The Thrill Of It All (Special Edition),3TJz2UBNYJtlEly0sPeNrQ
2mb6YdoavL6db22p7XKJQZ,Burning,The Thrill Of It All (Special Edition),3TJz2UBNYJtlEly0sPeNrQ
60eVCXFCuw1WYswBuNZc4H,Jenny Was A Friend Of Mine,Hot Fuss,1ujPmNlTMp41h4EG6OOBGR
003vvx7Niy0yvhvHt4a68B,Mr. Brightside,Hot Fuss,1ujPmNlTMp41h4EG6OOBGR
3KANrKOFYyAxfjQJHkgBdb,Smile Like You Mean It,Hot Fuss,1ujPmNlTMp41h4EG6OOBGR
6PwjJ58I4t7Mae9xfZ9l9v,Somebody Told Me,Hot Fuss,1ujPmNlTMp41h4EG6OOBGR
5vollujufHY0jMZxx77VWr,All These Things That I've Done,Hot Fuss,1ujPmNlTMp41h4EG6OOBGR
27NovPIUIRrOZoCHxABJwK,INDUSTRY BABY (feat. Jack Harlow),INDUSTRY BABY (feat. Jack Harlow),622NFw5Yk0OReMJ2XWcXUh
4G8gkOterJn0Ywt6uhqbhp,Radioactive,Night Visions,6nxDQi0FeEwccEPJeNySoS
3dw0A0cbqT6Oy2V8KfGwIT,Tiptoe,Night Visions,6nxDQi0FeEwccEPJeNySoS
6BtmXhTJMM9sBTHeYYASGz,It's Time,Night Visions,6nxDQi0FeEwccEPJeNySoS
3LlAyCYU26dvFZBDUIMb7a,Demons,Night Visions,6nxDQi0FeEwccEPJeNySoS
6KuHjfXHkfnIjdmcIvt9r0,On Top Of The World,Night Visions,6nxDQi0FeEwccEPJeNySoS
757lWi81eSRf0wYT42eu5e,ShadyXV,SHADYXV,3CjuTytLZz3G9znXt2rJgU
41waH7ObCldjMZ90i6HY3A,Psychopath Killer,SHADYXV,3CjuTytLZz3G9znXt2rJgU
2gsWiAyssTMQS31PJ2Ih1K,Die Alone,SHADYXV,3CjuTytLZz3G9znXt2rJgU
0IG21pqbOajmplCfaWNJua,Vegas,SHADYXV,3CjuTytLZz3G9znXt2rJgU
7l3sjaDdNLDZ8paYkwgIot,Y'all Ready Know,SHADYXV,3CjuTytLZz3G9znXt2rJgU
0mtdxzBRDbueLFpiwpbHKO,Sola,VIDA,5C0YLr4OoRGFDaqdMQmkeH
4v4pC1y5UI5oHdcluJIJs8,Apaga La Luz,VIDA,5C0YLr4OoRGFDaqdMQmkeH
0oBLtIumLel0ODRz09MIbV,Le Pido Al Cielo,VIDA,5C0YLr4OoRGFDaqdMQmkeH
4cuGZb0iFyHtwaSKdKrJkF,Imposible,VIDA,5C0YLr4OoRGFDaqdMQmkeH
1s2VGd7q3D3UA3vuaHI7rw,Poco A Poco,VIDA,5C0YLr4OoRGFDaqdMQmkeH
38mQZ5tZ6IylQaJCCF90ox,The Top,El Dorado,270o30h7cAlEhBnbuSpFZq
3JVTsvTldB6arHVlmxmTnM,Company (feat. Future),El Dorado,270o30h7cAlEhBnbuSpFZq
5x4zsks09ZXriL8IFUExJe,Love Or Lust,El Dorado,270o30h7cAlEhBnbuSpFZq
3DwtzjXAKk8zS3tbdJHOsK,Outta Pocket,El Dorado,270o30h7cAlEhBnbuSpFZq
6MGRweoLPBAaPcXTMpMWsA,Coco (feat. DaBaby),El Dorado,270o30h7cAlEhBnbuSpFZq
3mC8VlVBwdVxCTq4cYZr64,Future Nostalgia,Future Nostalgia,5lKlFlReHOLShQKyRv6AL9
1AVtceapuF36oZqI9gzp0o,Don't Start Now,Future Nostalgia,5lKlFlReHOLShQKyRv6AL9
4GE0As8SVSjCMVYkRaaWwJ,Cool,Future Nostalgia,5lKlFlReHOLShQKyRv6AL9
7toYVidBIpAmM8Ife3LGrP,Physical,Future Nostalgia,5lKlFlReHOLShQKyRv6AL9
1dI77VhaLcQSgQLSnIs03D,Levitating,Future Nostalgia,5lKlFlReHOLShQKyRv6AL9
67BtfxlNbhBmCDR2L2l8qd,MONTERO (Call Me By Your Name),MONTERO (Call Me By Your Name),2Hjcfw8zHN4dJDZJGOzLd6
7JvmJDDMZMvWaWARsWK9Da,MONTERO (Call Me By Your Name) - SATAN'S EXTENDED VERSION,MONTERO (Call Me By Your Name),2Hjcfw8zHN4dJDZJGOzLd6
5E7yANAV3VdP9phPEHoSw1,MONTERO (Call Me By Your Name) - But Lil Nas X Is Silent The Entire Time,MONTERO (Call Me By Your Name),2Hjcfw8zHN4dJDZJGOzLd6
0lI3C7jXLDY88pQPRjUCLR,Whiskey Eyes,Jungle Rules,4c2p3TdN7NcQfCXyueCNnC
3B54sVLJ402zGa6Xm4YGNe,Unforgettable,Jungle Rules,4c2p3TdN7NcQfCXyueCNnC
5paFScPOaRDDlQu6gzHzeL,Trippin,Jungle Rules,4c2p3TdN7NcQfCXyueCNnC
1vVNlXi8gf8tZ7OhnEs4VE,A Lie,Jungle Rules,4c2p3TdN7NcQfCXyueCNnC
58wSQNRC9QE70EkDF2BEtm,Jump,Jungle Rules,4c2p3TdN7NcQfCXyueCNnC
47EiUVwUp4C9fGccaPuUCS,DÁKITI,DÁKITI,43dl8hP5uNN9s6YeeJA5fv
2aOPvzjpMwikBgngKcxsA9,Introduction (instructions),?,2Ti79nwTsont5ZHfdxIzAm
2oe6dDthgthqUkfL3czpEd,"ALONE, PART 3",?,2Ti79nwTsont5ZHfdxIzAm
0JP9xo3adEtGSdUEISiszL,Moonlight,?,2Ti79nwTsont5ZHfdxIzAm
3ee8Jmje8o58CHK66QrVC2,SAD!,?,2Ti79nwTsont5ZHfdxIzAm
4UKCKdYiLN6IMA5ZESUTL7,the remedy for a broken heart (why am I so in love),?,2Ti79nwTsont5ZHfdxIzAm
7AOtINPzQ4N4JVXk7ygZZz,Intro,Please Excuse Me for Being Antisocial,52u4anZbHd6UInnmHRFzba
0nbXyq5TXYPCO7pr3N8S4I,The Box,Please Excuse Me for Being Antisocial,52u4anZbHd6UInnmHRFzba
7A20WnLkjtZU2d7hIB6Ziu,Start Wit Me (feat. Gunna),Please Excuse Me for Being Antisocial,52u4anZbHd6UInnmHRFzba
6kiIVIbmwEw6JvIZc7UG0E,Perfect Time,Please Excuse Me for Being Antisocial,52u4anZbHd6UInnmHRFzba
33NoCir8q4WA4HNmyrD3fu,Moonwalkin (feat. Lil Durk),Please Excuse Me for Being Antisocial,52u4anZbHd6UInnmHRFzba
5FVbvttjEvQ8r2BgUcJgNg,Life Goes On,BE,2qehskW9lYGWfYb0xPZkrS
1NHl9g36Ebu3g16y0vtUNV,Fly To My Room,BE,2qehskW9lYGWfYb0xPZkrS
7Ki0hse0IfXEcXUlpyECbJ,Blue & Grey,BE,2qehskW9lYGWfYb0xPZkrS
16SFlxZd0oH4YA7KvCQlsG,Skit,BE,2qehskW9lYGWfYb0xPZkrS
6Fnvi5QnVkTskSzeRvvQds,Telepathy,BE,2qehskW9lYGWfYb0xPZkrS
4bQHPFjRT6O1KdMCd4cD9u,Rock 'n' Roll Star - Remastered,Stop the Clocks,6lcZGrrlTM7c276ZTWh9Sx
1xxPQaR29dAf3yxaafByeD,Some Might Say - Remastered,Stop the Clocks,6lcZGrrlTM7c276ZTWh9Sx
2LNV0347QKt4AHxRSfCBij,Talk Tonight - Remastered,Stop the Clocks,6lcZGrrlTM7c276ZTWh9Sx
1XYLtiNehOF8D5NmlQknpI,Lyla,Stop the Clocks,6lcZGrrlTM7c276ZTWh9Sx
2RUfZnDBLgXeO2A1XOj0ss,The Importance Of Being Idle,Stop the Clocks,6lcZGrrlTM7c276ZTWh9Sx
6b8Be6ljOzmkOmFslEb23P,24K Magic,24K Magic,4PgleR09JVnm3zY1fW3XBA
0mBKv9DkYfQHjdMcw2jdyI,Chunky,24K Magic,4PgleR09JVnm3zY1fW3XBA
1I6pKIyaBp4OebTGLJpCCC,Perm,24K Magic,4PgleR09JVnm3zY1fW3XBA
0KKkJNfGyhkQ5aFogxQAPU,That's What I Like,24K Magic,4PgleR09JVnm3zY1fW3XBA
0kN8xEmgMW9mh7UmDYHlJP,Versace on the Floor,24K Magic,4PgleR09JVnm3zY1fW3XBA
5FVd6KXrgO9B3JPmC8OPst,Do I Wanna Know?,AM,78bpIziExqiI9qztvNFlQu
2AT8iROs4FQueDv2c8q2KE,R U Mine?,AM,78bpIziExqiI9qztvNFlQu
6wNUBZNWFxdUGof6vkaykE,One For The Road,AM,78bpIziExqiI9qztvNFlQu
7nzsY8vlnKdvGOEE0rjAXZ,Arabella,AM,78bpIziExqiI9qztvNFlQu
1j9rezdE3YeC7yktZXC1em,I Want It All,AM,78bpIziExqiI9qztvNFlQu
6MowG7MRVgPfGlCMsXKMJ2,Bird Set Free,This Is Acting,77jAfTh3KH9K2reMOmTgOh
25R5Tdr4K7ENb6umHzdCXn,Alive,This Is Acting,77jAfTh3KH9K2reMOmTgOh
1CGFyZ5fSRo0DhIJOLdHVM,One Million Bullets,This Is Acting,77jAfTh3KH9K2reMOmTgOh
73Mfgc0HTZeNCoNrDI46sJ,Move Your Body,This Is Acting,77jAfTh3KH9K2reMOmTgOh
1yvMUkIOTeUNtNWlWRgANS,Unstoppable,This Is Acting,77jAfTh3KH9K2reMOmTgOh
14hJ5tc1VCFMWhVn9axRTC,Life Of The Party,Handwritten,0CnQ0JQajNswRjPkNYVG8m
5jsw9uXEGuKyJzs0boZ1bT,Stitches,Handwritten,0CnQ0JQajNswRjPkNYVG8m
4LWIp8HAFxpfg37mnxHqCS,Never Be Alone,Handwritten,0CnQ0JQajNswRjPkNYVG8m
4Iz171BOalhbOxdlodJSJD,Kid In Love,Handwritten,0CnQ0JQajNswRjPkNYVG8m
1oiwANJpaXZxYkwvLWor4f,I Don't Even Know Your Name,Handwritten,0CnQ0JQajNswRjPkNYVG8m
7JJmb5XwzOO8jgpou264Ml,There's Nothing Holdin' Me Back,Illuminate (Deluxe),3wBabo4pmzsYjALMSKY7Iq
7FUXL9fOmUeZFGXvL5cYkR,Ruin,Illuminate (Deluxe),3wBabo4pmzsYjALMSKY7Iq
0AS63m1wHv9n4VVRizK6Hc,Mercy,Illuminate (Deluxe),3wBabo4pmzsYjALMSKY7Iq
48DKpTEVJ2pAjxQbWTad3q,Treat You Better,Illuminate (Deluxe),3wBabo4pmzsYjALMSKY7Iq
1Tt5Leqvv6OawH2jth05Rw,Three Empty Words,Illuminate (Deluxe),3wBabo4pmzsYjALMSKY7Iq
0ttF21hZCPw2merE3GsHcP,Curtains Up - Skit,The Eminem Show,2cWBwpqMsDJC1ZUwz813lo
15qrWkkYCfmtu1uRpGf48L,White America,The Eminem Show,2cWBwpqMsDJC1ZUwz813lo
0x60P5taxdI5pcGbqbap6S,Business,The Eminem Show,2cWBwpqMsDJC1ZUwz813lo
7BMO7O7ImjV8HNTH74Tshv,Cleanin' Out My Closet,The Eminem Show,2cWBwpqMsDJC1ZUwz813lo
27mgDrExPa3obPAYXd3yQg,Square Dance,The Eminem Show,2cWBwpqMsDJC1ZUwz813lo
2JzZzZUQj3Qff7wapcbKjc,See You Again (feat. Charlie Puth),See You Again (feat. Charlie Puth),5FXIqS1XqbpfOKNoi5VUwS
0EcQcdcbQeVJn9fknj44Be,I Like Me Better,I Like Me Better,7l6fTSFvlumnPFpOSrbnDV
6m9RExR1U4qZZYAgOatzSn,Best 4 U,Red Pill Blues (Deluxe),1Li4rADxSxjT2g4xqUcMYh
2j5hsQvApottzvTn4pFJWF,What Lovers Do (feat. SZA),Red Pill Blues (Deluxe),1Li4rADxSxjT2g4xqUcMYh
6AvfZXpbb6r35DfF7gHPRq,Wait,Red Pill Blues (Deluxe),1Li4rADxSxjT2g4xqUcMYh
5ezKhlg0ZwDPgOtMCoQt1S,Lips On You,Red Pill Blues (Deluxe),1Li4rADxSxjT2g4xqUcMYh
7HCnuwV7xCMfqljSUcgGci,Bet My Heart,Red Pill Blues (Deluxe),1Li4rADxSxjT2g4xqUcMYh
5kqIPrATaCc2LqxVWzQGbk,7 Years,Lukas Graham,4rFrdkSWs0dtj0rWPzOk1v
5xRBYte8zzJNmRfBgYIWnX,Take the World By Storm,Lukas Graham,4rFrdkSWs0dtj0rWPzOk1v
5ArQzSBevAdXTxRY6Ulhbq,Mama Said,Lukas Graham,4rFrdkSWs0dtj0rWPzOk1v
3Vq1gRj4U2HQ4uLBbT9y9U,Happy Home,Lukas Graham,4rFrdkSWs0dtj0rWPzOk1v
3xi7d2yGx09UKMAAr7A3az,Drunk in the Morning,Lukas Graham,4rFrdkSWs0dtj0rWPzOk1v
0mtdxzBRDbueLFpiwpbHKO,Sola,VIDA,5C0YLr4OoRGFDaqdMQmkeH
4v4pC1y5UI5oHdcluJIJs8,Apaga La Luz,VIDA,5C0YLr4OoRGFDaqdMQmkeH
0oBLtIumLel0ODRz09MIbV,Le Pido Al Cielo,VIDA,5C0YLr4OoRGFDaqdMQmkeH
4cuGZb0iFyHtwaSKdKrJkF,Imposible,VIDA,5C0YLr4OoRGFDaqdMQmkeH
1s2VGd7q3D3UA3vuaHI7rw,Poco A Poco,VIDA,5C0YLr4OoRGFDaqdMQmkeH
6UdhIn5jito25nOYZ5jWlA,Make It Mine,We Sing. We Dance. We Steal Things.,04G0YylSjvDQZrjOfE5jA5
1EzrEOXmMH3G43AXT1y7pA,I'm Yours,We Sing. We Dance. We Steal Things.,04G0YylSjvDQZrjOfE5jA5
0IktbUcnAGrvD03AWnz3Q8,Lucky,We Sing. We Dance. We Steal Things.,04G0YylSjvDQZrjOfE5jA5
7rrmHHc1kY9vkIZnXrcH7T,Butterfly,We Sing. We Dance. We Steal Things.,04G0YylSjvDQZrjOfE5jA5
0XIVmUXrwk0IjQEOWFnyn1,Live High,We Sing. We Dance. We Steal Things.,04G0YylSjvDQZrjOfE5jA5
57crda5Lx9OVaYCzb4Wrnd,CAN'T STOP,BLAME IT ON BABY,623PL2MBg50Br5dLXC9E9e
5gNOINI5dXZVom2b36LMOd,PICK UP (feat. Quavo),BLAME IT ON BABY,623PL2MBg50Br5dLXC9E9e
16oi4OiKmkO51l60F5R9kR,LIGHTSKIN SH*T (feat. Future & jetsonmade),BLAME IT ON BABY,623PL2MBg50Br5dLXC9E9e
3QSLoxRguKgK0knOG7EGyn,TALK ABOUT IT,BLAME IT ON BABY,623PL2MBg50Br5dLXC9E9e
6ChpgWt7s2ksM1Y3l0D9sk,SAD SH*T,BLAME IT ON BABY,623PL2MBg50Br5dLXC9E9e
05jQUgTm40hzAw5uqOy0ob,Intro,2014 Forest Hills Drive,7viNUmZZ8ztn2UB4XB3jIL
6LBpGdlukUARutol7VgWIS,January 28th,2014 Forest Hills Drive,7viNUmZZ8ztn2UB4XB3jIL
4tqcoej1zPvwePZCzuAjJd,Wet Dreamz,2014 Forest Hills Drive,7viNUmZZ8ztn2UB4XB3jIL
11qa6plS660rrrkf6VJ3cX,03’ Adolescence,2014 Forest Hills Drive,7viNUmZZ8ztn2UB4XB3jIL
52A8OAP8lTQKZCj4Rce92B,A Tale Of 2 Citiez,2014 Forest Hills Drive,7viNUmZZ8ztn2UB4XB3jIL
4gbVRS8gloEluzf0GzDOFc,Maps,V,2Auw0pTT6EcQdvHNimhLQI
2bL2gyO6kBdLkNSkxXNh6x,Animals,V,2Auw0pTT6EcQdvHNimhLQI
2PLo8T3kGE9URFvBy3tUdt,It Was Always You,V,2Auw0pTT6EcQdvHNimhLQI
1m39XApxHXb2UkGItyyIUO,Unkiss Me,V,2Auw0pTT6EcQdvHNimhLQI
2iuZJX9X9P0GKaE93xcPjk,Sugar,V,2Auw0pTT6EcQdvHNimhLQI
5ghIJDpPoe3CfHMGu71E6T,Smells Like Teen Spirit,Nevermind (Deluxe Edition),2uEf3r9i2bnxwJQsxQ0xQ7
30HCB1FoE77IfGRyNv4eFq,In Bloom,Nevermind (Deluxe Edition),2uEf3r9i2bnxwJQsxQ0xQ7
4P5KoWXOxwuobLmHXLMobV,Come As You Are,Nevermind (Deluxe Edition),2uEf3r9i2bnxwJQsxQ0xQ7
5mJGLBNJM0GULqAoL5mb9C,Breed,Nevermind (Deluxe Edition),2uEf3r9i2bnxwJQsxQ0xQ7
2YodwKJnbPyNKe8XXSE9V7,Lithium,Nevermind (Deluxe Edition),2uEf3r9i2bnxwJQsxQ0xQ7
